Datazone,Intermediate geography name,Multi-member ward name,2011 Scottish Parliamentary Constituencies,overall_deprivation_rank_2004,overall_deprivation_rank_2006,overall_deprivation_rank_2009,overall_deprivation_rank_2012,overall_local_rank_2004,overall_local_rank_2006,overall_local_rank_2009,overall_local_rank_2012
S01003025,Carmunnock South,Linn,Glasgow Cathcart,4812,4766,4557,4963,635,614,601,619
S01003026,Carmunnock South,Linn,Glasgow Cathcart,1507,1468,502,920,423,383,209,282
S01003027,Darnley East,Greater Pollok,Glasgow Pollok,4251,4739,4989,5378,606,612,628,648
S01003028,Glenwood South,Linn,Glasgow Cathcart,94,123,277,122,80,77,139,69
S01003029,Carmunnock South,Linn,Glasgow Cathcart,49,156,253,392,44,95,123,170
S01003030,Glenwood South,Linn,Glasgow Cathcart,70,480,483,533,61,223,202,204
S01003031,Glenwood South,Linn,Glasgow Cathcart,92,2755,3595,3870,78,503,546,557
S01003032,Glenwood South,Linn,Glasgow Cathcart,141,435,384,523,115,211,177,202
S01003033,Glenwood South,Linn,Glasgow Cathcart,152,171,321,345,124,106,156,156
S01003034,Darnley East,Greater Pollok,Glasgow Pollok,2752,3398,2989,3175,525,537,502,510
S01003035,Glenwood South,Linn,Glasgow Cathcart,112,229,296,295,94,127,148,143
S01003036,Glenwood South,Linn,Glasgow Cathcart,50,72,77,56,45,49,47,35
S01003037,Darnley West,Greater Pollok,Glasgow Pollok,3283,3453,3357,3997,558,540,526,564
S01003038,Darnley West,Greater Pollok,Glasgow Pollok,4660,4746,3828,4057,627,613,560,569
S01003039,Darnley East,Greater Pollok,Glasgow Pollok,277,429,364,614,198,209,170,225
S01003040,Castlemilk,Linn,Glasgow Cathcart,577,978,864,609,306,331,284,224
S01003041,Darnley West,Greater Pollok,Glasgow Pollok,3990,3782,3279,3930,596,561,519,563
S01003042,Glenwood North,Linn,Glasgow Cathcart,42,67,62,62,37,46,40,38
S01003043,Glenwood North,Linn,Glasgow Cathcart,35,3,6,22,31,2,5,15
S01003044,Glenwood North,Linn,Glasgow Cathcart,27,53,72,64,24,36,45,39
S01003045,Darnley East,Greater Pollok,Glasgow Pollok,326,374,315,334,227,188,152,152
S01003046,Glenwood North,Linn,Glasgow Cathcart,507,892,1304,1266,284,313,350,334
S01003047,Carmunnock South,Linn,Glasgow Cathcart,200,277,193,132,158,148,101,73
S01003048,Castlemilk,Linn,Glasgow Cathcart,247,368,378,280,181,187,175,138
S01003049,Castlemilk,Linn,Glasgow Cathcart,106,151,82,74,89,91,48,45
S01003050,Carmunnock North,Linn,Glasgow Cathcart,4341,4993,5142,5407,614,629,637,652
S01003051,Darnley North,Greater Pollok,Glasgow Pollok,710,854,900,1287,337,307,288,339
S01003052,Castlemilk,Linn,Glasgow Cathcart,221,261,400,264,169,141,181,132
S01003053,Darnley North,Greater Pollok,Glasgow Pollok,2094,2908,2754,2624,488,511,483,473
S01003054,Castlemilk,Linn,Glasgow Cathcart,1993,1704,1581,1414,474,407,380,355
S01003055,Carnwadric West,Newlands/Auldburn,Glasgow Cathcart,187,352,330,222,150,182,159,115
S01003056,Darnley East,Greater Pollok,Glasgow Pollok,165,147,293,260,134,89,147,130
S01003057,Castlemilk,Linn,Glasgow Cathcart,3150,2647,2384,2369,551,494,457,456
S01003058,Darnley West,Greater Pollok,Glasgow Pollok,314,885,1039,1364,221,310,312,349
S01003059,Muirend and Old Cathcart,Newlands/Auldburn,Glasgow Cathcart,5304,5504,5401,5659,660,663,651,662
S01003060,Glenwood North,Linn,Glasgow Cathcart,123,512,916,1205,102,236,291,326
S01003061,Carmunnock North,Linn,Glasgow Cathcart,4609,5017,5234,5046,624,631,643,624
S01003062,Darnley North,Greater Pollok,Glasgow Pollok,2069,1933,2081,2132,483,430,432,424
S01003063,Castlemilk,Linn,Glasgow Cathcart,2290,3263,2746,2258,499,526,482,440
S01003064,Carnwadric West,Newlands/Auldburn,Glasgow Cathcart,140,190,270,174,114,113,135,92
S01003065,Muirend and Old Cathcart,Linn,Glasgow Cathcart,3032,3884,3449,3180,546,566,534,511
S01003066,Muirend and Old Cathcart,Linn,Glasgow Cathcart,5249,6008,6095,6050,657,676,679,679
S01003067,Carmunnock North,Linn,Glasgow Cathcart,4179,4312,4421,4163,604,592,593,574
S01003068,Carmunnock North,Linn,Glasgow Cathcart,5588,5413,5449,6054,674,656,655,680
S01003069,Carnwadric East,Newlands/Auldburn,Glasgow Cathcart,1470,1969,2279,2166,421,436,449,429
S01003070,Carnwadric East,Newlands/Auldburn,Glasgow Cathcart,1710,2569,2398,2092,447,484,459,423
S01003071,Muirend and Old Cathcart,Newlands/Auldburn,Glasgow Cathcart,5897,6279,5522,5694,681,687,661,666
S01003072,Carnwadric West,Newlands/Auldburn,Glasgow Cathcart,500,890,651,551,282,312,242,210
S01003073,Kingspark South,Linn,Glasgow Cathcart,3717,4145,3038,3194,586,584,506,512
S01003074,Newlands,Newlands/Auldburn,Glasgow Cathcart,6106,6322,6123,5886,686,689,680,673
S01003075,Kingspark South,Linn,Glasgow Cathcart,2486,2560,1988,1999,509,482,426,415
S01003076,Carnwadric West,Newlands/Auldburn,Glasgow Cathcart,166,355,44,14,135,183,32,10
S01003077,Carnwadric East,Newlands/Auldburn,Glasgow Cathcart,592,1351,1288,1027,309,373,349,299
S01003078,Muirend and Old Cathcart,Newlands/Auldburn,Glasgow Cathcart,3593,4378,4413,3596,580,597,591,535
S01003079,Muirend and Old Cathcart,Linn,Glasgow Cathcart,4485,5194,4980,4728,617,644,627,600
S01003080,Kingspark South,Linn,Glasgow Cathcart,3419,3947,3528,2930,565,571,542,495
S01003081,Carnwadric West,Newlands/Auldburn,Glasgow Cathcart,4329,4985,4337,4851,612,627,586,609
S01003082,Nitshill,Greater Pollok,Glasgow Pollok,213,130,256,230,165,81,125,118
S01003083,Nitshill,Greater Pollok,Glasgow Pollok,558,381,488,405,302,192,205,174
S01003084,Nitshill,Greater Pollok,Glasgow Pollok,176,257,267,368,142,139,132,165
S01003085,Cathcart,Linn,Glasgow Cathcart,5260,5072,5128,5485,658,634,636,654
S01003086,Newlands,Newlands/Auldburn,Glasgow Cathcart,3446,3651,3353,3864,566,553,525,555
S01003087,Kingspark South,Linn,Glasgow Cathcart,2928,3113,3513,3275,542,517,541,519
S01003088,Nitshill,Greater Pollok,Glasgow Pollok,170,137,130,92,137,83,77,58
S01003089,Newlands,Newlands/Auldburn,Glasgow Cathcart,5591,5256,4831,5047,675,647,619,625
S01003090,Merrylee and Millbrae,Newlands/Auldburn,Glasgow Cathcart,2436,2731,2131,2260,508,501,438,441
S01003091,Kingspark South,Linn,Glasgow Cathcart,2986,3938,3207,3211,545,569,515,514
S01003092,Carnwadric East,Newlands/Auldburn,Glasgow Cathcart,1351,2011,1930,1857,410,443,421,403
S01003093,Newlands,Newlands/Auldburn,Glasgow Cathcart,545,715,618,635,298,282,236,228
S01003094,Merrylee and Millbrae,Newlands/Auldburn,Glasgow Cathcart,3201,2768,2829,2488,553,504,489,463
S01003095,Newlands,Newlands/Auldburn,Glasgow Cathcart,6333,6336,6257,6380,691,690,687,690
S01003096,Kingspark South,Linn,Glasgow Cathcart,4196,3973,3623,3883,605,573,548,558
S01003097,Crookston South,Greater Pollok,Glasgow Pollok,209,1786,2886,2297,163,416,495,449
S01003098,Cathcart,Langside,Glasgow Cathcart,1107,1993,1906,1545,384,440,419,371
S01003099,Nitshill,Greater Pollok,Glasgow Pollok,167,254,404,335,136,137,182,153
S01003100,Newlands,Newlands/Auldburn,Glasgow Cathcart,2031,2113,2137,2287,479,452,439,445
S01003101,Crookston South,Greater Pollok,Glasgow Pollok,489,800,747,953,275,298,265,285
S01003102,Kingspark North,Langside,Glasgow Rutherglen,4337,4405,4120,4294,613,599,573,581
S01003103,Kingspark North,Langside,Glasgow Cathcart,5244,5414,5308,5410,656,657,645,653
S01003104,Pollokshaws,Newlands/Auldburn,Glasgow Cathcart,654,797,828,705,326,296,277,244
S01003105,Kingspark North,Langside,Glasgow Rutherglen,3070,3574,3087,2873,548,551,509,489
S01003106,Newlands,Newlands/Auldburn,Glasgow Cathcart,5852,5657,5475,5613,679,670,658,659
S01003107,Crookston South,Greater Pollok,Glasgow Pollok,286,595,466,286,203,259,197,140
S01003108,Cathcart,Langside,Glasgow Cathcart,1338,1742,1759,1399,408,412,402,353
S01003109,Merrylee and Millbrae,Newlands/Auldburn,Glasgow Cathcart,5507,5429,5631,5729,672,659,669,668
S01003110,Merrylee and Millbrae,Newlands/Auldburn,Glasgow Cathcart,5942,6237,6161,5996,683,684,682,678
S01003111,Nitshill,Greater Pollok,Glasgow Pollok,223,293,232,188,170,156,115,101
S01003112,Cathcart,Langside,Glasgow Cathcart,4558,4911,4444,4613,621,624,595,596
S01003113,Kingspark North,Langside,Glasgow Rutherglen,4608,4573,4703,4792,623,604,610,606
S01003114,Mount Florida,Langside,Glasgow Cathcart,3649,4109,3783,3639,581,581,556,539
S01003115,Pollokshaws,Newlands/Auldburn,Glasgow Cathcart,3568,3322,4089,4267,578,531,571,579
S01003116,Cathcart,Langside,Glasgow Cathcart,1659,2068,2192,1738,442,446,443,392
S01003117,Battlefield,Langside,Glasgow Cathcart,1788,2477,2202,2067,454,476,445,420
S01003118,Pollokshaws,Newlands/Auldburn,Glasgow Govan,143,206,269,1420,117,119,134,357
S01003119,Kingspark North,Langside,Glasgow Rutherglen,2863,3340,2701,3223,535,533,479,515
S01003120,Pollok South and West,Greater Pollok,Glasgow Pollok,4863,4524,5027,4965,641,602,630,620
S01003121,Crookston South,Greater Pollok,Glasgow Pollok,199,384,318,304,157,194,155,147
S01003122,Toryglen and Oatlands,Southside Central,Glasgow Rutherglen,1246,1470,1790,2091,402,384,406,422
S01003123,Pollok South and West,Greater Pollok,Glasgow Pollok,3464,3930,3830,3730,570,568,561,548
S01003124,Battlefield,Langside,Glasgow Cathcart,3299,3761,4141,4208,560,560,575,578
S01003125,Langside,Langside,Glasgow Cathcart,2872,3224,3008,3618,536,524,505,538
S01003126,Pollokshaws,Newlands/Auldburn,Glasgow Govan,136,331,1778,1834,110,172,405,399
S01003127,Kingspark North,Langside,Glasgow Rutherglen,3098,3076,3480,2865,549,513,538,488
S01003128,Mount Florida,Langside,Glasgow Cathcart,1377,1434,1559,1387,413,378,377,351
S01003129,Langside,Langside,Glasgow Govan,3312,3540,3358,3436,561,549,527,526
S01003130,Mount Florida,Langside,Glasgow Cathcart,2813,3412,2607,2904,533,538,473,492
S01003131,Battlefield,Langside,Glasgow Cathcart,3555,4078,4658,4037,576,576,607,568
S01003132,Pollokshaws,Newlands/Auldburn,Glasgow Govan,226,317,807,834,172,165,274,268
S01003133,Langside,Langside,Glasgow Govan,5098,5100,4942,5099,649,636,623,629
S01003134,Toryglen and Oatlands,Southside Central,Glasgow Rutherglen,482,776,1141,1010,272,294,332,295
S01003135,Toryglen and Oatlands,Southside Central,Glasgow Rutherglen,804,1475,1610,1582,350,385,386,377
S01003136,Mount Florida,Langside,Glasgow Cathcart,2615,2572,3266,3519,518,485,518,533
S01003137,Shawlands East,Langside,Glasgow Govan,3265,3733,3814,3427,557,558,559,524
S01003138,Pollokshaws,Newlands/Auldburn,Glasgow Govan,440,833,1012,1173,263,303,309,322
S01003139,Shawlands West,Pollokshields,Glasgow Govan,4600,4804,5012,5077,622,617,629,628
S01003140,Crookston South,Greater Pollok,Glasgow Pollok,109,225,202,88,91,124,105,54
S01003141,Langside,Langside,Glasgow Govan,5155,5724,5897,5305,652,671,676,642
S01003142,Toryglen and Oatlands,Southside Central,Glasgow Rutherglen,303,424,446,503,214,208,195,198
S01003143,Mount Florida,Langside,Glasgow Cathcart,1860,2401,2243,2586,459,470,446,471
S01003144,Crookston North,Greater Pollok,Glasgow Pollok,707,1068,944,1157,336,348,295,318
S01003145,Carmyle and Mount Vernon South,Shettleston,Glasgow Baillieston,922,1363,1602,1528,367,374,385,368
S01003146,Shawlands East,Langside,Glasgow Govan,2917,3279,3883,3495,541,528,564,529
S01003147,Crookston North,Greater Pollok,Glasgow Pollok,1182,1736,1805,1580,393,411,410,376
S01003148,Carmyle and Mount Vernon South,Shettleston,Glasgow Baillieston,1219,1488,1461,1942,398,386,366,411
S01003149,Shawlands East,Langside,Glasgow Govan,2510,3174,3212,3328,512,522,517,521
S01003150,Toryglen and Oatlands,Southside Central,Glasgow Rutherglen,180,244,336,459,146,132,161,191
S01003151,Shettleston South,Shettleston,Glasgow Baillieston,1990,1809,2724,2231,473,420,481,435
S01003152,Battlefield,Southside Central,Glasgow Cathcart,1360,1569,1451,1415,411,395,364,356
S01003153,Maxwell Park,Pollokshields,Glasgow Govan,4676,5286,5326,5827,629,648,648,670
S01003154,Shawlands East,Langside,Glasgow Govan,2016,2515,2129,2451,477,478,437,461
S01003155,Pollok South and West,Greater Pollok,Glasgow Pollok,5670,5568,5712,5630,677,666,673,661
S01003156,Battlefield,Langside,Glasgow Cathcart,2523,2349,2500,2774,513,464,466,483
S01003157,Shawlands West,Pollokshields,Glasgow Govan,1666,1707,1850,2301,443,408,415,450
S01003158,Toryglen and Oatlands,Southside Central,Glasgow Rutherglen,13,40,25,346,13,27,17,157
S01003159,Toryglen and Oatlands,Southside Central,Glasgow Rutherglen,57,101,124,761,51,62,74,254
S01003160,Crookston North,Greater Pollok,Glasgow Pollok,323,315,485,290,225,164,203,141
S01003161,Crookston North,Greater Pollok,Glasgow Pollok,1009,1621,1520,1362,377,401,374,348
S01003162,Carmyle and Mount Vernon South,Shettleston,Glasgow Baillieston,310,379,498,806,218,191,207,262
S01003163,Maxwell Park,Pollokshields,Glasgow Govan,5348,6028,5407,5682,662,678,653,665
S01003164,Battlefield,Southside Central,Glasgow Shettleston,1645,1453,1820,2728,440,382,412,479
S01003165,Govanhill East and Aikenhead,Southside Central,Glasgow Shettleston,1583,1615,1706,1845,429,400,397,401
S01003166,Shawlands West,Pollokshields,Glasgow Govan,2731,2941,3802,3841,524,512,557,553
S01003167,Pollok South and West,Greater Pollok,Glasgow Pollok,164,466,522,452,133,220,213,190
S01003168,Shawlands West,Pollokshields,Glasgow Govan,2715,3163,3460,4652,523,521,536,597
S01003169,Pollok South and West,Greater Pollok,Glasgow Pollok,2125,2389,3543,3499,492,469,544,530
S01003170,Maxwell Park,Pollokshields,Glasgow Govan,4091,4269,3843,4136,602,590,562,572
S01003171,Maxwell Park,Pollokshields,Glasgow Govan,4717,5118,4684,4744,631,638,609,603
S01003172,Strathbungo,Southside Central,Glasgow Shettleston,1712,2104,2369,2187,448,451,453,430
S01003173,Strathbungo,Southside Central,Glasgow Govan,2330,3319,2765,3098,500,530,485,505
S01003174,Govanhill West,Southside Central,Glasgow Shettleston,1574,1745,1312,2226,428,413,352,434
S01003175,Govanhill East and Aikenhead,Southside Central,Glasgow Shettleston,517,623,456,695,289,265,196,242
S01003176,Strathbungo,Southside Central,Glasgow Govan,1584,966,1490,2070,430,330,371,421
S01003177,Strathbungo,Pollokshields,Glasgow Govan,4421,4695,4795,4355,615,610,615,583
S01003178,Mosspark,Craigton,Glasgow Pollok,289,880,1255,1273,206,309,346,335
S01003179,Govanhill West,Southside Central,Glasgow Shettleston,1382,2078,1648,2641,415,447,390,476
S01003180,Shettleston South,Shettleston,Glasgow Shettleston,3047,4092,4385,4507,547,577,589,589
S01003181,Pollok North and East,Craigton,Glasgow Pollok,272,522,561,439,195,238,224,184
S01003182,Pollok North and East,Greater Pollok,Glasgow Pollok,188,279,511,293,151,149,212,142
S01003183,Strathbungo,Southside Central,Glasgow Govan,1624,1948,2946,2283,435,432,500,443
S01003184,Pollok North and East,Craigton,Glasgow Pollok,69,167,170,105,60,104,91,63
S01003185,Govanhill East and Aikenhead,Southside Central,Glasgow Shettleston,216,159,123,427,167,98,73,182
S01003186,Maxwell Park,Pollokshields,Glasgow Govan,5264,5450,4589,4770,659,660,603,605
S01003187,Strathbungo,Pollokshields,Glasgow Govan,3256,3666,3456,3234,556,556,535,516
S01003188,Govanhill West,Southside Central,Glasgow Shettleston,607,941,1282,1170,313,327,347,321
S01003189,Govanhill West,Southside Central,Glasgow Shettleston,1203,1731,1654,1960,396,410,391,413
S01003190,Govanhill East and Aikenhead,Southside Central,Glasgow Shettleston,435,402,290,361,260,201,145,163
S01003191,Govanhill West,Southside Central,Glasgow Shettleston,761,495,972,1159,344,227,301,319
S01003192,Strathbungo,Southside Central,Glasgow Govan,935,1272,1007,1482,368,370,308,365
S01003193,Baillieston East,Baillieston,Glasgow Baillieston,1975,2769,3415,3692,471,505,531,543
S01003194,Braidfauld,Shettleston,Glasgow Shettleston,139,227,264,153,113,126,129,81
S01003195,Carmyle and Mount Vernon South,Shettleston,Glasgow Baillieston,2497,3191,3086,3107,510,523,508,506
S01003196,Maxwell Park,Pollokshields,Glasgow Govan,4761,5287,4175,4345,633,649,580,582
S01003197,Mount Vernon North and Sandyhills,Shettleston,Glasgow Baillieston,4051,4337,4468,3912,600,593,597,561
S01003198,Govanhill East and Aikenhead,Southside Central,Glasgow Shettleston,417,405,369,639,255,203,173,229
S01003199,Shettleston South,Shettleston,Glasgow Shettleston,1859,1568,1630,1521,458,394,389,366
S01003200,Govanhill West,Southside Central,Glasgow Shettleston,889,1114,1214,1475,364,353,343,364
S01003201,Dalmarnock,Calton,Glasgow Shettleston,21,547,1168,1334,18,247,334,343
S01003202,Toryglen and Oatlands,Southside Central,Glasgow Shettleston,89,109,108,218,75,69,64,113
S01003203,Mosspark,Craigton,Glasgow Pollok,1485,2235,1764,1452,422,459,404,361
S01003204,Pollok North and East,Craigton,Glasgow Pollok,512,845,892,801,286,306,287,259
S01003205,Dalmarnock,Calton,Glasgow Shettleston,11,66,86,87,11,45,51,53
S01003206,Govanhill West,Southside Central,Glasgow Shettleston,396,404,415,488,250,202,186,196
S01003207,Pollokshields East,Pollokshields,Glasgow Govan,1676,2156,1577,2193,446,456,378,432
S01003208,Braidfauld,Calton,Glasgow Shettleston,23,17,18,38,20,13,12,27
S01003209,Mosspark,Craigton,Glasgow Pollok,1607,2136,2101,2584,433,454,435,470
S01003210,Maxwell Park,Pollokshields,Glasgow Govan,4692,4498,4062,4395,630,601,569,586
S01003211,Pollokshields East,Pollokshields,Glasgow Govan,1625,2582,1842,2508,436,487,414,466
S01003212,Mount Vernon North and Sandyhills,Baillieston,Glasgow Baillieston,3664,3811,4549,4126,582,563,600,571
S01003213,Braidfauld,Shettleston,Glasgow Shettleston,828,918,704,897,355,321,254,279
S01003214,Baillieston West,Baillieston,Glasgow Baillieston,971,1188,1084,1019,372,363,320,298
S01003215,Pollok North and East,Craigton,Glasgow Pollok,478,1031,947,881,271,339,297,277
S01003216,Cardonald West and Central,Craigton,Glasgow Pollok,1917,2576,2076,1689,467,486,431,386
S01003217,Dalmarnock,Calton,Glasgow Shettleston,24,19,45,37,21,14,33,26
S01003218,Cardonald South and East,Craigton,Glasgow Pollok,1856,2460,2173,1712,457,473,442,388
S01003219,Mosspark,Craigton,Glasgow Pollok,1892,2632,2848,2715,465,491,490,478
S01003220,Pollokshields East,Pollokshields,Glasgow Govan,1621,1861,1184,1796,434,426,335,398
S01003221,Cardonald South and East,Craigton,Glasgow Pollok,210,387,367,362,164,196,172,164
S01003222,Pollokshields East,Pollokshields,Glasgow Govan,1361,1992,1432,2195,412,439,362,433
S01003223,Braidfauld,Shettleston,Glasgow Shettleston,173,347,414,242,139,181,185,123
S01003224,Mount Vernon North and Sandyhills,Shettleston,Glasgow Baillieston,4897,5111,5228,5151,642,637,642,634
S01003225,Gorbals and Hutchesontown,Southside Central,Glasgow Shettleston,145,238,178,155,118,129,93,83
S01003226,Braidfauld,Calton,Glasgow Shettleston,158,263,237,227,130,142,118,116
S01003227,Pollokshields East,Pollokshields,Glasgow Govan,1739,1836,1470,2274,451,424,367,442
S01003228,Braidfauld,Shettleston,Glasgow Shettleston,402,559,687,813,251,251,249,265
S01003229,Pollokshields West,Pollokshields,Glasgow Govan,4823,5884,5455,5695,636,673,657,667
S01003230,Mosspark,Craigton,Glasgow Pollok,1454,1756,1926,2234,419,414,420,436
S01003231,Baillieston West,Baillieston,Glasgow Baillieston,627,742,879,865,320,284,286,274
S01003232,Laurieston and Tradeston,Southside Central,Glasgow Shettleston,71,68,109,84,62,47,65,51
S01003233,Mount Vernon North and Sandyhills,Shettleston,Glasgow Baillieston,5051,5184,5258,5366,647,643,644,647
S01003234,Pollokshields West,Pollokshields,Glasgow Govan,3761,4527,4164,4765,589,603,579,604
S01003235,Shettleston South,Shettleston,Glasgow Shettleston,1823,2536,2473,2418,456,479,464,459
S01003236,Pollokshields West,Pollokshields,Glasgow Govan,1057,1844,1207,2246,380,425,342,438
S01003237,Baillieston West,Baillieston,Glasgow Baillieston,412,653,690,606,253,270,251,223
S01003238,Cardonald West and Central,Craigton,Glasgow Pollok,2429,2699,2071,1773,505,499,430,395
S01003239,Cardonald South and East,Craigton,Glasgow Pollok,1651,1958,1578,1291,441,434,379,340
S01003240,Cardonald West and Central,Craigton,Glasgow Pollok,3888,3868,3875,3440,595,564,563,527
S01003241,Shettleston South,Shettleston,Glasgow Shettleston,2902,3658,4150,4391,537,554,577,585
S01003242,Kingston West and Dumbreck,Govan,Glasgow Govan,1930,2243,2123,1885,469,461,436,406
S01003243,Cardonald West and Central,Craigton,Glasgow Pollok,2083,2140,1981,1841,486,455,424,400
S01003244,Baillieston East,Baillieston,Glasgow Baillieston,300,421,421,443,213,207,188,185
S01003245,Gorbals and Hutchesontown,Southside Central,Glasgow Shettleston,45,99,165,215,40,61,88,110
S01003246,Shettleston North,Shettleston,Glasgow Shettleston,191,208,122,72,153,120,72,43
S01003247,Parkhead East and Braidfauld North,Calton,Glasgow Shettleston,251,434,592,553,184,210,233,212
S01003248,"Calton, Gallowgate and Bridgeton",Calton,Glasgow Shettleston,299,241,283,544,212,130,142,209
S01003249,Parkhead East and Braidfauld North,Shettleston,Glasgow Shettleston,1096,1597,1185,1001,383,398,336,293
S01003250,Mosspark,Craigton,Glasgow Pollok,1532,1924,1710,1938,425,429,398,410
S01003251,Dalmarnock,Calton,Glasgow Shettleston,87,114,113,85,74,72,67,52
S01003252,Baillieston West,Baillieston,Glasgow Baillieston,4269,4349,4758,4866,609,595,612,611
S01003253,Parkhead West and Barrowfield,Calton,Glasgow Shettleston,15,8,7,5,14,4,6,3
S01003254,Dalmarnock,Calton,Glasgow Shettleston,30,45,99,119,27,31,57,67
S01003255,Cardonald South and East,Craigton,Glasgow Pollok,1637,1824,1660,1337,439,423,393,344
S01003256,Pollokshields West,Pollokshields,Glasgow Govan,228,226,197,195,173,125,102,104
S01003257,Pollokshields West,Pollokshields,Glasgow Govan,2709,3639,2996,3387,522,552,503,522
S01003258,Baillieston West,Baillieston,Glasgow Baillieston,3727,3952,4535,4487,587,572,599,588
S01003259,Baillieston East,Baillieston,Glasgow Baillieston,2909,3373,3330,3094,539,535,524,504
S01003260,Mount Vernon North and Sandyhills,Shettleston,Glasgow Baillieston,4262,4398,4794,5146,608,598,614,633
S01003261,Cardonald West and Central,Craigton,Glasgow Pollok,4748,4857,4969,4850,632,620,626,608
S01003262,Tollcross,Shettleston,Glasgow Shettleston,367,386,479,449,240,195,200,189
S01003263,Parkhead West and Barrowfield,Calton,Glasgow Shettleston,134,155,298,297,109,94,149,145
S01003264,Mosspark,Govan,Glasgow Pollok,1740,2327,2386,2150,452,463,458,427
S01003265,Cardonald West and Central,Craigton,Glasgow Pollok,2413,2507,2893,2634,504,477,497,475
S01003266,Tollcross,Shettleston,Glasgow Shettleston,801,1011,987,1196,348,336,305,325
S01003267,Shettleston North,Shettleston,Glasgow Shettleston,831,1067,1048,693,357,347,313,241
S01003268,Gorbals and Hutchesontown,Southside Central,Glasgow Shettleston,1229,1539,1969,1878,401,393,423,404
S01003269,Parkhead East and Braidfauld North,Shettleston,Glasgow Shettleston,595,545,589,370,310,246,231,166
S01003270,"Calton, Gallowgate and Bridgeton",Calton,Glasgow Shettleston,437,162,313,238,261,100,151,122
S01003271,"Calton, Gallowgate and Bridgeton",Calton,Glasgow Shettleston,553,669,1082,1117,299,273,319,313
S01003272,Gorbals and Hutchesontown,Southside Central,Glasgow Shettleston,16,194,273,384,15,114,137,168
S01003273,Parkhead West and Barrowfield,Calton,Glasgow Shettleston,74,43,54,34,64,30,37,23
S01003274,Laurieston and Tradeston,Southside Central,Glasgow Shettleston,9,163,201,89,9,101,104,55
S01003275,Shettleston North,Shettleston,Glasgow Shettleston,645,701,732,882,321,278,260,278
S01003276,Garrowhill West,Baillieston,Glasgow Baillieston,5482,5180,5511,5324,671,642,660,644
S01003277,Baillieston East,Baillieston,Glasgow Baillieston,1228,1186,1455,1446,400,361,365,360
S01003278,Cardonald North,Craigton,Glasgow Pollok,2671,3343,2793,2907,521,534,487,493
S01003279,Parkhead West and Barrowfield,Calton,Glasgow Shettleston,8,62,1,7,8,42,1,5
S01003280,Kingston West and Dumbreck,Govan,Glasgow Govan,2821,2377,2195,2024,534,467,444,416
S01003281,Tollcross,Shettleston,Glasgow Shettleston,347,360,1117,649,236,185,327,232
S01003282,Cardonald West and Central,Craigton,Glasgow Pollok,4279,4245,4307,4513,610,588,584,590
S01003283,Garrowhill West,Baillieston,Glasgow Baillieston,3846,4242,4408,3859,593,587,590,554
S01003284,Craigton,Govan,Glasgow Pollok,977,1163,1422,840,375,358,360,270
S01003285,Gorbals and Hutchesontown,Southside Central,Glasgow Shettleston,197,330,325,1591,156,171,158,379
S01003286,Kingston West and Dumbreck,Pollokshields,Glasgow Govan,620,834,822,1017,316,304,276,297
S01003287,Cardonald North,Craigton,Glasgow Pollok,416,464,588,423,254,219,230,180
S01003288,Garrowhill West,Baillieston,Glasgow Baillieston,5315,5098,5406,4932,661,635,652,617
S01003289,Parkhead East and Braidfauld North,Shettleston,Glasgow Shettleston,250,107,1205,831,183,67,341,267
S01003290,Tollcross,Shettleston,Glasgow Shettleston,1224,1239,833,652,399,364,279,234
S01003291,Penilee,Craigton,Glasgow Pollok,269,299,254,296,193,158,124,144
S01003292,Garrowhill West,Baillieston,Glasgow Baillieston,3703,3468,3635,3691,584,543,549,542
S01003293,Shettleston North,Shettleston,Glasgow Shettleston,131,186,238,108,107,112,119,64
S01003294,Craigton,Govan,Glasgow Pollok,829,814,914,1092,356,300,290,310
S01003295,Greenfield,Shettleston,Glasgow Baillieston,3503,4057,4158,4173,575,575,578,576
S01003296,Parkhead West and Barrowfield,Shettleston,Glasgow Shettleston,26,10,28,24,23,6,20,16
S01003297,Gorbals and Hutchesontown,Southside Central,Glasgow Shettleston,101,86,184,176,85,53,95,94
S01003298,Hillington,Craigton,Glasgow Pollok,3471,2899,3321,2338,571,510,523,454
S01003299,Parkhead East and Braidfauld North,Shettleston,Glasgow Shettleston,25,307,29,266,22,160,21,133
S01003300,Baillieston East,Baillieston,Glasgow Baillieston,2260,2753,2937,2510,495,502,499,467
S01003301,Tollcross,Shettleston,Glasgow Shettleston,372,271,316,197,243,145,153,105
S01003302,Laurieston and Tradeston,Southside Central,Glasgow Shettleston,7,24,291,185,7,19,146,99
S01003303,Laurieston and Tradeston,Govan,Glasgow Govan,649,504,1218,1552,324,232,344,372
S01003304,Kingston West and Dumbreck,Govan,Glasgow Govan,1721,2471,2517,2501,449,475,467,465
S01003305,Shettleston North,Baillieston,Glasgow Baillieston,3252,3331,2652,2035,555,532,477,417
S01003306,Craigton,Govan,Glasgow Pollok,869,1260,1091,975,361,367,322,288
S01003307,Cardonald North,Craigton,Glasgow Pollok,449,644,634,499,266,269,237,197
S01003308,Penilee,Craigton,Glasgow Pollok,524,636,686,924,291,267,248,283
S01003309,Old Shettleston and Parkhead North,Shettleston,Glasgow Shettleston,90,31,50,58,76,23,35,36
S01003310,Cardonald North,Craigton,Glasgow Pollok,1466,1693,1612,1352,420,405,387,347
S01003311,Garrowhill West,Baillieston,Glasgow Baillieston,4258,4672,4828,4705,607,609,618,599
S01003312,Penilee,Craigton,Glasgow Pollok,257,497,666,856,188,229,246,273
S01003313,Parkhead West and Barrowfield,Calton,Glasgow Shettleston,18,213,104,77,17,121,60,47
S01003314,Parkhead West and Barrowfield,Calton,Glasgow Shettleston,102,13,69,42,86,9,43,28
S01003315,Kinning Park and Festival Park,Govan,Glasgow Govan,2104,2586,2409,2252,490,488,460,439
S01003316,Ibrox East and Cessnock,Govan,Glasgow Govan,623,835,970,934,317,305,300,284
S01003317,Barlanark,Baillieston,Glasgow Baillieston,2534,2606,2615,2139,514,490,474,425
S01003318,Garrowhill East and Swinton,Baillieston,Glasgow Baillieston,3450,4098,4424,4073,567,578,594,570
S01003319,Craigton,Govan,Glasgow Govan,32,500,2354,5108,29,230,452,632
S01003320,Kinning Park and Festival Park,Govan,Glasgow Govan,1594,2383,3301,3119,431,468,520,508
S01003321,Garrowhill East and Swinton,Baillieston,Glasgow Baillieston,3157,3526,3414,3689,552,548,530,541
S01003322,Ibrox East and Cessnock,Govan,Glasgow Govan,616,760,664,1003,315,289,245,294
S01003323,Garrowhill West,Baillieston,Glasgow Baillieston,4283,4247,4274,4589,611,589,583,592
S01003324,Ibrox East and Cessnock,Govan,Glasgow Govan,205,328,797,1562,160,170,273,373
S01003325,Hillington,Craigton,Glasgow Pollok,3692,3684,3806,2955,583,557,558,498
S01003326,Cardonald North,Craigton,Glasgow Pollok,759,754,655,567,343,288,243,217
S01003327,Kinning Park and Festival Park,Govan,Glasgow Govan,597,821,858,967,311,301,282,286
S01003328,"Calton, Gallowgate and Bridgeton",Calton,Glasgow Shettleston,1293,1326,2155,2928,404,372,440,494
S01003329,Greenfield,Baillieston,Glasgow Baillieston,1332,1120,1532,1656,406,355,375,383
S01003330,Garrowhill East and Swinton,Baillieston,Glasgow Baillieston,5120,5350,5623,5317,651,651,667,643
S01003331,"Calton, Gallowgate and Bridgeton",Calton,Glasgow Shettleston,83,92,106,231,71,56,62,119
S01003332,Barlanark,Baillieston,Glasgow Baillieston,249,454,604,818,182,215,234,266
S01003333,"Calton, Gallowgate and Bridgeton",Calton,Glasgow Shettleston,51,295,408,356,46,157,183,161
S01003334,Penilee,Craigton,Glasgow Pollok,493,764,861,1031,278,290,283,300
S01003335,"Calton, Gallowgate and Bridgeton",Calton,Glasgow Shettleston,685,705,1126,1443,331,279,329,359
S01003336,Greenfield,Baillieston,Glasgow Baillieston,174,172,222,129,140,107,110,72
S01003337,Old Shettleston and Parkhead North,East Centre,Glasgow Baillieston,43,21,13,25,38,16,10,17
S01003338,Kinning Park and Festival Park,Govan,Glasgow Govan,1150,1813,1600,2312,390,422,383,451
S01003339,Hillington,Craigton,Glasgow Pollok,2081,1986,2251,1927,485,438,447,409
S01003340,Greenfield,Baillieston,Glasgow Baillieston,657,798,739,650,327,297,263,233
S01003341,Garrowhill East and Swinton,Baillieston,Glasgow Baillieston,4502,4669,4955,4852,618,608,625,610
S01003342,Gallowgate North and Bellgrove,Calton,Glasgow Shettleston,22,52,42,151,19,35,30,80
S01003343,Barlanark,Baillieston,Glasgow Baillieston,67,65,117,121,58,44,69,68
S01003344,Penilee,Craigton,Glasgow Pollok,427,1888,2763,2593,258,427,484,472
S01003345,Hillington,Craigton,Glasgow Pollok,2113,2103,1723,1300,491,450,400,341
S01003346,Craigton,Govan,Glasgow Govan,497,617,533,589,280,263,219,220
S01003347,Carntyne West and Haghill,Calton,Glasgow Shettleston,31,7,43,33,28,3,31,22
S01003348,Kinning Park and Festival Park,Govan,Glasgow Govan,1628,2467,2456,2333,437,474,462,453
S01003349,Drumoyne and Shieldhall,Govan,Glasgow Govan,63,157,389,541,55,96,178,208
S01003350,Penilee,Craigton,Glasgow Pollok,296,453,1090,1105,211,214,321,311
S01003351,Ibrox East and Cessnock,Govan,Glasgow Govan,254,568,575,508,186,254,227,200
S01003352,Barlanark,Baillieston,Glasgow Baillieston,287,149,132,283,204,90,78,139
S01003353,Carntyne West and Haghill,Calton,Glasgow Springburn,129,141,169,273,106,86,90,136
S01003354,Old Shettleston and Parkhead North,East Centre,Glasgow Baillieston,175,281,317,277,141,150,154,137
S01003355,Gallowgate North and Bellgrove,Calton,Glasgow Springburn,690,917,1081,1276,332,320,318,336
S01003356,Gallowgate North and Bellgrove,Calton,Glasgow Springburn,245,243,191,146,180,131,99,77
S01003357,Ibrox,Govan,Glasgow Govan,17,41,83,471,16,28,49,193
S01003358,City Centre East,Anderston/City,Glasgow Kelvin,1149,1149,1309,1847,389,357,351,402
S01003359,Garrowhill East and Swinton,Baillieston,Glasgow Baillieston,4800,5547,5194,5100,634,665,640,630
S01003360,Barlanark,Baillieston,Glasgow Baillieston,1386,1593,1667,1670,416,397,396,384
S01003361,Greenfield,Baillieston,Glasgow Baillieston,285,526,558,581,202,239,223,219
S01003362,Penilee,Craigton,Glasgow Pollok,528,766,811,579,292,291,275,218
S01003363,Greenfield,Baillieston,Glasgow Baillieston,537,893,854,726,295,314,281,247
S01003364,Govan and Linthouse,Govan,Glasgow Govan,39,36,302,248,34,25,150,124
S01003365,Ibrox,Govan,Glasgow Govan,242,340,737,741,177,178,262,251
S01003366,City Centre East,Anderston/City,Glasgow Kelvin,2903,3940,4148,4833,538,570,576,607
S01003367,Govan and Linthouse,Govan,Glasgow Govan,29,23,22,35,26,18,16,24
S01003368,Gallowgate North and Bellgrove,Calton,Glasgow Shettleston,2383,1269,4049,4919,502,368,568,614
S01003369,Old Shettleston and Parkhead North,East Centre,Glasgow Baillieston,313,438,564,400,220,212,225,172
S01003370,Dennistoun,East Centre,Glasgow Springburn,2432,3506,3384,3868,506,546,528,556
S01003371,Dennistoun,East Centre,Glasgow Springburn,1335,2642,3717,3272,407,493,555,518
S01003372,"Cranhill, Lightburn and Queenslie South",Baillieston,Glasgow Baillieston,334,322,266,373,231,167,131,167
S01003373,City Centre West,Anderston/City,Glasgow Kelvin,110,94,366,555,92,57,171,213
S01003374,Barlanark,Baillieston,Glasgow Baillieston,149,292,265,199,122,155,130,106
S01003375,Drumoyne and Shieldhall,Govan,Glasgow Govan,1136,1611,1663,1537,386,399,394,369
S01003376,Barlanark,Baillieston,Glasgow Baillieston,171,97,94,49,138,59,56,30
S01003377,"Cranhill, Lightburn and Queenslie South",Baillieston,Glasgow Baillieston,581,594,764,767,307,258,268,255
S01003378,Carntyne West and Haghill,East Centre,Glasgow Springburn,132,556,777,750,108,250,272,252
S01003379,North Barlanark and Easterhouse South,Baillieston,Glasgow Baillieston,1,12,27,10,1,8,19,6
S01003380,Dennistoun,East Centre,Glasgow Springburn,1380,2066,2374,2936,414,445,455,497
S01003381,Carntyne West and Haghill,East Centre,Glasgow Springburn,1157,1507,1715,1651,392,388,399,382
S01003382,Anderston,Anderston/City,Glasgow Kelvin,307,1063,1831,2773,216,345,413,482
S01003383,"Cranhill, Lightburn and Queenslie South",East Centre,Glasgow Baillieston,880,1065,1120,1226,362,346,328,329
S01003384,Drumoyne and Shieldhall,Govan,Glasgow Govan,810,904,1006,715,352,317,307,246
S01003385,Dennistoun,East Centre,Glasgow Springburn,2267,3087,3681,3292,496,515,553,520
S01003386,Drumoyne and Shieldhall,Govan,Glasgow Govan,458,597,638,420,268,260,239,178
S01003387,Carntyne West and Haghill,East Centre,Glasgow Springburn,428,414,370,399,259,204,174,171
S01003388,Ibrox,Govan,Glasgow Govan,126,181,150,177,104,111,82,95
S01003389,Carntyne West and Haghill,East Centre,Glasgow Springburn,178,121,185,175,144,76,96,93
S01003390,North Barlanark and Easterhouse South,Baillieston,Glasgow Baillieston,44,15,33,36,39,11,23,25
S01003391,Dennistoun,East Centre,Glasgow Springburn,378,269,281,169,245,144,141,90
S01003392,Dennistoun North and Alexandra Parade,East Centre,Glasgow Springburn,1137,1700,2100,2292,387,406,434,447
S01003393,Carntyne,East Centre,Glasgow Springburn,556,768,980,808,301,292,304,263
S01003394,Easterhouse East,North East,Glasgow Baillieston,423,777,931,760,256,295,293,253
S01003395,Dennistoun North and Alexandra Parade,East Centre,Glasgow Springburn,1867,2355,2920,2990,462,465,498,502
S01003396,Govan and Linthouse,Govan,Glasgow Govan,161,140,226,424,132,85,112,181
S01003397,North Barlanark and Easterhouse South,Baillieston,Glasgow Baillieston,47,16,21,27,42,12,15,19
S01003398,Easterhouse East,North East,Glasgow Baillieston,570,562,500,341,303,252,208,154
S01003399,City Centre East,Anderston/City,Glasgow Kelvin,2287,3454,3953,4029,498,541,567,567
S01003400,Carntyne,East Centre,Glasgow Springburn,626,952,774,805,319,328,271,261
S01003401,"Cranhill, Lightburn and Queenslie South",East Centre,Glasgow Baillieston,80,70,41,12,69,48,29,8
S01003402,Central Easterhouse,North East,Glasgow Baillieston,79,37,35,11,68,26,24,7
S01003403,Finnieston and Kelvinhaugh,Anderston/City,Glasgow Kelvin,496,1187,1619,2036,279,362,388,418
S01003404,"Cranhill, Lightburn and Queenslie South",East Centre,Glasgow Baillieston,120,165,103,78,100,102,59,48
S01003405,Easterhouse East,North East,Glasgow Baillieston,598,907,1071,849,312,318,317,271
S01003406,Dennistoun North and Alexandra Parade,East Centre,Glasgow Springburn,1049,1626,1799,1880,378,402,409,405
S01003407,Carntyne,East Centre,Glasgow Springburn,863,1290,1582,1409,360,371,381,354
S01003408,Anderston,Anderston/City,Glasgow Kelvin,371,551,536,1051,242,248,220,304
S01003409,Dennistoun North and Alexandra Parade,East Centre,Glasgow Springburn,974,1518,2273,2353,374,391,448,455
S01003410,City Centre West,Anderston/City,Glasgow Kelvin,1530,2210,2372,2834,424,458,454,485
S01003411,Drumoyne and Shieldhall,Govan,Glasgow Govan,406,462,490,406,252,218,206,175
S01003412,Govan and Linthouse,Govan,Glasgow Govan,362,682,849,733,239,274,280,249
S01003413,"Cranhill, Lightburn and Queenslie South",East Centre,Glasgow Baillieston,491,656,699,1076,277,271,253,307
S01003414,Easterhouse East,North East,Glasgow Baillieston,255,176,259,158,187,108,126,85
S01003415,City Centre East,Anderston/City,Glasgow Kelvin,805,1184,2037,2065,351,360,429,419
S01003416,City Centre East,Anderston/City,Glasgow Springburn,150,248,186,165,123,134,97,86
S01003417,Dennistoun North and Alexandra Parade,East Centre,Glasgow Springburn,1728,2239,2717,2629,450,460,480,474
S01003418,Govan and Linthouse,Govan,Glasgow Govan,108,178,119,134,90,109,70,74
S01003419,Craigend and Ruchazie,East Centre,Glasgow Baillieston,65,57,36,55,56,39,25,34
S01003420,North Barlanark and Easterhouse South,North East,Glasgow Baillieston,28,143,278,739,25,87,140,250
S01003421,"Cranhill, Lightburn and Queenslie South",East Centre,Glasgow Baillieston,324,356,139,217,226,184,81,112
S01003422,Dennistoun North and Alexandra Parade,East Centre,Glasgow Springburn,261,503,766,1077,189,231,269,308
S01003423,Anderston,Anderston/City,Glasgow Kelvin,3345,4341,4706,4169,563,594,611,575
S01003424,Drumoyne and Shieldhall,Govan,Glasgow Govan,373,336,324,166,244,176,157,87
S01003425,Finnieston and Kelvinhaugh,Anderston/City,Glasgow Kelvin,1979,3442,3303,3733,472,539,521,549
S01003426,Dennistoun North and Alexandra Parade,East Centre,Glasgow Springburn,1151,1367,1495,1574,391,375,372,375
S01003427,Carntyne,East Centre,Glasgow Springburn,529,575,708,645,293,255,257,231
S01003428,"Cranhill, Lightburn and Queenslie South",East Centre,Glasgow Baillieston,6,42,26,53,6,29,18,33
S01003429,Finnieston and Kelvinhaugh,Anderston/City,Glasgow Kelvin,3491,4960,5681,5589,574,625,671,657
S01003430,Anderston,Anderston/City,Glasgow Kelvin,2067,2368,3502,3155,482,466,539,509
S01003431,Riddrie and Hogganfield,East Centre,Glasgow Springburn,382,541,471,385,246,245,199,169
S01003432,Finnieston and Kelvinhaugh,Anderston/City,Glasgow Kelvin,2977,4964,4951,4153,544,626,624,573
S01003433,City Centre West,Anderston/City,Glasgow Kelvin,3488,2541,3404,3788,572,480,529,550
S01003434,Central Easterhouse,North East,Glasgow Baillieston,116,144,174,118,97,88,92,66
S01003435,Central Easterhouse,North East,Glasgow Baillieston,48,55,68,90,43,37,42,56
S01003436,Drumoyne and Shieldhall,Govan,Glasgow Govan,2394,1515,1102,1590,503,390,325,378
S01003437,Finnieston and Kelvinhaugh,Anderston/City,Glasgow Kelvin,2939,3275,4320,4736,543,527,585,601
S01003438,Finnieston and Kelvinhaugh,Anderston/City,Glasgow Kelvin,2019,3459,4465,4899,478,542,596,613
S01003439,City Centre East,Anderston/City,Glasgow Kelvin,125,158,192,216,103,97,100,111
S01003440,Riddrie and Hogganfield,East Centre,Glasgow Springburn,737,923,1202,795,341,323,340,258
S01003441,Govan and Linthouse,Govan,Glasgow Govan,111,98,211,124,93,60,107,71
S01003442,"Roystonhill, Blochairn, and Provanmill",Springburn,Glasgow Springburn,76,195,347,602,66,115,164,222
S01003443,"Roystonhill, Blochairn, and Provanmill",Springburn,Glasgow Springburn,72,75,154,332,63,50,84,151
S01003444,"Garthamlock, Auchinlea and Gartloch",North East,Glasgow Baillieston,53,51,20,30,48,34,14,21
S01003445,"Roystonhill, Blochairn, and Provanmill",Springburn,Glasgow Springburn,208,273,832,985,162,146,278,290
S01003446,City Centre West,Anderston/City,Glasgow Kelvin,1784,2671,2890,3577,453,496,496,534
S01003447,City Centre East,Anderston/City,Glasgow Kelvin,253,898,1902,2513,185,315,417,468
S01003448,Riddrie and Hogganfield,East Centre,Glasgow Springburn,702,1032,1167,1209,334,340,333,327
S01003449,City Centre West,Anderston/City,Glasgow Kelvin,1634,3108,3551,3203,438,516,545,513
S01003450,Finnieston and Kelvinhaugh,Anderston/City,Glasgow Kelvin,732,659,527,866,339,272,216,275
S01003451,Hillhead,Partick West,Glasgow Kelvin,2061,2440,3067,2879,481,471,507,490
S01003452,Riddrie and Hogganfield,East Centre,Glasgow Springburn,2200,2320,2857,2400,493,462,491,457
S01003453,Woodlands,Anderston/City,Glasgow Kelvin,2499,3508,4140,4924,511,547,574,615
S01003454,Woodlands,Hillhead,Glasgow Maryhill,1281,1997,1313,1539,403,441,353,370
S01003455,Craigend and Ruchazie,North East,Glasgow Baillieston,10,46,16,20,10,32,11,14
S01003456,Central Easterhouse,North East,Glasgow Baillieston,4,11,12,71,4,7,9,42
S01003457,"Roystonhill, Blochairn, and Provanmill",Springburn,Glasgow Springburn,100,289,573,357,84,154,226,162
S01003458,"Roystonhill, Blochairn, and Provanmill",Springburn,Glasgow Springburn,442,939,1059,1244,264,326,316,332
S01003459,Craigend and Ruchazie,North East,Glasgow Springburn,498,576,509,444,281,256,211,186
S01003460,Hillhead,Partick West,Glasgow Kelvin,2913,4155,3534,3800,540,585,543,551
S01003461,Riddrie and Hogganfield,East Centre,Glasgow Springburn,1071,1522,1791,1789,382,392,407,396
S01003462,"Garthamlock, Auchinlea and Gartloch",North East,Glasgow Baillieston,292,256,93,149,208,138,55,78
S01003463,Sighthill,Springburn,Glasgow Springburn,321,586,767,1351,224,257,270,346
S01003464,Woodlands,Hillhead,Glasgow Maryhill,2808,4646,4476,3706,532,606,598,545
S01003465,Glasgow Harbour and  Partick South,Partick West,Glasgow Kelvin,2078,1902,2859,3709,484,428,492,546
S01003466,Hillhead,Partick West,Glasgow Kelvin,486,394,427,868,274,198,190,276
S01003467,Craigend and Ruchazie,North East,Glasgow Baillieston,344,401,581,615,235,200,229,226
S01003468,Woodlands,Hillhead,Glasgow Maryhill,1671,2545,2648,2758,444,481,476,481
S01003469,Glasgow Harbour and  Partick South,Partick West,Glasgow Kelvin,1341,1166,1021,1243,409,359,310,331
S01003470,Hillhead,Partick West,Glasgow Kelvin,1196,2120,2693,2466,395,453,478,462
S01003471,Riddrie and Hogganfield,North East,Glasgow Springburn,85,102,125,91,72,63,75,57
S01003472,Sighthill,Springburn,Glasgow Springburn,350,710,719,992,237,280,258,291
S01003473,Woodside,Hillhead,Glasgow Maryhill,542,980,1372,1471,297,332,359,363
S01003474,Woodlands,Hillhead,Glasgow Maryhill,2758,4123,4565,4893,528,583,602,612
S01003475,Woodside,Hillhead,Glasgow Maryhill,843,1246,1436,1571,359,365,363,374
S01003476,"Garthamlock, Auchinlea and Gartloch",North East,Glasgow Baillieston,1543,1812,2172,2284,426,421,441,444
S01003477,Glasgow Harbour and  Partick South,Partick West,Glasgow Kelvin,2625,2825,3164,2745,519,509,514,480
S01003478,Hillhead,Partick West,Glasgow Kelvin,2047,1944,2448,2190,480,431,461,431
S01003479,Hillhead,Partick West,Glasgow Kelvin,1794,2636,2998,3512,455,492,504,532
S01003480,Whiteinch,Partick West,Glasgow Kelvin,304,285,198,220,215,152,103,114
S01003481,Partick,Partick West,Glasgow Kelvin,2096,1978,2541,2402,489,437,468,458
S01003482,Firhill,Hillhead,Glasgow Maryhill,59,126,107,113,52,78,63,65
S01003483,Craigend and Ruchazie,North East,Glasgow Baillieston,368,179,356,447,241,110,167,188
S01003484,Kelvingrove and University,Hillhead,Glasgow Kelvin,3751,2812,3129,3507,588,507,511,531
S01003485,Woodlands,Hillhead,Glasgow Maryhill,3793,5235,5531,5242,591,645,662,638
S01003486,Riddrie and Hogganfield,North East,Glasgow Springburn,91,91,71,123,77,55,44,70
S01003487,Woodlands,Hillhead,Glasgow Maryhill,1998,2705,2558,2890,475,500,469,491
S01003488,"Roystonhill, Blochairn, and Provanmill",Springburn,Glasgow Springburn,46,87,155,477,41,54,85,194
S01003489,Blackhill and Barmulloch East,North East,Glasgow Springburn,54,32,38,83,49,24,27,50
S01003490,Woodside,Hillhead,Glasgow Maryhill,660,921,979,917,328,322,303,281
S01003491,Sighthill,Springburn,Glasgow Springburn,118,393,2313,3043,98,197,451,503
S01003492,Cowlairs and Port Dundas,Springburn,Glasgow Springburn,501,698,1499,1752,283,277,373,393
S01003493,Whiteinch,Partick West,Glasgow Kelvin,392,458,351,327,248,216,165,149
S01003494,Woodside,Hillhead,Glasgow Maryhill,972,1071,877,999,373,349,285,292
S01003495,Sighthill,Springburn,Glasgow Springburn,425,990,1195,1281,257,334,339,338
S01003496,Partick,Partick West,Glasgow Kelvin,3126,3871,3511,3614,550,565,540,537
S01003497,Kelvingrove and University,Partick West,Glasgow Kelvin,3785,4105,4177,4368,590,580,581,584
S01003498,Broomhill,Partick West,Glasgow Kelvin,1406,1511,1331,1166,417,389,355,320
S01003499,Partick,Partick West,Glasgow Kelvin,2587,2676,2588,2293,517,497,471,448
S01003500,Firhill,Hillhead,Glasgow Maryhill,270,325,163,234,194,169,87,121
S01003501,Kelvingrove and University,Hillhead,Glasgow Kelvin,2561,3302,3684,3703,516,529,554,544
S01003502,"Garthamlock, Auchinlea and Gartloch",North East,Glasgow Baillieston,294,219,945,1456,210,122,296,362
S01003503,Hillhead,Partick West,Glasgow Kelvin,4658,5392,5707,5622,626,654,672,660
S01003504,Kelvingrove and University,Hillhead,Glasgow Kelvin,3293,4115,4371,4559,559,582,588,591
S01003505,Sighthill,Springburn,Glasgow Springburn,156,461,2289,3453,128,217,450,528
S01003506,Firhill,Hillhead,Glasgow Maryhill,3411,3379,3895,4677,564,536,565,598
S01003507,Firhill,Hillhead,Glasgow Maryhill,4033,4988,4419,4961,598,628,592,618
S01003508,Partick,Partick West,Glasgow Kelvin,648,486,354,432,323,226,166,183
S01003509,Kelvingrove and University,Hillhead,Glasgow Kelvin,5586,6013,6251,6417,673,677,686,693
S01003510,Cowlairs and Port Dundas,Springburn,Glasgow Springburn,454,752,1905,1894,267,287,418,407
S01003511,Partickhill and Hyndland,Partick West,Glasgow Kelvin,5885,5991,6150,6147,680,675,681,683
S01003512,Craigend and Ruchazie,North East,Glasgow Baillieston,276,383,332,347,197,193,160,158
S01003513,Kelvingrove and University,Hillhead,Glasgow Kelvin,3461,4865,5088,5177,569,621,633,636
S01003514,Dowanhill,Hillhead,Glasgow Kelvin,4087,4653,5160,5107,601,607,638,631
S01003515,Blackhill and Barmulloch East,North East,Glasgow Springburn,114,117,105,94,95,74,61,59
S01003516,Blackhill and Barmulloch East,North East,Glasgow Springburn,2756,3233,3424,3686,527,525,532,540
S01003517,Firhill,Hillhead,Glasgow Maryhill,2631,2682,3208,3599,520,498,516,536
S01003518,Whiteinch,Partick West,Glasgow Kelvin,921,886,671,643,366,311,247,230
S01003519,Firhill,Hillhead,Glasgow Maryhill,288,251,286,402,205,135,143,173
S01003520,Partickhill and Hyndland,Hillhead,Glasgow Kelvin,4836,4727,4784,4975,637,611,613,621
S01003521,Kelvingrove and University,Hillhead,Glasgow Kelvin,3490,4364,4801,5015,573,596,616,623
S01003522,Dowanhill,Hillhead,Glasgow Kelvin,4545,4908,4910,5269,620,623,622,641
S01003523,Craigend and Ruchazie,North East,Glasgow Baillieston,155,288,346,561,127,153,163,215
S01003524,Broomhill,Partick West,Glasgow Kelvin,5443,5586,5642,5591,669,667,670,658
S01003525,Partickhill and Hyndland,Partick West,Glasgow Kelvin,4441,5171,5371,5663,616,641,649,663
S01003526,North Kelvin,Hillhead,Glasgow Kelvin,4855,5000,5395,5384,639,630,650,650
S01003527,Victoria Park,Partick West,Glasgow Anniesland,5954,6058,5508,5749,684,679,659,669
S01003528,"Garthamlock, Auchinlea and Gartloch",North East,Glasgow Baillieston,1602,2446,2860,2665,432,472,493,477
S01003529,Petershill,Springburn,Glasgow Springburn,2806,4170,4904,4596,531,586,620,593
S01003530,Firhill,Canal,Glasgow Maryhill,4127,4773,5110,5383,603,615,634,649
S01003531,Scotstoun South and West,Garscadden/Scotstounhill,Glasgow Kelvin,337,397,381,408,232,199,176,177
S01003532,Victoria Park,Partick West,Glasgow Kelvin,4926,4819,4804,4432,643,618,617,587
S01003533,Petershill,Springburn,Glasgow Springburn,96,691,1057,2814,81,275,315,484
S01003534,Petershill,Springburn,Glasgow Springburn,1139,1491,1985,1708,388,387,425,387
S01003535,Whiteinch,Partick West,Glasgow Kelvin,1052,1451,1597,1597,379,381,382,380
S01003536,Partickhill and Hyndland,Hillhead,Glasgow Kelvin,6190,6462,6465,6480,687,694,694,694
S01003537,Firhill,Canal,Glasgow Maryhill,825,1042,1477,1349,354,342,369,345
S01003538,Blackhill and Barmulloch East,North East,Glasgow Springburn,555,563,641,702,300,253,240,243
S01003539,Broomhill,Partick West,Glasgow Kelvin,6368,6267,6200,6240,692,685,685,684
S01003540,Keppochhill,Canal,Glasgow Maryhill,36,20,120,258,32,15,71,128
S01003541,Petershill,Springburn,Glasgow Springburn,316,643,525,976,223,268,215,289
S01003542,Dowanhill,Hillhead,Glasgow Kelvin,5828,5381,5453,5339,678,652,656,645
S01003543,Keppochhill,Canal,Glasgow Maryhill,142,128,91,355,116,80,54,160
S01003544,North Kelvin,Canal,Glasgow Maryhill,5351,5734,5052,5937,663,672,632,675
S01003545,Dowanhill,Hillhead,Glasgow Kelvin,5938,6140,6015,6356,682,681,677,687
S01003546,Cowlairs and Port Dundas,Canal,Glasgow Maryhill,181,247,239,232,147,133,120,120
S01003547,North Kelvin,Canal,Glasgow Maryhill,2365,3155,2790,3117,501,520,486,507
S01003548,Barmulloch,Springburn,Glasgow Springburn,37,160,727,2332,33,99,259,452
S01003549,Petershill,Springburn,Glasgow Springburn,148,154,221,181,121,93,109,97
S01003550,Robroyston and Millerston,North East,Glasgow Springburn,3847,4439,4087,4270,594,600,570,580
S01003551,Petershill,Springburn,Glasgow Springburn,262,620,759,566,190,264,267,216
S01003552,Kelvinside and Jordanhill,Hillhead,Glasgow Kelvin,6285,6272,6376,6370,690,686,691,689
S01003553,Keppochhill,Canal,Glasgow Maryhill,52,61,58,67,47,41,38,40
S01003554,North Kelvin,Canal,Glasgow Maryhill,4049,4779,5224,5261,599,616,641,640
S01003555,North Kelvin,Canal,Glasgow Maryhill,5383,5427,6027,6098,666,658,678,681
S01003556,Scotstoun North and East,Garscadden/Scotstounhill,Glasgow Kelvin,5603,5970,6417,6319,676,674,692,685
S01003557,Barmulloch,North East,Glasgow Springburn,214,166,100,140,166,103,58,76
S01003558,Dowanhill,Hillhead,Glasgow Kelvin,6197,6352,6372,6408,688,691,690,692
S01003559,Scotstoun North and East,Garscadden/Scotstounhill,Glasgow Kelvin,5475,5588,6175,5926,670,668,683,674
S01003560,Broomhill,Partick West,Glasgow Kelvin,6411,6159,5839,5955,693,683,675,676
S01003561,Keppochhill,Canal,Glasgow Maryhill,233,376,616,681,174,190,235,238
S01003562,Scotstoun South and West,Garscadden/Scotstounhill,Glasgow Kelvin,146,131,229,135,119,82,113,75
S01003563,Barmulloch,North East,Glasgow Springburn,447,744,552,421,265,285,222,179
S01003564,Keppochhill,Canal,Glasgow Maryhill,5,9,3,3,5,5,2,2
S01003565,Springburn,Springburn,Glasgow Springburn,182,197,161,202,148,116,86,107
S01003566,Ruchill,Canal,Glasgow Maryhill,3569,3888,3652,3907,579,567,551,560
S01003567,Cowlairs and Port Dundas,Canal,Glasgow Maryhill,56,76,110,98,50,51,66,60
S01003568,Kelvindale,Maryhill/Kelvin,Glasgow Anniesland,5431,6078,6176,6334,668,680,684,686
S01003569,Victoria Park,Partick West,Glasgow Anniesland,5414,6143,5568,5671,667,682,664,664
S01003570,Scotstoun North and East,Garscadden/Scotstounhill,Glasgow Kelvin,4848,5382,5619,5837,638,653,666,671
S01003571,Scotstoun South and West,Garscadden/Scotstounhill,Glasgow Kelvin,573,995,908,730,305,335,289,248
S01003572,Springburn,Springburn,Glasgow Springburn,138,110,137,167,112,70,80,88
S01003573,Springburn,Springburn,Glasgow Springburn,523,745,579,590,290,286,228,221
S01003574,Ruchill,Canal,Glasgow Maryhill,4638,4892,5311,5259,625,622,646,639
S01003575,Scotstoun North and East,Garscadden/Scotstounhill,Glasgow Kelvin,290,533,644,802,207,241,241,260
S01003576,Kelvinside and Jordanhill,Hillhead,Glasgow Kelvin,4667,4308,5051,5224,628,591,631,637
S01003577,Barmulloch,North East,Glasgow Springburn,513,535,658,790,287,242,244,256
S01003578,Barmulloch,North East,Glasgow Springburn,105,139,271,678,88,84,136,237
S01003579,Keppochhill,Canal,Glasgow Maryhill,41,14,19,26,36,10,13,18
S01003580,Springburn East and Cowlairs,Springburn,Glasgow Springburn,541,718,1093,1073,296,283,323,306
S01003581,Ruchill,Canal,Glasgow Maryhill,2000,2568,3309,2855,476,483,522,487
S01003582,Possil Park,Canal,Glasgow Maryhill,3,2,4,2,3,1,3,1
S01003583,Blackhill and Barmulloch East,North East,Glasgow Springburn,204,306,357,229,159,159,168,117
S01003584,Scotstoun South and West,Garscadden/Scotstounhill,Glasgow Kelvin,264,505,276,506,192,233,138,199
S01003585,Ruchill,Maryhill/Kelvin,Glasgow Maryhill,263,539,1129,707,191,243,330,245
S01003586,Scotstoun North and East,Garscadden/Scotstounhill,Glasgow Kelvin,677,1416,1055,1033,330,377,314,302
S01003587,Kelvinside and Jordanhill,Partick West,Glasgow Anniesland,6454,6448,6462,6387,694,693,693,691
S01003588,Robroyston and Millerston,North East,Glasgow Springburn,3329,3800,4090,4022,562,562,572,566
S01003589,Kelvindale,Maryhill/Kelvin,Glasgow Anniesland,6226,6389,6284,6366,689,692,688,688
S01003590,Yoker South,Garscadden/Scotstounhill,Glasgow Anniesland,514,420,707,515,288,206,256,201
S01003591,Kelvinside and Jordanhill,Partick West,Glasgow Anniesland,6062,6283,6332,6132,685,688,689,682
S01003592,Ruchill,Canal,Glasgow Maryhill,273,608,750,685,196,261,266,240
S01003593,Scotstoun South and West,Garscadden/Scotstounhill,Glasgow Anniesland,837,809,1357,1945,358,299,358,412
S01003594,Kelvindale,Maryhill/Kelvin,Glasgow Anniesland,5193,5517,5748,5981,654,664,674,677
S01003595,Possil Park,Canal,Glasgow Maryhill,2,22,5,29,2,17,4,20
S01003596,Wyndford,Maryhill/Kelvin,Glasgow Maryhill,137,108,88,73,111,68,52,44
S01003597,Kelvinside and Jordanhill,Partick West,Glasgow Anniesland,4540,5037,4905,5841,619,633,621,672
S01003598,Barmulloch,North East,Glasgow Springburn,705,1040,1194,1187,335,341,338,324
S01003599,Possil Park,Canal,Glasgow Maryhill,624,483,745,1013,318,225,264,296
S01003600,Wyndford,Maryhill/Kelvin,Glasgow Maryhill,219,203,116,76,168,118,68,46
S01003601,Springburn East and Cowlairs,Springburn,Glasgow Springburn,361,475,206,178,238,222,106,96
S01003602,Balornock,North East,Glasgow Springburn,787,1043,1287,1227,347,343,348,330
S01003603,Knightswood East,Garscadden/Scotstounhill,Glasgow Anniesland,280,345,342,208,199,180,162,109
S01003604,Ruchill,Maryhill/Kelvin,Glasgow Maryhill,802,935,923,838,349,325,292,269
S01003605,Knightswood East,Garscadden/Scotstounhill,Glasgow Anniesland,327,337,392,259,228,177,180,129
S01003606,Springburn,Springburn,Glasgow Springburn,908,1440,1429,1034,365,379,361,303
S01003607,Balornock,North East,Glasgow Springburn,957,1270,1664,1388,370,369,395,352
S01003608,Yoker South,Garscadden/Scotstounhill,Glasgow Anniesland,614,953,1323,1527,314,329,354,367
S01003609,Kelvinside and Jordanhill,Partick West,Glasgow Anniesland,5368,5477,5174,5062,664,662,639,626
S01003610,Yoker South,Garscadden/Scotstounhill,Glasgow Anniesland,511,555,418,485,285,249,187,195
S01003611,Springburn East and Cowlairs,Springburn,Glasgow Springburn,97,223,260,254,82,123,127,127
S01003612,Anniesland East,Maryhill/Kelvin,Glasgow Anniesland,5200,4843,4636,4742,655,619,604,602
S01003613,Robroyston and Millerston,North East,Glasgow Springburn,3458,3541,3472,3890,568,550,537,559
S01003614,Kelvinside and Jordanhill,Partick West,Glasgow Anniesland,2783,3077,3154,3253,529,514,513,517
S01003615,Yoker South,Garscadden/Scotstounhill,Glasgow Anniesland,225,540,532,854,171,244,218,272
S01003616,Robroyston and Millerston,North East,Glasgow Springburn,5069,5313,5556,5544,648,650,663,655
S01003617,Wyndford,Maryhill/Kelvin,Glasgow Maryhill,61,105,73,60,53,65,46,37
S01003618,Knightswood Park East,Garscadden/Scotstounhill,Glasgow Anniesland,2275,2600,2493,2976,497,489,465,501
S01003619,Wyndford,Maryhill/Kelvin,Glasgow Maryhill,315,274,234,207,222,147,117,108
S01003620,Kelvindale,Maryhill/Kelvin,Glasgow Anniesland,5157,5398,5318,5172,653,655,647,635
S01003621,Possil Park,Canal,Glasgow Maryhill,282,527,523,528,201,240,214,203
S01003622,Knightswood East,Garscadden/Scotstounhill,Glasgow Anniesland,1130,1589,1763,1794,385,396,403,397
S01003623,Kelvindale,Maryhill/Kelvin,Glasgow Anniesland,5370,5458,5428,5351,665,661,654,646
S01003624,Possil Park,Canal,Glasgow Maryhill,192,514,590,556,154,237,232,214
S01003625,Wyndford,Maryhill/Kelvin,Glasgow Maryhill,104,1044,2005,1906,87,344,427,408
S01003626,Robroyston and Millerston,North East,Glasgow Springburn,3715,4101,4353,4182,585,579,587,577
S01003627,Springburn East and Cowlairs,Springburn,Glasgow Springburn,177,311,224,150,143,162,111,79
S01003628,Balornock,North East,Glasgow Springburn,328,508,507,683,229,234,210,239
S01003629,Possil Park,Canal,Glasgow Maryhill,190,314,444,249,152,163,194,125
S01003630,Knightswood Park West,Garscadden/Scotstounhill,Glasgow Anniesland,571,1085,1132,1085,304,350,331,309
S01003631,Knightswood Park East,Garscadden/Scotstounhill,Glasgow Anniesland,1918,3759,3924,4021,468,559,566,565
S01003632,Anniesland East,Maryhill/Kelvin,Glasgow Anniesland,4965,5124,5123,4926,645,639,635,616
S01003633,Yoker South,Garscadden/Scotstounhill,Glasgow Anniesland,2091,2088,2468,2425,487,449,463,460
S01003634,Balornock,North East,Glasgow Springburn,293,450,469,343,209,213,198,155
S01003635,Anniesland East,Drumchapel/Anniesland,Glasgow Anniesland,1862,1443,1557,1123,460,380,376,314
S01003636,Milton West,Canal,Glasgow Maryhill,157,252,358,329,129,136,169,150
S01003637,Anniesland West,Drumchapel/Anniesland,Glasgow Anniesland,1890,1959,2093,2242,464,435,433,437
S01003638,Kelvindale,Maryhill/Kelvin,Glasgow Anniesland,3561,3662,3669,3913,577,555,552,562
S01003639,Knightswood West,Garscadden/Scotstounhill,Glasgow Anniesland,778,1027,1026,1186,345,337,311,323
S01003640,Milton West,Canal,Glasgow Maryhill,281,335,442,350,200,175,193,159
S01003641,Robroyston and Millerston,North East,Glasgow Springburn,4959,5034,4649,4598,644,632,606,594
S01003642,Knightswood East,Garscadden/Scotstounhill,Glasgow Anniesland,1560,1729,1736,1753,427,409,401,394
S01003643,Maryhill West,Maryhill/Kelvin,Glasgow Maryhill,720,2010,2378,1728,338,442,456,391
S01003644,Springburn,Springburn,Glasgow Springburn,393,496,287,267,249,228,144,134
S01003645,Knightswood Park West,Garscadden/Scotstounhill,Glasgow Anniesland,1207,1805,1819,1724,397,419,411,390
S01003646,Knightswood Park East,Garscadden/Scotstounhill,Glasgow Anniesland,68,116,84,103,59,73,50,62
S01003647,Anniesland West,Drumchapel/Anniesland,Glasgow Anniesland,1863,1632,1948,2161,461,404,422,428
S01003648,Anniesland West,Drumchapel/Anniesland,Glasgow Anniesland,2434,2658,2863,2847,507,495,494,486
S01003649,Springburn East and Cowlairs,Canal,Glasgow Maryhill,2754,3115,3134,2963,526,518,512,500
S01003650,Maryhill West,Maryhill/Kelvin,Glasgow Maryhill,195,260,261,252,155,140,128,126
S01003651,Knightswood Park East,Garscadden/Scotstounhill,Glasgow Anniesland,815,1028,958,1224,353,338,299,328
S01003652,Maryhill East,Maryhill/Kelvin,Glasgow Maryhill,474,714,689,792,270,281,250,257
S01003653,Milton West,Canal,Glasgow Maryhill,75,50,61,50,65,33,39,31
S01003654,Yoker North,Garscadden/Scotstounhill,Glasgow Anniesland,240,333,391,540,176,173,179,207
S01003655,Balornock,North East,Glasgow Springburn,312,309,431,539,219,161,192,206
S01003656,Maryhill East,Maryhill/Kelvin,Glasgow Maryhill,338,471,636,659,233,221,238,236
S01003657,Milton East,Canal,Glasgow Maryhill,154,341,486,446,126,179,204,187
S01003658,Knightswood West,Garscadden/Scotstounhill,Glasgow Anniesland,1958,2819,2962,2960,470,508,501,499
S01003659,Anniesland West,Drumchapel/Anniesland,Glasgow Anniesland,2556,3475,3617,3711,515,544,547,547
S01003660,Robroyston and Millerston,North East,Glasgow Springburn,5117,5595,5613,5557,650,669,665,656
S01003661,Anniesland East,Maryhill/Kelvin,Glasgow Anniesland,4001,4603,4675,5076,597,605,608,627
S01003662,Knightswood Park West,Garscadden/Scotstounhill,Glasgow Anniesland,383,902,697,1032,247,316,252,301
S01003663,Maryhill West,Maryhill/Kelvin,Glasgow Maryhill,239,169,218,190,175,105,108,103
S01003664,Maryhill East,Maryhill/Kelvin,Glasgow Maryhill,439,615,546,628,262,262,221,227
S01003665,Maryhill East,Maryhill/Kelvin,Glasgow Maryhill,81,58,37,19,70,40,26,13
S01003666,Milton West,Canal,Glasgow Maryhill,121,56,40,16,101,38,28,11
S01003667,Yoker North,Garscadden/Scotstounhill,Glasgow Anniesland,2210,2787,3097,3389,494,506,510,523
S01003668,Anniesland West,Garscadden/Scotstounhill,Glasgow Anniesland,960,1119,1474,1967,371,354,368,414
S01003669,Milton West,Canal,Glasgow Maryhill,341,865,735,911,234,308,261,280
S01003670,Maryhill East,Maryhill/Kelvin,Glasgow Maryhill,179,198,268,262,145,117,133,131
S01003671,Anniesland West,Drumchapel/Anniesland,Glasgow Anniesland,589,1105,1601,1438,308,352,384,358
S01003672,Milton East,Canal,Glasgow Maryhill,78,81,47,48,67,52,34,29
S01003673,Maryhill West,Maryhill/Kelvin,Glasgow Maryhill,34,25,32,51,30,20,22,32
S01003674,Knightswood East,Garscadden/Scotstounhill,Glasgow Anniesland,1008,1254,1480,1279,376,366,370,337
S01003675,Anniesland East,Drumchapel/Anniesland,Glasgow Anniesland,5016,5168,4643,4984,646,640,605,622
S01003676,Anniesland West,Drumchapel/Anniesland,Glasgow Anniesland,536,1792,2592,3431,294,418,472,525
S01003677,Milton East,Canal,Glasgow Maryhill,651,926,940,811,325,324,294,264
S01003678,Yoker North,Garscadden/Scotstounhill,Glasgow Anniesland,952,1130,1247,1071,369,356,345,305
S01003679,Knightswood West,Garscadden/Scotstounhill,Glasgow Anniesland,471,509,528,552,269,235,217,211
S01003680,Milton East,Canal,Glasgow Maryhill,119,152,188,189,99,92,98,102
S01003681,Knightswood Park West,Garscadden/Scotstounhill,Glasgow Anniesland,1415,1761,1858,1722,418,415,416,389
S01003682,Summerston North,Maryhill/Kelvin,Glasgow Maryhill,3214,3476,3636,3804,554,545,550,552
S01003683,Blairdardie East,Garscadden/Scotstounhill,Glasgow Anniesland,1674,1952,2014,2288,445,433,428,446
S01003684,Blairdardie East,Drumchapel/Anniesland,Glasgow Anniesland,670,1093,1353,1367,329,351,357,350
S01003685,Yoker North,Garscadden/Scotstounhill,Glasgow Anniesland,1185,1790,1792,1682,394,417,408,385
S01003686,Summerston Central and West,Maryhill/Kelvin,Glasgow Maryhill,490,695,952,1129,276,276,298,315
S01003687,Milton East,Canal,Glasgow Maryhill,62,96,53,18,54,58,36,12
S01003688,Summerston North,Maryhill/Kelvin,Glasgow Maryhill,646,771,1110,1136,322,293,326,317
S01003689,Blairdardie East,Drumchapel/Anniesland,Glasgow Anniesland,153,112,233,168,125,71,116,89
S01003690,Knightswood Park West,Drumchapel/Anniesland,Glasgow Anniesland,483,481,428,173,273,224,191,91
S01003691,Summerston Central and West,Maryhill/Kelvin,Glasgow Maryhill,1868,2084,2639,2549,463,448,475,469
S01003692,Blairdardie East,Drumchapel/Anniesland,Glasgow Anniesland,1069,1382,1335,1328,381,376,356,342
S01003693,Blairdardie East,Drumchapel/Anniesland,Glasgow Anniesland,746,626,706,968,342,266,255,287
S01003694,Blairdardie West,Drumchapel/Anniesland,Glasgow Anniesland,2786,3133,3425,2933,530,519,533,496
S01003695,Summerston North,Maryhill/Kelvin,Glasgow Maryhill,883,989,1187,1246,363,333,337,333
S01003696,Blairdardie East,Drumchapel/Anniesland,Glasgow Anniesland,736,913,1094,1132,340,319,324,316
S01003697,Blairdardie West,Drumchapel/Anniesland,Glasgow Anniesland,4856,5244,5624,5392,640,646,668,651
S01003698,Blairdardie West,Drumchapel/Anniesland,Glasgow Anniesland,1903,2180,2798,2145,466,457,488,426
S01003699,Summerston Central and West,Maryhill/Kelvin,Glasgow Maryhill,3794,4011,4255,4607,592,574,582,595
S01003700,Summerston North,Maryhill/Kelvin,Glasgow Maryhill,1303,1628,1655,1600,405,403,392,381
S01003701,Blairdardie East,Drumchapel/Anniesland,Glasgow Anniesland,333,375,422,317,230,189,189,148
S01003702,Drumchapel South,Drumchapel/Anniesland,Glasgow Anniesland,244,364,247,156,179,186,121,84
S01003703,Drumchapel South,Drumchapel/Anniesland,Glasgow Anniesland,693,822,997,654,333,302,306,235
S01003704,Drumry West,Drumchapel/Anniesland,Glasgow Anniesland,207,323,412,272,161,168,184,135
S01003705,Drumchapel South,Drumchapel/Anniesland,Glasgow Anniesland,159,230,153,182,131,128,83,98
S01003706,Drumchapel South,Drumchapel/Anniesland,Glasgow Anniesland,127,118,90,68,105,75,53,41
S01003707,Drumry West,Drumchapel/Anniesland,Glasgow Anniesland,86,63,127,154,73,43,76,82
S01003708,Drumchapel North,Drumchapel/Anniesland,Glasgow Anniesland,12,26,9,13,12,21,7,9
S01003709,Drumry East,Drumchapel/Anniesland,Glasgow Anniesland,40,28,10,6,35,22,8,4
S01003710,Summerston Central and West,Canal,Glasgow Maryhill,185,268,182,461,149,143,94,192
S01003711,Drumchapel North,Drumchapel/Anniesland,Glasgow Anniesland,98,104,64,81,83,64,41,49
S01003712,Drumry West,Drumchapel/Anniesland,Glasgow Anniesland,243,321,230,407,178,166,114,176
S01003713,Drumry East,Drumchapel/Anniesland,Glasgow Anniesland,147,334,481,538,120,174,201,205
S01003714,Drumchapel North,Drumchapel/Anniesland,Glasgow Anniesland,309,418,976,1112,217,205,302,312
S01003715,Drumry West,Drumchapel/Anniesland,Glasgow Anniesland,779,2040,2560,2500,346,444,470,464
S01003716,Drumchapel North,Drumchapel/Anniesland,Glasgow Anniesland,66,106,168,186,57,66,89,100
S01003717,Drumry East,Drumchapel/Anniesland,Glasgow Anniesland,93,127,136,99,79,79,79,61
S01003718,Drumry East,Drumchapel/Anniesland,Glasgow Anniesland,115,284,248,302,96,151,122,146
