Datazone,Intermediate geography name,Multi-member ward name,2011 Scottish Parliamentary Constituencies,health_deprivation_rank_2004,health_deprivation_rank_2006,health_deprivation_rank_2009,health_deprivation_rank_2012,health_local_rank_2004,health_local_rank_2006,health_local_rank_2009,health_local_rank_2012
S01003313,Parkhead West and Barrowfield,Calton,Glasgow Shettleston,3,2,5,1,3,1,3,1
S01003582,Possil Park,Canal,Glasgow Maryhill,1,3,3,2,1,2,1,2
S01003253,Parkhead West and Barrowfield,Calton,Glasgow Shettleston,20,22,6,3,19,15,4,3
S01003579,Keppochhill,Canal,Glasgow Maryhill,30,28,32,6,27,20,22,4
S01003367,Govan and Linthouse,Govan,Glasgow Govan,33,46,20,7,30,32,13,5
S01003401,"Cranhill, Lightburn and Queenslie South",East Centre,Glasgow Baillieston,103,60,21,8,87,40,14,6
S01003390,North Barlanark and Easterhouse South,Baillieston,Glasgow Baillieston,42,12,10,9,38,8,7,7
S01003217,Dalmarnock,Calton,Glasgow Shettleston,2,103,37,10,2,65,27,8
S01003202,Toryglen and Oatlands,Southside Central,Glasgow Shettleston,92,194,51,11,80,116,34,9
S01003424,Drumoyne and Shieldhall,Govan,Glasgow Govan,215,134,93,12,160,85,58,10
S01003232,Laurieston and Tradeston,Southside Central,Glasgow Shettleston,10,5,42,13,10,4,31,11
S01003402,Central Easterhouse,North East,Glasgow Baillieston,226,57,45,15,166,39,32,12
S01003666,Milton West,Canal,Glasgow Maryhill,136,33,17,16,109,25,11,13
S01003416,City Centre East,Anderston/City,Glasgow Springburn,201,480,165,18,152,227,88,14
S01003044,Glenwood North,Linn,Glasgow Cathcart,32,19,16,20,29,13,10,15
S01003309,Old Shettleston and Parkhead North,Shettleston,Glasgow Shettleston,154,31,33,21,121,23,23,16
S01003564,Keppochhill,Canal,Glasgow Maryhill,7,4,8,22,7,3,5,17
S01003565,Springburn,Springburn,Glasgow Springburn,231,96,29,27,170,61,19,18
S01003347,Carntyne West and Haghill,Calton,Glasgow Shettleston,37,27,52,28,34,19,35,19
S01003342,Gallowgate North and Bellgrove,Calton,Glasgow Shettleston,12,72,30,33,12,47,20,20
S01003246,Shettleston North,Shettleston,Glasgow Shettleston,57,147,106,35,49,93,64,21
S01003337,Old Shettleston and Parkhead North,East Centre,Glasgow Baillieston,54,91,39,36,46,58,29,22
S01003444,"Garthamlock, Auchinlea and Gartloch",North East,Glasgow Baillieston,36,64,25,37,33,43,16,23
S01003540,Keppochhill,Canal,Glasgow Maryhill,11,18,38,38,11,12,28,24
S01003418,Govan and Linthouse,Govan,Glasgow Govan,74,120,105,39,64,77,63,25
S01003314,Parkhead West and Barrowfield,Calton,Glasgow Shettleston,55,21,41,42,47,14,30,26
S01003455,Craigend and Ruchazie,North East,Glasgow Baillieston,133,76,31,43,107,50,21,27
S01003439,City Centre East,Anderston/City,Glasgow Kelvin,69,207,221,44,60,123,110,28
S01003653,Milton West,Canal,Glasgow Maryhill,207,56,67,45,156,38,42,29
S01003489,Blackhill and Barmulloch East,North East,Glasgow Springburn,107,30,27,47,89,22,18,30
S01003351,Ibrox East and Cessnock,Govan,Glasgow Govan,163,230,312,48,127,135,152,31
S01003600,Wyndford,Maryhill/Kelvin,Glasgow Maryhill,162,304,108,50,126,166,65,32
S01003273,Parkhead West and Barrowfield,Calton,Glasgow Shettleston,118,121,64,51,97,78,40,33
S01003293,Shettleston North,Shettleston,Glasgow Shettleston,153,189,137,52,120,113,73,34
S01003296,Parkhead West and Barrowfield,Shettleston,Glasgow Shettleston,35,15,26,55,32,11,17,35
S01003673,Maryhill West,Maryhill/Kelvin,Glasgow Maryhill,75,104,24,57,65,66,15,36
S01003553,Keppochhill,Canal,Glasgow Maryhill,72,38,118,58,63,28,68,37
S01003595,Possil Park,Canal,Glasgow Maryhill,19,11,9,60,18,7,6,38
S01003043,Glenwood North,Linn,Glasgow Cathcart,128,14,11,62,104,10,8,39
S01003208,Braidfauld,Calton,Glasgow Shettleston,39,87,57,63,36,55,36,40
S01003709,Drumry East,Drumchapel/Anniesland,Glasgow Anniesland,49,125,72,66,44,81,45,41
S01003036,Glenwood South,Linn,Glasgow Cathcart,28,35,34,67,25,26,24,42
S01003376,Barlanark,Baillieston,Glasgow Baillieston,315,136,210,70,217,86,105,43
S01003711,Drumchapel North,Drumchapel/Anniesland,Glasgow Anniesland,454,198,58,72,273,118,37,44
S01003488,"Roystonhill, Blochairn, and Provanmill",Springburn,Glasgow Springburn,63,84,103,73,55,54,61,45
S01003353,Carntyne West and Haghill,Calton,Glasgow Springburn,100,221,218,74,85,129,108,46
S01003111,Nitshill,Greater Pollok,Glasgow Pollok,305,209,182,75,212,124,95,47
S01003441,Govan and Linthouse,Govan,Glasgow Govan,108,54,92,77,90,37,57,48
S01003028,Glenwood South,Linn,Glasgow Cathcart,124,112,197,81,101,72,102,49
S01003379,North Barlanark and Easterhouse South,Baillieston,Glasgow Baillieston,58,41,84,82,50,30,51,50
S01003354,Old Shettleston and Parkhead North,East Centre,Glasgow Baillieston,191,117,104,85,146,75,62,51
S01003055,Carnwadric West,Newlands/Auldburn,Glasgow Cathcart,346,359,171,87,231,191,90,52
S01003435,Central Easterhouse,North East,Glasgow Baillieston,87,29,50,88,75,21,33,53
S01003397,North Barlanark and Easterhouse South,Baillieston,Glasgow Baillieston,408,68,15,90,256,44,9,54
S01003343,Barlanark,Baillieston,Glasgow Baillieston,134,52,157,95,108,36,83,55
S01003244,Baillieston East,Baillieston,Glasgow Baillieston,253,253,319,96,182,146,155,56
S01003428,"Cranhill, Lightburn and Queenslie South",East Centre,Glasgow Baillieston,9,26,60,97,9,18,38,57
S01003088,Nitshill,Greater Pollok,Glasgow Pollok,442,311,188,98,271,168,97,58
S01003245,Gorbals and Hutchesontown,Southside Central,Glasgow Shettleston,38,51,74,99,35,35,47,59
S01003336,Greenfield,Baillieston,Glasgow Baillieston,132,114,117,100,106,73,67,60
S01003346,Craigton,Govan,Glasgow Govan,430,374,223,102,266,193,111,61
S01003251,Dalmarnock,Calton,Glasgow Shettleston,43,157,149,105,39,95,79,62
S01003573,Springburn,Springburn,Glasgow Springburn,338,556,277,106,227,251,139,63
S01003364,Govan and Linthouse,Govan,Glasgow Govan,29,44,330,107,26,31,161,64
S01003140,Crookston South,Greater Pollok,Glasgow Pollok,246,144,287,108,176,91,144,65
S01003331,"Calton, Gallowgate and Bridgeton",Calton,Glasgow Shettleston,117,101,71,110,96,64,44,66
S01003572,Springburn,Springburn,Glasgow Springburn,62,169,193,114,54,101,100,67
S01003456,Central Easterhouse,North East,Glasgow Baillieston,65,13,19,115,57,9,12,68
S01003486,Riddrie and Hogganfield,North East,Glasgow Springburn,114,39,36,120,93,29,26,69
S01003064,Carnwadric West,Newlands/Auldburn,Glasgow Cathcart,115,130,161,121,94,82,85,70
S01003184,Pollok North and East,Craigton,Glasgow Pollok,70,82,69,122,61,53,43,71
S01003225,Gorbals and Hutchesontown,Southside Central,Glasgow Shettleston,175,242,270,123,133,138,136,72
S01003644,Springburn,Springburn,Glasgow Springburn,468,409,262,124,281,206,132,73
S01003049,Castlemilk,Linn,Glasgow Cathcart,105,231,252,125,88,136,127,74
S01003181,Pollok North and East,Craigton,Glasgow Pollok,433,506,204,126,267,234,103,75
S01003349,Drumoyne and Shieldhall,Govan,Glasgow Govan,85,142,144,127,73,89,76,76
S01003611,Springburn East and Cowlairs,Springburn,Glasgow Springburn,77,247,191,129,66,142,98,77
S01003400,Carntyne,East Centre,Glasgow Springburn,638,543,329,130,332,247,160,78
S01003665,Maryhill East,Maryhill/Kelvin,Glasgow Maryhill,80,80,90,134,69,52,55,79
S01003121,Crookston South,Greater Pollok,Glasgow Pollok,116,173,62,136,95,104,39,80
S01003388,Ibrox,Govan,Glasgow Govan,34,77,85,138,31,51,52,81
S01003567,Cowlairs and Port Dundas,Canal,Glasgow Maryhill,121,178,278,139,98,107,140,82
S01003279,Parkhead West and Barrowfield,Calton,Glasgow Shettleston,60,37,4,140,52,27,2,83
S01003386,Drumoyne and Shieldhall,Govan,Glasgow Govan,371,509,347,144,242,236,169,84
S01003333,"Calton, Gallowgate and Bridgeton",Calton,Glasgow Shettleston,5,9,121,147,5,5,69,85
S01003076,Carnwadric West,Newlands/Auldburn,Glasgow Cathcart,462,694,138,148,278,286,74,86
S01003299,Parkhead East and Braidfauld North,Shettleston,Glasgow Shettleston,61,118,35,150,53,76,25,87
S01003205,Dalmarnock,Calton,Glasgow Shettleston,4,10,73,151,4,6,46,88
S01003629,Possil Park,Canal,Glasgow Maryhill,78,229,295,153,67,134,147,89
S01003706,Drumchapel South,Drumchapel/Anniesland,Glasgow Anniesland,922,219,77,155,383,128,49,90
S01003480,Whiteinch,Partick West,Glasgow Kelvin,249,289,269,158,178,158,135,91
S01003301,Tollcross,Shettleston,Glasgow Shettleston,250,32,66,163,179,24,41,92
S01003142,Toryglen and Oatlands,Southside Central,Glasgow Rutherglen,251,576,351,165,180,257,170,93
S01003624,Possil Park,Canal,Glasgow Maryhill,196,388,416,168,148,196,192,94
S01003185,Govanhill East and Aikenhead,Southside Central,Glasgow Shettleston,205,199,169,170,154,119,89,95
S01003042,Glenwood North,Linn,Glasgow Cathcart,149,105,82,171,117,67,50,96
S01003707,Drumry West,Drumchapel/Anniesland,Glasgow Anniesland,333,106,88,173,226,68,54,97
S01003307,Cardonald North,Craigton,Glasgow Pollok,370,293,405,174,241,160,189,98
S01003190,Govanhill East and Aikenhead,Southside Central,Glasgow Shettleston,111,193,209,175,91,115,104,99
S01003443,"Roystonhill, Blochairn, and Provanmill",Springburn,Glasgow Springburn,227,111,232,177,167,71,117,100
S01003045,Darnley East,Greater Pollok,Glasgow Pollok,587,271,212,178,319,151,107,101
S01003254,Dalmarnock,Calton,Glasgow Shettleston,94,182,274,181,82,110,138,102
S01003303,Laurieston and Tradeston,Govan,Glasgow Govan,138,109,263,182,111,69,133,103
S01003640,Milton West,Canal,Glasgow Maryhill,179,344,356,185,136,183,173,104
S01003262,Tollcross,Shettleston,Glasgow Shettleston,223,248,379,187,165,143,179,105
S01003393,Carntyne,East Centre,Glasgow Springburn,306,460,586,189,213,220,244,106
S01003459,Craigend and Ruchazie,North East,Glasgow Springburn,591,346,224,191,320,184,112,107
S01003680,Milton East,Canal,Glasgow Maryhill,82,154,140,194,70,94,75,108
S01003082,Nitshill,Greater Pollok,Glasgow Pollok,328,23,75,196,223,16,48,109
S01003687,Milton East,Canal,Glasgow Maryhill,67,92,87,198,59,59,53,110
S01003047,Carmunnock South,Linn,Glasgow Cathcart,197,282,320,199,149,154,156,111
S01003471,Riddrie and Hogganfield,North East,Glasgow Springburn,239,73,102,200,173,48,60,112
S01003404,"Cranhill, Lightburn and Queenslie South",East Centre,Glasgow Baillieston,265,179,145,205,187,108,77,113
S01003551,Petershill,Springburn,Glasgow Springburn,155,382,289,206,122,195,145,114
S01003419,Craigend and Ruchazie,East Centre,Glasgow Baillieston,141,97,116,208,113,62,66,115
S01003546,Cowlairs and Port Dundas,Canal,Glasgow Maryhill,26,116,160,211,23,74,84,116
S01003617,Wyndford,Maryhill/Kelvin,Glasgow Maryhill,126,265,230,212,103,149,116,117
S01003411,Drumoyne and Shieldhall,Govan,Glasgow Govan,164,245,183,216,128,140,96,118
S01003549,Petershill,Springburn,Glasgow Springburn,182,124,162,219,139,80,86,119
S01003352,Barlanark,Baillieston,Glasgow Baillieston,276,298,334,227,196,163,163,120
S01003373,City Centre West,Anderston/City,Glasgow Kelvin,88,110,152,229,76,70,80,121
S01003083,Nitshill,Greater Pollok,Glasgow Pollok,987,577,513,230,396,258,225,122
S01003052,Castlemilk,Linn,Glasgow Cathcart,266,338,341,231,188,180,165,123
S01003272,Gorbals and Hutchesontown,Southside Central,Glasgow Shettleston,45,187,195,232,41,112,101,124
S01003718,Drumry East,Drumchapel/Anniesland,Glasgow Anniesland,271,243,455,234,192,139,206,125
S01003562,Scotstoun South and West,Garscadden/Scotstounhill,Glasgow Kelvin,174,167,344,235,132,99,167,126
S01003654,Yoker North,Garscadden/Scotstounhill,Glasgow Anniesland,199,415,577,237,151,208,241,127
S01003198,Govanhill East and Aikenhead,Southside Central,Glasgow Shettleston,373,170,181,239,243,102,94,128
S01003621,Possil Park,Canal,Glasgow Maryhill,232,462,342,241,171,221,166,129
S01003182,Pollok North and East,Greater Pollok,Glasgow Pollok,210,236,211,245,157,137,106,130
S01003710,Summerston Central and West,Canal,Glasgow Maryhill,93,197,236,246,81,117,118,131
S01003274,Laurieston and Tradeston,Southside Central,Glasgow Shettleston,17,122,136,247,17,79,72,132
S01003708,Drumchapel North,Drumchapel/Anniesland,Glasgow Anniesland,79,177,127,248,68,106,70,133
S01003263,Parkhead West and Barrowfield,Calton,Glasgow Shettleston,252,251,454,249,181,145,205,134
S01003396,Govan and Linthouse,Govan,Glasgow Govan,211,88,172,252,158,56,91,135
S01003389,Carntyne West and Haghill,East Centre,Glasgow Springburn,325,132,255,253,222,83,129,136
S01003398,Easterhouse East,North East,Glasgow Baillieston,367,287,281,255,240,157,141,137
S01003634,Balornock,North East,Glasgow Springburn,293,315,428,256,205,171,196,138
S01003256,Pollokshields West,Pollokshields,Glasgow Govan,352,210,249,258,233,125,125,139
S01003365,Ibrox,Govan,Glasgow Govan,364,172,219,259,239,103,109,140
S01003384,Drumoyne and Shieldhall,Govan,Glasgow Govan,341,507,509,260,229,235,222,141
S01003284,Craigton,Govan,Glasgow Pollok,510,1095,938,264,296,358,314,142
S01003248,"Calton, Gallowgate and Bridgeton",Calton,Glasgow Shettleston,190,303,310,265,145,165,151,143
S01003442,"Roystonhill, Blochairn, and Provanmill",Springburn,Glasgow Springburn,86,141,284,274,74,88,142,144
S01003717,Drumry East,Drumchapel/Anniesland,Glasgow Anniesland,165,214,388,279,129,127,181,145
S01003515,Blackhill and Barmulloch East,North East,Glasgow Springburn,140,98,91,280,112,63,56,146
S01003421,"Cranhill, Lightburn and Queenslie South",East Centre,Glasgow Baillieston,321,355,179,282,220,189,93,147
S01003636,Milton West,Canal,Glasgow Maryhill,96,327,260,288,83,177,131,148
S01003557,Barmulloch,North East,Glasgow Springburn,183,192,156,289,140,114,82,149
S01003029,Carmunnock South,Linn,Glasgow Cathcart,59,74,248,292,51,49,124,150
S01003340,Greenfield,Baillieston,Glasgow Baillieston,322,551,526,294,221,249,230,151
S01003084,Nitshill,Greater Pollok,Glasgow Pollok,198,318,308,300,150,173,150,152
S01003601,Springburn East and Cowlairs,Springburn,Glasgow Springburn,282,511,325,310,199,237,159,153
S01003434,Central Easterhouse,North East,Glasgow Baillieston,176,364,415,316,134,192,191,154
S01003362,Penilee,Craigton,Glasgow Pollok,403,749,695,317,254,299,268,155
S01003194,Braidfauld,Shettleston,Glasgow Shettleston,101,181,246,318,86,109,122,156
S01003690,Knightswood Park West,Drumchapel/Anniesland,Glasgow Anniesland,475,990,717,319,285,344,275,157
S01003375,Drumoyne and Shieldhall,Govan,Glasgow Govan,703,772,658,321,351,306,256,158
S01003512,Craigend and Ruchazie,North East,Glasgow Baillieston,492,639,354,323,290,272,172,159
S01003712,Drumry West,Drumchapel/Anniesland,Glasgow Anniesland,778,267,148,324,361,150,78,160
S01003237,Baillieston West,Baillieston,Glasgow Baillieston,363,554,487,326,238,250,216,161
S01003431,Riddrie and Hogganfield,East Centre,Glasgow Springburn,381,572,475,327,246,255,211,162
S01003322,Ibrox East and Cessnock,Govan,Glasgow Govan,296,449,476,329,208,218,212,163
S01003387,Carntyne West and Haghill,East Centre,Glasgow Springburn,409,419,393,346,257,209,183,164
S01003035,Glenwood South,Linn,Glasgow Cathcart,188,143,128,347,144,90,71,165
S01003290,Tollcross,Shettleston,Glasgow Shettleston,650,688,391,352,336,284,182,166
S01003199,Shettleston South,Shettleston,Glasgow Shettleston,1233,698,516,353,427,289,227,167
S01003561,Keppochhill,Canal,Glasgow Maryhill,289,353,401,355,203,188,188,168
S01003596,Wyndford,Maryhill/Kelvin,Glasgow Maryhill,41,224,314,358,37,131,153,169
S01003270,"Calton, Gallowgate and Bridgeton",Calton,Glasgow Shettleston,554,205,258,361,312,122,130,170
S01003599,Possil Park,Canal,Glasgow Maryhill,463,683,699,362,279,283,271,171
S01003663,Maryhill West,Maryhill/Kelvin,Glasgow Maryhill,441,401,318,364,270,201,154,172
S01003519,Firhill,Hillhead,Glasgow Maryhill,185,392,352,367,141,198,171,173
S01003104,Pollokshaws,Newlands/Auldburn,Glasgow Cathcart,469,760,887,373,282,302,308,174
S01003508,Partick,Partick West,Glasgow Kelvin,447,732,502,381,272,295,220,175
S01003702,Drumchapel South,Drumchapel/Anniesland,Glasgow Anniesland,375,773,500,382,244,307,219,176
S01003267,Shettleston North,Shettleston,Glasgow Shettleston,491,854,827,392,289,324,298,177
S01003603,Knightswood East,Garscadden/Scotstounhill,Glasgow Anniesland,247,635,692,395,177,270,266,178
S01003356,Gallowgate North and Bellgrove,Calton,Glasgow Springburn,361,513,333,397,236,238,162,179
S01003160,Crookston North,Greater Pollok,Glasgow Pollok,1005,521,545,408,402,241,233,180
S01003467,Craigend and Ruchazie,North East,Glasgow Baillieston,216,225,485,410,161,132,215,181
S01003701,Blairdardie East,Drumchapel/Anniesland,Glasgow Anniesland,228,390,793,413,168,197,289,182
S01003704,Drumry West,Drumchapel/Anniesland,Glasgow Anniesland,617,564,570,414,326,253,239,183
S01003457,"Roystonhill, Blochairn, and Provanmill",Springburn,Glasgow Springburn,142,515,666,415,114,239,258,184
S01003369,Old Shettleston and Parkhead North,East Centre,Glasgow Baillieston,171,410,514,416,131,207,226,185
S01003231,Baillieston West,Baillieston,Glasgow Baillieston,917,697,394,421,382,288,184,186
S01003563,Barmulloch,North East,Glasgow Springburn,458,676,470,422,276,280,209,187
S01003448,Riddrie and Hogganfield,East Centre,Glasgow Springburn,969,1215,1131,423,392,371,346,188
S01003327,Kinning Park and Festival Park,Govan,Glasgow Govan,461,397,345,426,277,199,168,189
S01003361,Greenfield,Baillieston,Glasgow Baillieston,297,483,497,429,209,228,218,190
S01003427,Carntyne,East Centre,Glasgow Springburn,694,986,810,430,347,342,293,191
S01003670,Maryhill East,Maryhill/Kelvin,Glasgow Maryhill,290,320,237,431,204,174,119,192
S01003657,Milton East,Canal,Glasgow Maryhill,56,358,521,433,48,190,228,193
S01003271,"Calton, Gallowgate and Bridgeton",Calton,Glasgow Shettleston,273,312,511,434,194,169,224,194
S01003291,Penilee,Craigton,Glasgow Pollok,437,352,377,435,269,187,178,195
S01003672,Milton East,Canal,Glasgow Maryhill,137,163,273,436,110,98,137,196
S01003206,Govanhill West,Southside Central,Glasgow Shettleston,320,228,227,437,219,133,114,197
S01003575,Scotstoun North and East,Garscadden/Scotstounhill,Glasgow Kelvin,421,526,467,439,262,243,208,198
S01003377,"Cranhill, Lightburn and Queenslie South",Baillieston,Glasgow Baillieston,481,597,871,440,287,260,304,199
S01003247,Parkhead East and Braidfauld North,Calton,Glasgow Shettleston,639,342,408,447,333,182,190,200
S01003040,Castlemilk,Linn,Glasgow Cathcart,593,889,914,448,321,331,309,201
S01003372,"Cranhill, Lightburn and Queenslie South",Baillieston,Glasgow Baillieston,800,420,321,452,364,210,157,202
S01003054,Castlemilk,Linn,Glasgow Cathcart,1152,1520,1297,453,419,403,367,203
S01003518,Whiteinch,Partick West,Glasgow Kelvin,928,1110,671,456,384,359,260,204
S01003357,Ibrox,Govan,Glasgow Govan,8,50,155,457,8,34,81,205
S01003287,Cardonald North,Craigton,Glasgow Pollok,541,771,762,460,306,305,282,206
S01003413,"Cranhill, Lightburn and Queenslie South",East Centre,Glasgow Baillieston,1041,602,589,476,408,262,245,207
S01003363,Greenfield,Baillieston,Glasgow Baillieston,722,793,875,477,352,312,305,208
S01003306,Craigton,Govan,Glasgow Pollok,640,856,728,487,334,325,277,209
S01003358,City Centre East,Anderston/City,Glasgow Kelvin,269,498,806,490,190,231,292,210
S01003688,Summerston North,Maryhill/Kelvin,Glasgow Maryhill,855,829,722,491,372,320,276,211
S01003450,Finnieston and Kelvinhaugh,Anderston/City,Glasgow Kelvin,1033,616,436,501,406,266,199,212
S01003226,Braidfauld,Calton,Glasgow Shettleston,258,284,424,502,185,156,195,213
S01003679,Knightswood West,Garscadden/Scotstounhill,Glasgow Anniesland,501,730,535,506,293,294,232,214
S01003269,Parkhead East and Braidfauld North,Shettleston,Glasgow Shettleston,544,301,438,514,309,164,201,215
S01003531,Scotstoun South and West,Garscadden/Scotstounhill,Glasgow Kelvin,243,283,229,516,175,155,115,216
S01003440,Riddrie and Hogganfield,East Centre,Glasgow Springburn,779,404,546,518,362,204,234,217
S01003334,Penilee,Craigton,Glasgow Pollok,456,529,483,529,274,244,214,218
S01003391,Dennistoun,East Centre,Glasgow Springburn,397,479,286,536,252,226,143,219
S01003655,Balornock,North East,Glasgow Springburn,358,204,368,547,235,121,174,220
S01003266,Tollcross,Shettleston,Glasgow Shettleston,435,537,534,549,268,246,231,221
S01003281,Tollcross,Shettleston,Glasgow Shettleston,187,71,370,557,143,46,175,222
S01003275,Shettleston North,Shettleston,Glasgow Shettleston,841,753,664,558,370,301,257,223
S01003312,Penilee,Craigton,Glasgow Pollok,601,573,395,560,323,256,185,224
S01003302,Laurieston and Tradeston,Southside Central,Glasgow Shettleston,13,25,264,561,13,17,134,225
S01003495,Sighthill,Springburn,Glasgow Springburn,202,503,613,566,153,233,249,226
S01003656,Maryhill East,Maryhill/Kelvin,Glasgow Maryhill,542,332,730,573,307,179,278,227
S01003412,Govan and Linthouse,Govan,Glasgow Govan,689,640,770,574,346,273,285,228
S01003619,Wyndford,Maryhill/Kelvin,Glasgow Maryhill,213,705,656,581,159,290,255,229
S01003026,Carmunnock South,Linn,Glasgow Cathcart,736,907,387,583,356,333,180,230
S01003135,Toryglen and Oatlands,Southside Central,Glasgow Rutherglen,490,998,1130,587,288,345,345,231
S01003445,"Roystonhill, Blochairn, and Provanmill",Springburn,Glasgow Springburn,330,158,560,591,225,96,236,232
S01003627,Springburn East and Cowlairs,Springburn,Glasgow Springburn,316,473,430,598,218,224,197,233
S01003414,Easterhouse East,North East,Glasgow Baillieston,579,313,376,600,315,170,177,234
S01003048,Castlemilk,Linn,Glasgow Cathcart,181,446,372,605,138,217,176,235
S01003383,"Cranhill, Lightburn and Queenslie South",East Centre,Glasgow Baillieston,627,1001,959,621,328,346,320,236
S01003409,Dennistoun North and Alexandra Parade,East Centre,Glasgow Springburn,543,638,1176,624,308,271,353,237
S01003032,Glenwood South,Linn,Glasgow Cathcart,112,280,225,625,92,152,113,238
S01003482,Firhill,Hillhead,Glasgow Maryhill,25,281,495,628,22,153,217,239
S01003538,Blackhill and Barmulloch East,North East,Glasgow Springburn,799,402,399,629,363,202,187,240
S01003436,Drumoyne and Shieldhall,Govan,Glasgow Govan,1450,1476,192,631,451,397,99,241
S01003523,Craigend and Ruchazie,North East,Glasgow Baillieston,270,323,298,643,191,175,148,242
S01003162,Carmyle and Mount Vernon South,Shettleston,Glasgow Baillieston,383,422,419,646,247,211,193,243
S01003689,Blairdardie East,Drumchapel/Anniesland,Glasgow Anniesland,160,133,250,649,124,84,126,244
S01003167,Pollok South and West,Greater Pollok,Glasgow Pollok,288,341,303,653,202,181,149,245
S01003543,Keppochhill,Canal,Glasgow Maryhill,272,671,477,663,193,279,213,246
S01003677,Milton East,Canal,Glasgow Maryhill,415,613,821,670,259,264,297,247
S01003298,Hillington,Craigton,Glasgow Pollok,2250,2345,2076,671,521,477,443,248
S01003221,Cardonald South and East,Craigton,Glasgow Pollok,150,249,423,676,118,144,194,249
S01003255,Cardonald South and East,Craigton,Glasgow Pollok,1065,1452,1168,682,411,394,352,250
S01003577,Barmulloch,North East,Glasgow Springburn,302,292,292,688,210,159,146,251
S01003093,Newlands,Newlands/Auldburn,Glasgow Cathcart,970,1252,1016,698,393,374,324,252
S01003703,Drumchapel South,Drumchapel/Anniesland,Glasgow Anniesland,1227,1538,1187,703,425,407,354,253
S01003215,Pollok North and East,Craigton,Glasgow Pollok,1110,943,953,707,415,336,318,254
S01003483,Craigend and Ruchazie,North East,Glasgow Baillieston,768,160,164,710,359,97,87,255
S01003238,Cardonald West and Central,Craigton,Glasgow Pollok,1381,1759,852,717,443,424,299,256
S01003405,Easterhouse East,North East,Glasgow Baillieston,422,427,547,727,263,213,235,257
S01003628,Balornock,North East,Glasgow Springburn,217,547,463,753,162,248,207,258
S01003072,Carnwadric West,Newlands/Auldburn,Glasgow Cathcart,674,751,697,754,341,300,270,259
S01003297,Gorbals and Hutchesontown,Southside Central,Glasgow Shettleston,27,61,97,760,24,41,59,260
S01003650,Maryhill West,Maryhill/Kelvin,Glasgow Maryhill,90,295,633,765,78,161,251,261
S01003493,Whiteinch,Partick West,Glasgow Kelvin,417,833,690,773,261,322,265,262
S01003152,Battlefield,Southside Central,Glasgow Cathcart,934,1318,1054,776,386,378,334,263
S01003494,Woodside,Hillhead,Glasgow Maryhill,347,929,567,780,232,335,238,264
S01003239,Cardonald South and East,Craigton,Glasgow Pollok,1412,1367,1401,785,446,385,378,265
S01003060,Glenwood North,Linn,Glasgow Cathcart,129,223,523,789,105,130,229,266
S01003161,Crookston North,Greater Pollok,Glasgow Pollok,873,1149,649,791,378,363,253,267
S01003422,Dennistoun North and Alexandra Parade,East Centre,Glasgow Springburn,206,496,878,800,155,230,306,268
S01003214,Baillieston West,Baillieston,Glasgow Baillieston,618,649,1017,803,327,274,325,269
S01003646,Knightswood Park East,Garscadden/Scotstounhill,Glasgow Anniesland,89,558,713,812,77,252,274,270
S01003606,Springburn,Springburn,Glasgow Springburn,596,1070,1328,813,322,356,372,271
S01003466,Hillhead,Partick West,Glasgow Kelvin,584,470,437,815,318,223,200,272
S01003326,Cardonald North,Craigton,Glasgow Pollok,509,830,921,817,295,321,311,273
S01003571,Scotstoun South and West,Garscadden/Scotstounhill,Glasgow Kelvin,477,680,814,819,286,282,294,274
S01003277,Baillieston East,Baillieston,Glasgow Baillieston,1348,822,1253,824,441,318,360,275
S01003138,Pollokshaws,Newlands/Auldburn,Glasgow Govan,357,780,1053,830,234,310,333,276
S01003147,Crookston North,Greater Pollok,Glasgow Pollok,957,1111,1037,832,391,360,328,277
S01003604,Ruchill,Maryhill/Kelvin,Glasgow Maryhill,537,518,1090,833,303,240,339,278
S01003669,Milton West,Canal,Glasgow Maryhill,169,691,693,846,130,285,267,279
S01003541,Petershill,Springburn,Glasgow Springburn,194,440,696,848,147,216,269,280
S01003678,Yoker North,Garscadden/Scotstounhill,Glasgow Anniesland,672,802,949,851,340,314,317,281
S01003329,Greenfield,Baillieston,Glasgow Baillieston,1130,658,867,855,418,276,303,282
S01003686,Summerston Central and West,Maryhill/Kelvin,Glasgow Maryhill,384,501,783,857,248,232,287,283
S01003286,Kingston West and Dumbreck,Pollokshields,Glasgow Govan,426,1211,1046,861,264,370,330,284
S01003462,"Garthamlock, Auchinlea and Gartloch",North East,Glasgow Baillieston,521,426,324,864,297,212,158,285
S01003228,Braidfauld,Shettleston,Glasgow Shettleston,702,523,339,865,350,242,164,286
S01003345,Hillington,Craigton,Glasgow Pollok,2243,2411,1506,867,519,483,389,287
S01003469,Glasgow Harbour and  Partick South,Partick West,Glasgow Kelvin,834,799,980,875,368,313,322,288
S01003610,Yoker South,Garscadden/Scotstounhill,Glasgow Anniesland,699,629,652,877,348,269,254,289
S01003605,Knightswood East,Garscadden/Scotstounhill,Glasgow Anniesland,218,587,916,881,163,259,310,290
S01003223,Braidfauld,Shettleston,Glasgow Shettleston,314,627,1314,883,216,268,371,291
S01003584,Scotstoun South and West,Garscadden/Scotstounhill,Glasgow Kelvin,279,918,861,889,197,334,301,292
S01003652,Maryhill East,Maryhill/Kelvin,Glasgow Maryhill,386,436,606,891,249,215,247,293
S01003243,Cardonald West and Central,Craigton,Glasgow Pollok,1626,1704,1092,902,474,420,340,294
S01003280,Kingston West and Dumbreck,Govan,Glasgow Govan,2123,1905,1497,908,513,433,386,295
S01003692,Blairdardie East,Drumchapel/Anniesland,Glasgow Anniesland,1489,1626,1221,911,458,414,359,296
S01003713,Drumry East,Drumchapel/Anniesland,Glasgow Anniesland,145,429,578,913,116,214,242,297
S01003583,Blackhill and Barmulloch East,North East,Glasgow Springburn,294,324,441,917,206,176,203,298
S01003705,Drumchapel South,Drumchapel/Anniesland,Glasgow Anniesland,727,305,241,923,354,167,121,299
S01003294,Craigton,Govan,Glasgow Pollok,494,1156,1049,936,291,365,332,300
S01003218,Cardonald South and East,Craigton,Glasgow Pollok,1446,2124,2116,944,449,456,449,301
S01003204,Pollok North and East,Craigton,Glasgow Pollok,1054,678,685,949,409,281,264,302
S01003622,Knightswood East,Garscadden/Scotstounhill,Glasgow Anniesland,803,1611,1633,950,365,413,408,303
S01003700,Summerston North,Maryhill/Kelvin,Glasgow Maryhill,989,1691,1106,952,398,419,342,304
S01003062,Darnley North,Greater Pollok,Glasgow Pollok,1609,1441,1133,960,472,392,348,305
S01003598,Barmulloch,North East,Glasgow Springburn,581,600,795,961,317,261,291,306
S01003315,Kinning Park and Festival Park,Govan,Glasgow Govan,1706,1683,1532,963,478,417,394,307
S01003107,Crookston South,Greater Pollok,Glasgow Pollok,531,809,446,969,300,315,204,308
S01003534,Petershill,Springburn,Glasgow Springburn,362,403,769,978,237,203,284,309
S01003693,Blairdardie East,Drumchapel/Anniesland,Glasgow Anniesland,682,664,431,989,344,278,198,310
S01003498,Broomhill,Partick West,Glasgow Kelvin,1602,1814,1386,1000,471,426,375,311
S01003378,Carntyne West and Haghill,East Centre,Glasgow Springburn,31,1018,1617,1001,28,350,404,312
S01003355,Gallowgate North and Bellgrove,Calton,Glasgow Springburn,760,778,815,1011,358,308,295,313
S01003051,Darnley North,Greater Pollok,Glasgow Pollok,1036,1200,1057,1030,407,368,335,314
S01003426,Dennistoun North and Alexandra Parade,East Centre,Glasgow Springburn,848,1182,1078,1033,371,366,338,315
S01003607,Balornock,North East,Glasgow Springburn,776,1233,1132,1035,360,373,347,316
S01003472,Sighthill,Springburn,Glasgow Springburn,234,720,1275,1039,172,292,366,317
S01003458,"Roystonhill, Blochairn, and Provanmill",Springburn,Glasgow Springburn,313,654,866,1040,215,275,302,318
S01003490,Woodside,Hillhead,Glasgow Maryhill,633,976,753,1042,330,340,281,319
S01003118,Pollokshaws,Newlands/Auldburn,Glasgow Govan,84,90,238,1048,72,57,120,320
S01003030,Glenwood South,Linn,Glasgow Cathcart,122,406,600,1051,99,205,246,321
S01003216,Cardonald West and Central,Craigton,Glasgow Pollok,1484,2548,1538,1054,457,492,395,322
S01003039,Darnley East,Greater Pollok,Glasgow Pollok,410,620,581,1055,258,267,243,323
S01003310,Cardonald North,Craigton,Glasgow Pollok,809,1510,1365,1062,367,402,374,324
S01003381,Carntyne West and Haghill,East Centre,Glasgow Springburn,610,1202,1669,1067,324,369,411,325
S01003684,Blairdardie East,Drumchapel/Anniesland,Glasgow Anniesland,913,1440,1517,1071,381,391,392,326
S01003264,Mosspark,Govan,Glasgow Pollok,1120,1758,1107,1076,417,423,343,327
S01003407,Carntyne,East Centre,Glasgow Springburn,530,735,1333,1087,299,296,373,328
S01003203,Mosspark,Craigton,Glasgow Pollok,1259,2029,1041,1093,429,444,329,329
S01003360,Barlanark,Baillieston,Glasgow Baillieston,997,1005,1097,1096,400,348,341,330
S01003668,Anniesland West,Garscadden/Scotstounhill,Glasgow Anniesland,906,1448,1267,1097,380,393,363,331
S01003175,Govanhill East and Aikenhead,Southside Central,Glasgow Shettleston,401,719,708,1112,253,291,272,332
S01003058,Darnley West,Greater Pollok,Glasgow Pollok,267,1492,741,1120,189,398,279,333
S01003681,Knightswood Park West,Garscadden/Scotstounhill,Glasgow Anniesland,1234,2224,1428,1123,428,468,379,334
S01003348,Kinning Park and Festival Park,Govan,Glasgow Govan,1100,1521,1640,1126,414,404,410,335
S01003151,Shettleston South,Shettleston,Glasgow Baillieston,1084,1390,1513,1129,412,387,391,336
S01003420,North Barlanark and Easterhouse South,North East,Glasgow Baillieston,22,175,817,1132,20,105,296,337
S01003308,Penilee,Craigton,Glasgow Pollok,731,530,561,1134,355,245,237,338
S01003150,Toryglen and Oatlands,Southside Central,Glasgow Rutherglen,536,565,679,1139,302,254,262,339
S01003586,Scotstoun North and East,Garscadden/Scotstounhill,Glasgow Kelvin,473,1680,1628,1152,284,416,407,340
S01003176,Strathbungo,Southside Central,Glasgow Govan,701,861,960,1153,349,326,321,341
S01003350,Penilee,Craigton,Glasgow Pollok,466,969,765,1154,280,338,283,342
S01003324,Ibrox East and Cessnock,Govan,Glasgow Govan,71,211,709,1159,62,126,273,343
S01003662,Knightswood Park West,Garscadden/Scotstounhill,Glasgow Anniesland,180,810,1194,1160,137,316,356,344
S01003305,Shettleston North,Baillieston,Glasgow Baillieston,1868,2408,1916,1162,494,482,432,345
S01003235,Shettleston South,Shettleston,Glasgow Shettleston,1494,1424,1520,1172,460,389,393,346
S01003463,Sighthill,Springburn,Glasgow Springburn,178,767,1489,1180,135,304,384,347
S01003101,Crookston South,Greater Pollok,Glasgow Pollok,532,1277,471,1187,301,375,210,348
S01003537,Firhill,Canal,Glasgow Maryhill,580,765,1613,1189,316,303,403,349
S01003475,Woodside,Hillhead,Glasgow Maryhill,416,736,675,1193,260,297,261,350
S01003645,Knightswood Park West,Garscadden/Scotstounhill,Glasgow Anniesland,1413,1559,1200,1203,447,408,357,351
S01003159,Toryglen and Oatlands,Southside Central,Glasgow Rutherglen,15,328,397,1207,15,178,186,352
S01003637,Anniesland West,Drumchapel/Anniesland,Glasgow Anniesland,1669,2122,1550,1208,476,455,398,353
S01003696,Blairdardie East,Drumchapel/Anniesland,Glasgow Anniesland,723,876,940,1210,353,329,315,354
S01003099,Nitshill,Greater Pollok,Glasgow Pollok,221,168,247,1220,164,100,123,355
S01003716,Drumchapel North,Drumchapel/Anniesland,Glasgow Anniesland,125,603,944,1230,102,263,316,356
S01003134,Toryglen and Oatlands,Southside Central,Glasgow Rutherglen,634,779,1304,1236,331,309,368,357
S01003116,Cathcart,Langside,Glasgow Cathcart,1470,2161,1729,1250,454,463,416,358
S01003630,Knightswood Park West,Garscadden/Scotstounhill,Glasgow Anniesland,670,1385,1802,1256,339,386,425,359
S01003056,Darnley East,Greater Pollok,Glasgow Pollok,254,258,440,1276,183,147,202,360
S01003674,Knightswood East,Garscadden/Scotstounhill,Glasgow Anniesland,1321,1530,1498,1277,438,405,387,361
S01003178,Mosspark,Craigton,Glasgow Pollok,281,1746,1869,1284,198,421,428,362
S01003148,Carmyle and Mount Vernon South,Shettleston,Glasgow Baillieston,932,1343,1217,1315,385,382,358,363
S01003132,Pollokshaws,Newlands/Auldburn,Glasgow Govan,159,317,670,1323,123,172,259,364
S01003126,Pollokshaws,Newlands/Auldburn,Glasgow Govan,91,262,937,1340,79,148,313,365
S01003144,Crookston North,Greater Pollok,Glasgow Pollok,540,1041,1269,1347,305,353,364,366
S01003452,Riddrie and Hogganfield,East Centre,Glasgow Springburn,985,1581,1912,1357,395,410,431,367
S01003590,Yoker South,Garscadden/Scotstounhill,Glasgow Anniesland,498,887,1672,1362,292,330,412,368
S01003339,Hillington,Craigton,Glasgow Pollok,1970,1688,1398,1363,500,418,377,369
S01003077,Carnwadric East,Newlands/Auldburn,Glasgow Cathcart,1232,2081,1621,1376,426,449,406,370
S01003608,Yoker South,Garscadden/Scotstounhill,Glasgow Anniesland,641,977,1064,1385,335,341,336,371
S01003213,Braidfauld,Shettleston,Glasgow Shettleston,1025,836,748,1398,405,323,280,372
S01003642,Knightswood East,Garscadden/Scotstounhill,Glasgow Anniesland,988,1914,1761,1403,397,434,421,373
S01003188,Govanhill West,Southside Central,Glasgow Shettleston,311,659,1189,1409,214,277,355,374
S01003332,Barlanark,Baillieston,Glasgow Baillieston,344,486,935,1421,230,229,312,375
S01003585,Ruchill,Maryhill/Kelvin,Glasgow Maryhill,123,398,1018,1431,100,200,326,376
S01003664,Maryhill East,Maryhill/Kelvin,Glasgow Maryhill,287,1044,1034,1435,201,354,327,377
S01003158,Toryglen and Oatlands,Southside Central,Glasgow Rutherglen,6,48,178,1439,6,33,92,378
S01003285,Gorbals and Hutchesontown,Southside Central,Glasgow Shettleston,98,246,508,1442,84,141,221,379
S01003268,Gorbals and Hutchesontown,Southside Central,Glasgow Shettleston,992,1435,2086,1444,399,390,445,380
S01003473,Woodside,Hillhead,Glasgow Maryhill,395,1012,1557,1455,251,349,399,381
S01003602,Balornock,North East,Glasgow Springburn,613,987,1432,1458,325,343,380,382
S01003394,Easterhouse East,North East,Glasgow Baillieston,255,466,794,1471,184,222,290,383
S01003502,"Garthamlock, Auchinlea and Gartloch",North East,Glasgow Baillieston,242,95,684,1475,174,60,263,384
S01003695,Summerston North,Maryhill/Kelvin,Glasgow Maryhill,971,1323,1259,1478,394,380,361,385
S01003335,"Calton, Gallowgate and Bridgeton",Calton,Glasgow Shettleston,229,146,576,1482,169,92,240,386
S01003033,Glenwood South,Linn,Glasgow Cathcart,143,203,781,1501,115,120,286,387
S01003408,Anderston,Anderston/City,Glasgow Kelvin,558,970,1048,1505,313,339,331,388
S01003250,Mosspark,Craigton,Glasgow Pollok,677,2036,1264,1508,342,445,362,389
S01003580,Springburn East and Cowlairs,Springburn,Glasgow Springburn,275,455,635,1509,195,219,252,390
S01003265,Cardonald West and Central,Craigton,Glasgow Pollok,871,2265,2203,1512,377,471,457,391
S01003143,Mount Florida,Langside,Glasgow Cathcart,1224,2367,1977,1519,424,480,435,392
S01003094,Merrylee and Millbrae,Newlands/Auldburn,Glasgow Cathcart,2066,1579,1548,1530,508,409,397,393
S01003046,Glenwood North,Linn,Glasgow Cathcart,457,475,1273,1542,275,225,365,394
S01003651,Knightswood Park East,Garscadden/Scotstounhill,Glasgow Anniesland,687,1400,982,1546,345,388,323,395
S01003156,Battlefield,Langside,Glasgow Cathcart,1113,1123,1311,1550,416,362,370,396
S01003249,Parkhead East and Braidfauld North,Shettleston,Glasgow Shettleston,1449,1498,1603,1572,450,400,402,397
S01003289,Parkhead East and Braidfauld North,Shettleston,Glasgow Shettleston,329,185,629,1576,224,111,250,398
S01003316,Ibrox East and Cessnock,Govan,Glasgow Govan,549,863,1565,1594,310,327,400,399
S01003647,Anniesland West,Drumchapel/Anniesland,Glasgow Anniesland,1765,1152,1391,1606,482,364,376,400
S01003635,Anniesland East,Drumchapel/Anniesland,Glasgow Anniesland,1883,2546,2132,1640,496,491,450,401
S01003447,City Centre East,Anderston/City,Glasgow Kelvin,83,137,792,1651,71,87,288,402
S01003300,Baillieston East,Baillieston,Glasgow Baillieston,2119,2750,2350,1659,511,505,468,403
S01003593,Scotstoun South and West,Garscadden/Scotstounhill,Glasgow Anniesland,564,1002,1154,1667,314,347,350,404
S01003165,Govanhill East and Aikenhead,Southside Central,Glasgow Shettleston,1278,1849,2379,1675,431,429,469,405
S01003200,Govanhill West,Southside Central,Glasgow Shettleston,508,1322,1486,1681,294,379,382,406
S01003578,Barmulloch,North East,Glasgow Springburn,161,69,253,1682,125,45,128,407
S01003477,Glasgow Harbour and  Partick South,Partick West,Glasgow Kelvin,2305,2756,3181,1695,526,507,518,408
S01003108,Cathcart,Langside,Glasgow Cathcart,863,1349,2274,1699,375,383,461,409
S01003403,Finnieston and Kelvinhaugh,Anderston/City,Glasgow Kelvin,1339,1532,1749,1717,440,406,419,410
S01003192,Strathbungo,Southside Central,Glasgow Govan,550,1225,1166,1721,311,372,351,411
S01003230,Mosspark,Craigton,Glasgow Pollok,1432,1751,1689,1730,448,422,414,412
S01003338,Kinning Park and Festival Park,Govan,Glasgow Govan,538,1078,1072,1741,304,357,337,413
S01003671,Anniesland West,Drumchapel/Anniesland,Glasgow Anniesland,840,1325,1690,1753,369,381,415,414
S01003157,Shawlands West,Pollokshields,Glasgow Govan,1392,2203,2309,1793,444,466,465,415
S01003128,Mount Florida,Langside,Glasgow Cathcart,664,1504,1680,1795,338,401,413,416
S01003304,Kingston West and Dumbreck,Govan,Glasgow Govan,1737,2471,2305,1827,480,485,464,417
S01003592,Ruchill,Canal,Glasgow Maryhill,47,1062,1742,1830,42,355,418,418
S01003639,Knightswood West,Garscadden/Scotstounhill,Glasgow Anniesland,1015,1307,1114,1833,403,377,344,419
S01003618,Knightswood Park East,Garscadden/Scotstounhill,Glasgow Anniesland,1639,2155,1739,1835,475,461,417,420
S01003683,Blairdardie East,Garscadden/Scotstounhill,Glasgow Anniesland,1518,2282,1894,1837,464,472,430,421
S01003476,"Garthamlock, Auchinlea and Gartloch",North East,Glasgow Baillieston,2246,1035,1986,1839,520,351,436,422
S01003492,Cowlairs and Port Dundas,Springburn,Glasgow Springburn,295,825,1787,1868,207,319,424,423
S01003219,Mosspark,Craigton,Glasgow Pollok,2057,1972,2084,1875,507,440,444,424
S01003535,Whiteinch,Partick West,Glasgow Kelvin,869,1768,1488,1889,376,425,383,425
S01003209,Mosspark,Craigton,Glasgow Pollok,1305,2113,1620,1892,433,451,405,426
S01003714,Drumchapel North,Drumchapel/Anniesland,Glasgow Anniesland,406,347,954,1932,255,185,319,427
S01003100,Newlands,Newlands/Auldburn,Glasgow Cathcart,1835,1971,1870,1943,492,439,429,428
S01003242,Kingston West and Dumbreck,Govan,Glasgow Govan,2182,2086,1819,1954,516,450,426,429
S01003053,Darnley North,Greater Pollok,Glasgow Pollok,1807,2682,2611,1971,485,502,482,430
S01003220,Pollokshields East,Pollokshields,Glasgow Govan,1826,2584,2465,1999,489,495,474,431
S01003191,Govanhill West,Southside Central,Glasgow Shettleston,471,378,1309,2005,283,194,369,432
S01003685,Yoker North,Garscadden/Scotstounhill,Glasgow Anniesland,946,1302,1511,2006,388,376,390,433
S01003500,Firhill,Hillhead,Glasgow Maryhill,186,1114,1544,2031,142,361,396,434
S01003328,"Calton, Gallowgate and Bridgeton",Calton,Glasgow Shettleston,527,1040,1144,2034,298,352,349,435
S01003169,Pollok South and West,Greater Pollok,Glasgow Pollok,2844,2020,3265,2053,562,443,524,436
S01003122,Toryglen and Oatlands,Southside Central,Glasgow Rutherglen,860,1362,1639,2059,374,384,409,437
S01003682,Summerston North,Maryhill/Kelvin,Glasgow Maryhill,1319,2319,2399,2070,437,474,473,438
S01003145,Carmyle and Mount Vernon South,Shettleston,Glasgow Baillieston,1529,1593,2328,2099,465,412,466,439
S01003406,Dennistoun North and Alexandra Parade,East Centre,Glasgow Springburn,1004,2174,1779,2101,401,464,423,440
S01003130,Mount Florida,Langside,Glasgow Cathcart,2526,3302,2514,2113,539,539,478,441
S01003461,Riddrie and Hogganfield,East Centre,Glasgow Springburn,755,1458,2134,2136,357,396,451,442
S01003240,Cardonald West and Central,Craigton,Glasgow Pollok,3733,3616,3226,2138,615,559,522,443
S01003092,Carnwadric East,Newlands/Auldburn,Glasgow Cathcart,2035,2594,2483,2172,505,496,476,444
S01003259,Baillieston East,Baillieston,Glasgow Baillieston,2404,2228,2292,2200,534,469,463,445
S01003415,City Centre East,Anderston/City,Glasgow Kelvin,630,1587,2061,2210,329,411,441,446
S01003090,Merrylee and Millbrae,Newlands/Auldburn,Glasgow Cathcart,1671,2493,2171,2222,477,487,454,447
S01003478,Hillhead,Partick West,Glasgow Kelvin,1817,1457,1496,2255,487,395,385,448
S01003499,Partick,Partick West,Glasgow Kelvin,2668,2525,1988,2281,553,488,437,449
S01003487,Woodlands,Hillhead,Glasgow Maryhill,2117,3590,3714,2287,510,556,548,450
S01003063,Castlemilk,Linn,Glasgow Cathcart,2016,2653,2549,2300,504,500,480,451
S01003070,Carnwadric East,Newlands/Auldburn,Glasgow Cathcart,1812,2482,1997,2328,486,486,439,452
S01003222,Pollokshields East,Pollokshields,Glasgow Govan,1376,1853,2706,2364,442,430,489,453
S01003648,Anniesland West,Drumchapel/Anniesland,Glasgow Anniesland,1554,2315,1990,2376,467,473,438,454
S01003649,Springburn East and Cowlairs,Canal,Glasgow Maryhill,2226,2066,2713,2378,518,447,490,455
S01003615,Yoker South,Garscadden/Scotstounhill,Glasgow Anniesland,390,739,857,2391,250,298,300,456
S01003382,Anderston,Anderston/City,Glasgow Kelvin,16,948,1757,2396,16,337,420,457
S01003417,Dennistoun North and Alexandra Parade,East Centre,Glasgow Springburn,1828,2245,2665,2407,490,470,485,458
S01003581,Ruchill,Canal,Glasgow Maryhill,1493,2041,2217,2411,459,446,459,459
S01003698,Blairdardie West,Drumchapel/Anniesland,Glasgow Anniesland,1511,2118,2106,2414,462,454,447,460
S01003195,Carmyle and Mount Vernon South,Shettleston,Glasgow Baillieston,2122,2959,2822,2416,512,518,496,461
S01003164,Battlefield,Southside Central,Glasgow Shettleston,1063,870,1940,2438,410,328,434,462
S01003098,Cathcart,Langside,Glasgow Cathcart,1180,2436,2694,2458,422,484,488,463
S01003117,Battlefield,Langside,Glasgow Cathcart,1166,2661,2392,2460,420,501,472,464
S01003516,Blackhill and Barmulloch East,North East,Glasgow Springburn,2303,2628,2202,2467,524,498,456,465
S01003691,Summerston Central and West,Maryhill/Kelvin,Glasgow Maryhill,2529,1943,2138,2487,541,437,452,466
S01003633,Yoker South,Garscadden/Scotstounhill,Glasgow Anniesland,1584,2552,2389,2518,469,493,471,467
S01003278,Cardonald North,Craigton,Glasgow Pollok,1819,2006,1775,2527,488,442,422,468
S01003392,Dennistoun North and Alexandra Parade,East Centre,Glasgow Springburn,679,2629,2852,2534,343,499,497,469
S01003658,Knightswood West,Garscadden/Scotstounhill,Glasgow Anniesland,1721,2356,3040,2538,479,478,508,470
S01003481,Partick,Partick West,Glasgow Kelvin,1475,2115,2091,2539,455,452,446,471
S01003154,Shawlands East,Langside,Glasgow Govan,1465,2380,1827,2547,453,481,427,472
S01003069,Carnwadric East,Newlands/Auldburn,Glasgow Cathcart,1481,1984,2215,2555,456,441,458,473
S01003201,Dalmarnock,Calton,Glasgow Shettleston,23,296,610,2576,21,162,248,474
S01003075,Kingspark South,Linn,Glasgow Cathcart,2114,2147,2052,2585,509,459,440,475
S01003177,Strathbungo,Pollokshields,Glasgow Govan,2867,3399,3675,2594,564,544,544,476
S01003295,Greenfield,Shettleston,Glasgow Baillieston,3392,2999,3022,2620,594,519,506,477
S01003210,Maxwell Park,Pollokshields,Glasgow Govan,2903,2747,2772,2632,565,504,494,478
S01003211,Pollokshields East,Pollokshields,Glasgow Govan,1590,1842,2151,2640,470,428,453,479
S01003380,Dennistoun,East Centre,Glasgow Springburn,950,2117,1927,2663,389,453,433,480
S01003080,Kingspark South,Linn,Glasgow Cathcart,3633,4623,3485,2686,610,621,532,481
S01003179,Govanhill West,Southside Central,Glasgow Shettleston,859,1962,3954,2708,373,438,572,482
S01003037,Darnley West,Greater Pollok,Glasgow Pollok,2743,2160,2536,2730,558,462,479,483
S01003410,City Centre West,Anderston/City,Glasgow Kelvin,1294,2144,2240,2760,432,458,460,484
S01003667,Yoker North,Garscadden/Scotstounhill,Glasgow Anniesland,1782,2357,2481,2765,483,479,475,485
S01003694,Blairdardie West,Drumchapel/Anniesland,Glasgow Anniesland,2808,2572,3223,2770,560,494,521,486
S01003614,Kelvinside and Jordanhill,Partick West,Glasgow Anniesland,1789,3258,3314,2786,484,536,526,487
S01003368,Gallowgate North and Bellgrove,Calton,Glasgow Shettleston,303,722,879,2803,211,293,307,488
S01003547,North Kelvin,Canal,Glasgow Maryhill,1263,3114,2797,2830,430,526,495,489
S01003065,Muirend and Old Cathcart,Linn,Glasgow Cathcart,2669,3645,3141,2853,554,561,513,490
S01003385,Dennistoun,East Centre,Glasgow Springburn,2332,3352,3242,2890,530,542,523,491
S01003613,Robroyston and Millerston,North East,Glasgow Springburn,2821,2867,2721,2894,561,511,492,492
S01003283,Garrowhill West,Baillieston,Glasgow Baillieston,4215,3401,2912,2908,643,545,501,493
S01003465,Glasgow Harbour and  Partick South,Partick West,Glasgow Kelvin,1512,1940,2281,2917,463,435,462,494
S01003374,Barlanark,Baillieston,Glasgow Baillieston,377,896,1503,2921,245,332,388,495
S01003207,Pollokshields East,Pollokshields,Glasgow Govan,2381,2800,2580,2927,533,509,481,496
S01003320,Kinning Park and Festival Park,Govan,Glasgow Govan,1318,2752,3331,2949,436,506,528,497
S01003105,Kingspark North,Langside,Glasgow Rutherglen,3710,3557,2636,2956,614,553,484,498
S01003454,Woodlands,Hillhead,Glasgow Maryhill,1315,1822,2195,3022,434,427,455,499
S01003057,Castlemilk,Linn,Glasgow Cathcart,3834,3333,2715,3045,620,541,491,500
S01003031,Glenwood South,Linn,Glasgow Cathcart,14,3585,6496,3061,14,555,694,501
S01003510,Cowlairs and Port Dundas,Springburn,Glasgow Springburn,286,789,2068,3073,200,311,442,502
S01003325,Hillington,Craigton,Glasgow Pollok,2642,3464,3741,3100,549,549,550,503
S01003133,Langside,Langside,Glasgow Govan,3893,4429,3889,3109,622,614,571,504
S01003114,Mount Florida,Langside,Glasgow Cathcart,3699,3769,3336,3149,613,569,529,505
S01003136,Mount Florida,Langside,Glasgow Cathcart,1458,2152,2977,3168,452,460,504,506
S01003125,Langside,Langside,Glasgow Cathcart,1326,2927,3151,3206,439,516,514,507
S01003479,Hillhead,Partick West,Glasgow Kelvin,1617,2798,2854,3210,473,508,498,508
S01003174,Govanhill West,Southside Central,Glasgow Shettleston,1179,2128,2386,3211,421,457,470,509
S01003227,Pollokshields East,Pollokshields,Glasgow Govan,1762,2074,2109,3225,481,448,448,510
S01003129,Langside,Langside,Glasgow Govan,2278,3283,2859,3240,522,537,499,511
S01003528,"Garthamlock, Auchinlea and Gartloch",North East,Glasgow Baillieston,2169,1497,2490,3246,515,399,477,512
S01003317,Barlanark,Baillieston,Glasgow Baillieston,2584,2329,2332,3275,546,476,467,513
S01003241,Shettleston South,Shettleston,Glasgow Shettleston,2643,2928,3535,3288,550,517,535,514
S01003123,Pollok South and West,Greater Pollok,Glasgow Pollok,3223,3153,2948,3333,578,527,502,515
S01003321,Garrowhill East and Swinton,Baillieston,Glasgow Baillieston,3287,3046,3098,3345,581,523,512,516
S01003715,Drumry West,Drumchapel/Anniesland,Glasgow Anniesland,1556,2528,3071,3361,468,489,510,517
S01003189,Govanhill West,Southside Central,Glasgow Shettleston,654,1857,2620,3388,337,431,483,518
S01003112,Cathcart,Langside,Glasgow Cathcart,3295,4345,3272,3421,583,605,525,519
S01003318,Garrowhill East and Swinton,Baillieston,Glasgow Baillieston,2330,3595,3828,3428,529,557,562,520
S01003470,Hillhead,Partick West,Glasgow Kelvin,896,3003,3587,3430,379,520,538,521
S01003127,Kingspark North,Langside,Glasgow Rutherglen,2601,3054,3157,3454,548,524,515,522
S01003073,Kingspark South,Linn,Glasgow Cathcart,3310,3720,2870,3495,588,565,500,523
S01003532,Victoria Park,Partick West,Glasgow Kelvin,3300,4373,3989,3506,584,608,574,524
S01003676,Anniesland West,Drumchapel/Anniesland,Glasgow Anniesland,262,2194,3801,3515,186,465,559,525
S01003484,Kelvingrove and University,Hillhead,Glasgow Kelvin,3824,3675,3839,3516,619,563,564,526
S01003103,Kingspark North,Langside,Glasgow Cathcart,3565,4582,4061,3517,606,619,580,527
S01003078,Muirend and Old Cathcart,Newlands/Auldburn,Glasgow Cathcart,2951,4458,3864,3518,567,617,569,528
S01003197,Mount Vernon North and Sandyhills,Shettleston,Glasgow Baillieston,3191,3965,3427,3521,576,584,531,529
S01003548,Barmulloch,Springburn,Glasgow Springburn,66,62,510,3561,58,42,223,530
S01003193,Baillieston East,Baillieston,Glasgow Baillieston,1896,1941,3095,3567,497,436,511,531
S01003566,Ruchill,Canal,Glasgow Maryhill,2329,3512,3693,3575,528,551,545,532
S01003609,Kelvinside and Jordanhill,Partick West,Glasgow Anniesland,4340,4839,4683,3578,649,629,623,533
S01003288,Garrowhill West,Baillieston,Glasgow Baillieston,4626,5086,4737,3600,664,644,625,534
S01003153,Maxwell Park,Pollokshields,Glasgow Govan,3061,3773,3063,3605,570,570,509,535
S01003034,Darnley East,Greater Pollok,Glasgow Pollok,2348,3059,3032,3617,531,525,507,536
S01003550,Robroyston and Millerston,North East,Glasgow Springburn,3913,4588,4627,3631,625,620,618,537
S01003626,Robroyston and Millerston,North East,Glasgow Springburn,3368,4159,3849,3633,593,596,565,538
S01003236,Pollokshields West,Pollokshields,Glasgow Govan,1495,1895,3180,3647,461,432,517,539
S01003258,Baillieston West,Baillieston,Glasgow Baillieston,3510,4160,3553,3653,603,597,537,540
S01003149,Shawlands East,Langside,Glasgow Govan,1926,3297,3321,3655,498,538,527,541
S01003659,Anniesland West,Drumchapel/Anniesland,Glasgow Anniesland,2539,3159,3721,3676,542,528,549,542
S01003096,Kingspark South,Linn,Glasgow Cathcart,3397,3818,4012,3679,595,575,576,543
S01003067,Carmunnock North,Linn,Glasgow Cathcart,3092,3748,3992,3708,572,566,575,544
S01003131,Battlefield,Langside,Glasgow Cathcart,2311,3897,3650,3717,527,581,540,545
S01003451,Hillhead,Partick West,Glasgow Kelvin,2292,3181,3807,3722,523,530,560,546
S01003468,Woodlands,Hillhead,Glasgow Maryhill,2304,3540,3220,3748,525,552,520,547
S01003059,Muirend and Old Cathcart,Newlands/Auldburn,Glasgow Cathcart,4198,4076,4152,3767,642,590,586,548
S01003234,Pollokshields West,Pollokshields,Glasgow Govan,2690,3203,3542,3769,556,532,536,549
S01003180,Shettleston South,Shettleston,Glasgow Shettleston,3352,3369,4030,3806,590,543,579,550
S01003311,Garrowhill West,Baillieston,Glasgow Baillieston,3632,4941,4422,3819,609,635,606,551
S01003106,Newlands,Newlands/Auldburn,Glasgow Cathcart,3472,4192,3750,3836,602,599,554,552
S01003173,Strathbungo,Southside Central,Glasgow Govan,1092,3567,3006,3853,413,554,505,553
S01003120,Pollok South and West,Greater Pollok,Glasgow Pollok,4286,4019,4105,3894,646,587,584,554
S01003395,Dennistoun North and Alexandra Parade,East Centre,Glasgow Springburn,1997,2541,2692,3925,503,490,487,555
S01003115,Pollokshaws,Newlands/Auldburn,Glasgow Cathcart,2184,2924,3745,3946,517,515,551,556
S01003675,Anniesland East,Drumchapel/Anniesland,Glasgow Anniesland,3307,4399,4523,3954,586,611,612,557
S01003086,Newlands,Newlands/Auldburn,Glasgow Cathcart,4103,4167,3831,3957,638,598,563,558
S01003276,Garrowhill West,Baillieston,Glasgow Baillieston,4174,4832,4942,3959,641,628,635,559
S01003423,Anderston,Anderston/City,Glasgow Kelvin,2853,5439,4906,3966,563,665,633,560
S01003643,Maryhill West,Maryhill/Kelvin,Glasgow Maryhill,428,1630,3486,3979,265,415,533,561
S01003119,Kingspark North,Langside,Glasgow Rutherglen,2475,2815,2672,3981,537,510,486,562
S01003446,City Centre West,Anderston/City,Glasgow Kelvin,2521,3318,5004,3987,538,540,638,563
S01003460,Hillhead,Partick West,Glasgow Kelvin,1401,3412,3703,4000,445,546,546,564
S01003517,Firhill,Hillhead,Glasgow Maryhill,2056,4097,3767,4002,506,592,557,565
S01003697,Blairdardie West,Drumchapel/Anniesland,Glasgow Anniesland,4710,4978,5282,4013,668,637,650,566
S01003170,Maxwell Park,Pollokshields,Glasgow Govan,5014,4435,3751,4015,673,615,555,567
S01003124,Battlefield,Langside,Glasgow Cathcart,2583,3887,4380,4040,545,579,602,568
S01003102,Kingspark North,Langside,Glasgow Rutherglen,3941,4147,2959,4043,627,595,503,569
S01003594,Kelvindale,Maryhill/Kelvin,Glasgow Anniesland,4007,3806,3809,4065,633,573,561,570
S01003612,Anniesland East,Maryhill/Kelvin,Glasgow Anniesland,4347,3903,4124,4080,650,582,585,571
S01003292,Garrowhill West,Baillieston,Glasgow Baillieston,3408,3013,3670,4089,596,522,543,572
S01003496,Partick,Partick West,Glasgow Kelvin,3999,3985,3159,4090,632,585,516,573
S01003631,Knightswood Park East,Garscadden/Scotstounhill,Glasgow Anniesland,1539,3453,4436,4099,466,548,607,574
S01003261,Cardonald West and Central,Craigton,Glasgow Pollok,3971,3915,3749,4121,630,583,553,575
S01003141,Langside,Langside,Glasgow Govan,3530,5255,5149,4132,605,657,646,576
S01003323,Garrowhill West,Baillieston,Glasgow Baillieston,3573,3161,2735,4149,607,529,493,577
S01003554,North Kelvin,Canal,Glasgow Maryhill,2766,3890,3856,4169,559,580,567,578
S01003257,Pollokshields West,Pollokshields,Glasgow Govan,3466,3826,3855,4200,601,576,566,579
S01003187,Strathbungo,Pollokshields,Glasgow Govan,2947,3765,3862,4203,566,568,568,580
S01003079,Muirend and Old Cathcart,Linn,Glasgow Cathcart,2645,4026,4015,4210,551,588,577,581
S01003491,Sighthill,Springburn,Glasgow Springburn,44,351,1476,4220,40,186,381,582
S01003425,Finnieston and Kelvinhaugh,Anderston/City,Glasgow Kelvin,3448,5066,4087,4244,598,642,581,583
S01003597,Kelvinside and Jordanhill,Partick West,Glasgow Anniesland,3245,3011,3664,4259,579,521,542,584
S01003071,Muirend and Old Cathcart,Newlands/Auldburn,Glasgow Cathcart,3899,5840,5106,4263,623,679,643,585
S01003433,City Centre West,Anderston/City,Glasgow Kelvin,2680,2731,3753,4265,555,503,556,586
S01003533,Petershill,Springburn,Glasgow Springburn,48,615,1593,4274,43,265,401,587
S01003196,Maxwell Park,Pollokshields,Glasgow Govan,4094,5716,4505,4286,636,674,611,588
S01003638,Kelvindale,Maryhill/Kelvin,Glasgow Anniesland,2695,3793,4279,4289,557,572,597,589
S01003260,Mount Vernon North and Sandyhills,Shettleston,Glasgow Baillieston,3426,4412,4362,4323,597,612,600,590
S01003091,Kingspark South,Linn,Glasgow Cathcart,3159,4231,4102,4329,573,600,582,591
S01003146,Shawlands East,Langside,Glasgow Govan,2438,3784,4104,4334,535,571,583,592
S01003449,City Centre West,Anderston/City,Glasgow Kelvin,1860,3596,4159,4372,493,558,588,593
S01003371,Dennistoun,East Centre,Glasgow Springburn,940,2874,4260,4391,387,512,595,594
S01003252,Baillieston West,Baillieston,Glasgow Baillieston,2465,2893,3599,4394,536,513,539,595
S01003542,Dowanhill,Hillhead,Glasgow Kelvin,5291,5405,4610,4411,683,662,617,596
S01003520,Partickhill and Hyndland,Hillhead,Glasgow Kelvin,3528,4456,4155,4415,604,616,587,597
S01003430,Anderston,Anderston/City,Glasgow Kelvin,1831,3235,4261,4423,491,535,596,598
S01003087,Kingspark South,Linn,Glasgow Cathcart,3007,3626,4589,4462,569,560,616,599
S01003168,Shawlands West,Pollokshields,Glasgow Govan,2576,3714,3746,4495,543,564,552,600
S01003183,Strathbungo,Southside Central,Glasgow Govan,1023,2320,4681,4498,404,475,622,601
S01003166,Shawlands West,Pollokshields,Glasgow Govan,1964,4066,4282,4520,499,589,598,602
S01003041,Darnley West,Greater Pollok,Glasgow Pollok,3815,3661,3709,4539,617,562,547,603
S01003139,Shawlands West,Pollokshields,Glasgow Govan,3187,4900,4460,4566,575,632,608,604
S01003155,Pollok South and West,Greater Pollok,Glasgow Pollok,5294,5193,5013,4587,684,651,639,605
S01003224,Mount Vernon North and Sandyhills,Shettleston,Glasgow Baillieston,3929,4830,4570,4596,626,627,614,606
S01003137,Shawlands East,Langside,Glasgow Govan,2527,3217,3789,4634,540,533,558,607
S01003085,Cathcart,Linn,Glasgow Cathcart,4365,4712,4027,4677,651,625,578,608
S01003171,Maxwell Park,Pollokshields,Glasgow Govan,3877,5251,5525,4679,621,656,661,609
S01003113,Kingspark North,Langside,Glasgow Rutherglen,4171,4863,4664,4694,640,630,621,610
S01003399,City Centre East,Anderston/City,Glasgow Kelvin,2162,4096,4836,4726,514,591,628,611
S01003623,Kelvindale,Maryhill/Kelvin,Glasgow Anniesland,4897,5441,4843,4731,672,666,629,612
S01003212,Mount Vernon North and Sandyhills,Baillieston,Glasgow Baillieston,2655,4309,4879,4767,552,603,631,613
S01003501,Kelvingrove and University,Hillhead,Glasgow Kelvin,1986,3763,4393,4808,501,567,604,614
S01003569,Victoria Park,Partick West,Glasgow Anniesland,4398,4873,4876,4825,652,631,630,615
S01003233,Mount Vernon North and Sandyhills,Shettleston,Glasgow Baillieston,4794,4106,4191,4828,670,593,590,616
S01003089,Newlands,Newlands/Auldburn,Glasgow Cathcart,4720,5202,4651,4855,669,652,619,617
S01003641,Robroyston and Millerston,North East,Glasgow Springburn,4302,4420,4383,4889,647,613,603,618
S01003282,Cardonald West and Central,Craigton,Glasgow Pollok,3221,3471,3391,4904,577,550,530,619
S01003511,Partickhill and Hyndland,Partick West,Glasgow Kelvin,4653,5408,5182,4925,666,663,647,620
S01003438,Finnieston and Kelvinhaugh,Anderston/City,Glasgow Kelvin,1316,3189,4214,4941,435,531,592,621
S01003576,Kelvinside and Jordanhill,Hillhead,Glasgow Kelvin,4404,4240,5202,4952,653,601,648,622
S01003588,Robroyston and Millerston,North East,Glasgow Springburn,3349,4274,4400,4974,589,602,605,623
S01003186,Maxwell Park,Pollokshields,Glasgow Govan,3951,5434,5471,4985,628,664,656,624
S01003625,Wyndford,Maryhill/Kelvin,Glasgow Maryhill,64,1184,3201,4998,56,367,519,625
S01003560,Broomhill,Partick West,Glasgow Kelvin,5510,5342,5252,5011,687,658,649,626
S01003370,Dennistoun,East Centre,Glasgow Springburn,956,3220,3877,5031,390,534,570,627
S01003497,Kelvingrove and University,Partick West,Glasgow Kelvin,3363,4386,4467,5040,591,610,609,628
S01003068,Carmunnock North,Linn,Glasgow Cathcart,3817,4988,5027,5068,618,638,640,629
S01003038,Darnley West,Greater Pollok,Glasgow Pollok,4504,4362,4767,5078,661,606,626,630
S01003172,Strathbungo,Southside Central,Glasgow Shettleston,1188,2915,3496,5093,423,514,534,631
S01003050,Carmunnock North,Linn,Glasgow Cathcart,3962,4636,4237,5116,629,622,594,632
S01003661,Anniesland East,Maryhill/Kelvin,Glasgow Anniesland,4100,4379,4545,5149,637,609,613,633
S01003344,Penilee,Craigton,Glasgow Pollok,808,2598,3981,5155,366,497,573,634
S01003025,Carmunnock South,Linn,Glasgow Cathcart,4227,4466,4578,5194,644,618,615,635
S01003330,Garrowhill East and Swinton,Baillieston,Glasgow Baillieston,6028,5459,5665,5213,693,667,668,636
S01003027,Darnley East,Greater Pollok,Glasgow Pollok,4840,3852,4494,5264,671,577,610,637
S01003066,Muirend and Old Cathcart,Linn,Glasgow Cathcart,4434,5343,5102,5300,655,659,642,638
S01003163,Maxwell Park,Pollokshields,Glasgow Govan,3814,5485,5293,5335,616,668,651,639
S01003506,Firhill,Hillhead,Glasgow Maryhill,2355,3855,4161,5344,532,578,589,640
S01003061,Carmunnock North,Linn,Glasgow Cathcart,4253,4367,5141,5353,645,607,645,641
S01003110,Merrylee and Millbrae,Newlands/Auldburn,Glasgow Cathcart,3670,5153,5481,5365,612,648,657,642
S01003620,Kelvindale,Maryhill/Kelvin,Glasgow Anniesland,5161,5750,4713,5395,678,676,624,643
S01003699,Summerston Central and West,Maryhill/Kelvin,Glasgow Maryhill,4439,3814,4209,5404,656,574,591,644
S01003341,Garrowhill East and Swinton,Baillieston,Glasgow Baillieston,4590,4733,4658,5415,663,626,620,645
S01003570,Scotstoun North and East,Garscadden/Scotstounhill,Glasgow Kelvin,3289,4338,4956,5427,582,604,637,646
S01003529,Petershill,Springburn,Glasgow Springburn,3305,4136,5548,5431,585,594,662,647
S01003524,Broomhill,Partick West,Glasgow Kelvin,4469,5522,5376,5500,659,670,653,648
S01003558,Dowanhill,Hillhead,Glasgow Kelvin,5214,5525,5849,5501,681,671,671,649
S01003464,Woodlands,Hillhead,Glasgow Maryhill,3978,6174,5694,5502,631,688,670,650
S01003522,Dowanhill,Hillhead,Glasgow Kelvin,4639,5147,4373,5541,665,647,601,651
S01003527,Victoria Park,Partick West,Glasgow Anniesland,4696,6055,5561,5553,667,684,663,652
S01003074,Newlands,Newlands/Auldburn,Glasgow Cathcart,5097,6002,6245,5567,676,683,687,653
S01003097,Crookston South,Greater Pollok,Glasgow Pollok,339,2210,4954,5612,228,467,636,654
S01003359,Garrowhill East and Swinton,Baillieston,Glasgow Baillieston,4518,5158,5118,5626,662,649,644,655
S01003559,Scotstoun North and East,Garscadden/Scotstounhill,Glasgow Kelvin,4070,4968,5523,5639,634,636,660,656
S01003432,Finnieston and Kelvinhaugh,Anderston/City,Glasgow Kelvin,3588,5839,6045,5671,608,678,681,657
S01003525,Partickhill and Hyndland,Partick West,Glasgow Kelvin,3366,4641,4904,5705,592,623,632,658
S01003109,Merrylee and Millbrae,Newlands/Auldburn,Glasgow Cathcart,4130,5167,5596,5722,639,650,664,659
S01003539,Broomhill,Partick West,Glasgow Kelvin,5804,5722,5638,5753,690,675,667,660
S01003616,Robroyston and Millerston,North East,Glasgow Springburn,5295,5356,5633,5773,685,660,666,661
S01003081,Carnwadric West,Newlands/Auldburn,Glasgow Cathcart,4487,5030,5503,5780,660,640,658,662
S01003095,Newlands,Newlands/Auldburn,Glasgow Cathcart,5726,6377,6303,5814,689,692,690,663
S01003504,Kelvingrove and University,Hillhead,Glasgow Kelvin,2982,5240,5880,5830,568,655,673,664
S01003514,Dowanhill,Hillhead,Glasgow Kelvin,4089,5028,5678,5831,635,639,669,665
S01003536,Partickhill and Hyndland,Hillhead,Glasgow Kelvin,5182,6187,6244,5848,679,689,686,666
S01003437,Finnieston and Kelvinhaugh,Anderston/City,Glasgow Kelvin,1879,4919,4929,5856,495,633,634,667
S01003366,City Centre East,Anderston/City,Glasgow Kelvin,1996,4012,4774,5857,502,586,627,668
S01003574,Ruchill,Canal,Glasgow Maryhill,4411,5035,5622,5867,654,641,665,669
S01003229,Pollokshields West,Pollokshields,Glasgow Govan,5251,4663,5309,5871,682,624,652,670
S01003544,North Kelvin,Canal,Glasgow Maryhill,3463,5079,5036,5879,600,643,641,671
S01003453,Woodlands,Anderston/City,Glasgow Kelvin,2577,3417,4329,5883,544,547,599,672
S01003513,Kelvingrove and University,Hillhead,Glasgow Kelvin,3308,5832,5896,5926,587,677,675,673
S01003507,Firhill,Hillhead,Glasgow Maryhill,3066,6281,6259,5938,571,690,689,674
S01003632,Anniesland East,Maryhill/Kelvin,Glasgow Anniesland,5050,5373,5519,5940,674,661,659,675
S01003503,Hillhead,Partick West,Glasgow Kelvin,4447,5975,5462,5946,658,681,655,676
S01003556,Scotstoun North and East,Garscadden/Scotstounhill,Glasgow Kelvin,4323,5110,5382,5952,648,645,654,677
S01003505,Sighthill,Springburn,Glasgow Springburn,151,814,3652,5955,119,317,541,678
S01003568,Kelvindale,Maryhill/Kelvin,Glasgow Anniesland,3900,4926,5856,6026,624,634,672,679
S01003591,Kelvinside and Jordanhill,Partick West,Glasgow Anniesland,5855,6101,6124,6028,691,686,684,680
S01003474,Woodlands,Hillhead,Glasgow Maryhill,3664,5212,5888,6037,611,653,674,681
S01003485,Woodlands,Hillhead,Glasgow Maryhill,5079,5901,6069,6069,675,680,682,682
S01003660,Robroyston and Millerston,North East,Glasgow Springburn,6109,6388,6144,6093,694,693,685,683
S01003526,North Kelvin,Hillhead,Glasgow Kelvin,3184,5114,6018,6116,574,646,679,684
S01003530,Firhill,Canal,Glasgow Maryhill,3457,5683,6070,6126,599,672,683,685
S01003521,Kelvingrove and University,Hillhead,Glasgow Kelvin,2587,5707,6002,6157,547,673,678,686
S01003589,Kelvindale,Maryhill/Kelvin,Glasgow Anniesland,5945,5980,5992,6224,692,682,676,687
S01003587,Kelvinside and Jordanhill,Partick West,Glasgow Anniesland,5637,6131,6397,6272,688,687,692,688
S01003552,Kelvinside and Jordanhill,Hillhead,Glasgow Kelvin,5495,6432,6344,6308,686,694,691,689
S01003319,Craigton,Govan,Glasgow Govan,50,696,4216,6344,45,287,593,690
S01003429,Finnieston and Kelvinhaugh,Anderston/City,Glasgow Kelvin,5115,6352,6438,6394,677,691,693,691
S01003555,North Kelvin,Canal,Glasgow Maryhill,3270,5233,6029,6412,580,654,680,692
S01003509,Kelvingrove and University,Hillhead,Glasgow Kelvin,5201,5520,6000,6424,680,669,677,693
S01003545,Dowanhill,Hillhead,Glasgow Kelvin,4444,6095,6254,6467,657,685,688,694
