Datazone,Intermediate geography name,Multi-member ward name,2011 Scottish Parliamentary Constituencies,housing_deprivation_rank_2004,housing_deprivation_rank_2006,housing_deprivation_rank_2009,housing_deprivation_rank_2012,housing_local_rank_2004,housing_local_rank_2006,housing_local_rank_2009,housing_local_rank_2012
S01003404,"Cranhill, Lightburn and Queenslie South",East Centre,Glasgow Baillieston,1,1,1,1,1,1,1,1
S01003717,Drumry East,Drumchapel/Anniesland,Glasgow Anniesland,2,2,2,2,2,2,2,2
S01003192,Strathbungo,Southside Central,Glasgow Govan,3,3,3,3,3,3,3,3
S01003470,Hillhead,Partick West,Glasgow Kelvin,4,4,4,4,4,4,4,4
S01003379,North Barlanark and Easterhouse South,Baillieston,Glasgow Baillieston,5,5,5,5,5,5,5,5
S01003716,Drumchapel North,Drumchapel/Anniesland,Glasgow Anniesland,6,6,6,6,6,6,6,6
S01003680,Milton East,Canal,Glasgow Maryhill,7,7,7,7,7,7,7,7
S01003713,Drumry East,Drumchapel/Anniesland,Glasgow Anniesland,8,8,8,8,8,8,8,8
S01003702,Drumchapel South,Drumchapel/Anniesland,Glasgow Anniesland,9,9,9,9,9,9,9,9
S01003322,Ibrox East and Cessnock,Govan,Glasgow Govan,10,10,10,10,10,10,10,10
S01003179,Govanhill West,Southside Central,Glasgow Shettleston,11,11,11,11,11,11,11,11
S01003189,Govanhill West,Southside Central,Glasgow Shettleston,15,15,15,15,12,12,12,12
S01003578,Barmulloch,North East,Glasgow Springburn,16,16,16,16,13,13,13,13
S01003434,Central Easterhouse,North East,Glasgow Baillieston,17,17,17,17,14,14,14,14
S01003653,Milton West,Canal,Glasgow Maryhill,18,18,18,18,15,15,15,15
S01003666,Milton West,Canal,Glasgow Maryhill,20,20,20,20,16,16,16,16
S01003456,Central Easterhouse,North East,Glasgow Baillieston,21,21,21,21,17,17,17,17
S01003319,Craigton,Govan,Glasgow Govan,24,24,24,24,18,18,18,18
S01003707,Drumry West,Drumchapel/Anniesland,Glasgow Anniesland,26,26,26,26,19,19,19,19
S01003279,Parkhead West and Barrowfield,Calton,Glasgow Shettleston,27,27,27,27,20,20,20,20
S01003222,Pollokshields East,Pollokshields,Glasgow Govan,29,29,29,29,21,21,21,21
S01003657,Milton East,Canal,Glasgow Maryhill,30,30,30,30,22,22,22,22
S01003706,Drumchapel South,Drumchapel/Anniesland,Glasgow Anniesland,31,31,31,31,23,23,23,23
S01003200,Govanhill West,Southside Central,Glasgow Shettleston,34,34,34,34,24,24,24,24
S01003183,Strathbungo,Southside Central,Glasgow Govan,35,35,35,35,25,25,25,25
S01003140,Crookston South,Greater Pollok,Glasgow Pollok,36,36,36,36,26,26,26,26
S01003207,Pollokshields East,Pollokshields,Glasgow Govan,37,37,37,37,27,27,27,27
S01003227,Pollokshields East,Pollokshields,Glasgow Govan,39,39,39,39,28,28,28,28
S01003540,Keppochhill,Canal,Glasgow Maryhill,41,41,41,41,29,29,29,29
S01003424,Drumoyne and Shieldhall,Govan,Glasgow Govan,44,44,44,44,30,30,30,30
S01003689,Blairdardie East,Drumchapel/Anniesland,Glasgow Anniesland,45,45,45,45,31,31,31,31
S01003394,Easterhouse East,North East,Glasgow Baillieston,46,46,46,46,32,32,32,32
S01003167,Pollok South and West,Greater Pollok,Glasgow Pollok,47,47,47,47,33,33,33,33
S01003098,Cathcart,Langside,Glasgow Cathcart,48,48,48,48,34,34,34,34
S01003108,Cathcart,Langside,Glasgow Cathcart,49,49,49,49,35,35,35,35
S01003523,Craigend and Ruchazie,North East,Glasgow Baillieston,51,51,51,51,36,36,36,36
S01003188,Govanhill West,Southside Central,Glasgow Shettleston,52,52,52,52,37,37,37,37
S01003116,Cathcart,Langside,Glasgow Cathcart,53,53,53,53,38,38,38,38
S01003351,Ibrox East and Cessnock,Govan,Glasgow Govan,54,54,54,54,39,39,39,39
S01003324,Ibrox East and Cessnock,Govan,Glasgow Govan,57,57,57,57,40,40,40,40
S01003557,Barmulloch,North East,Glasgow Springburn,58,58,58,58,41,41,41,41
S01003236,Pollokshields West,Pollokshields,Glasgow Govan,59,59,59,59,42,42,42,42
S01003387,Carntyne West and Haghill,East Centre,Glasgow Springburn,60,60,60,60,43,43,43,43
S01003389,Carntyne West and Haghill,East Centre,Glasgow Springburn,61,61,61,61,44,44,44,44
S01003304,Kingston West and Dumbreck,Govan,Glasgow Govan,62,62,62,62,45,45,45,45
S01003474,Woodlands,Hillhead,Glasgow Maryhill,63,63,63,63,46,46,46,46
S01003479,Hillhead,Partick West,Glasgow Kelvin,64,64,64,64,47,47,47,47
S01003483,Craigend and Ruchazie,North East,Glasgow Baillieston,65,65,65,65,48,48,48,48
S01003709,Drumry East,Drumchapel/Anniesland,Glasgow Anniesland,66,66,66,66,49,49,49,49
S01003342,Gallowgate North and Bellgrove,Calton,Glasgow Shettleston,69,69,69,69,50,50,50,50
S01003401,"Cranhill, Lightburn and Queenslie South",East Centre,Glasgow Baillieston,69,69,69,69,50,50,50,50
S01003468,Woodlands,Hillhead,Glasgow Maryhill,70,70,70,70,52,52,52,52
S01003274,Laurieston and Tradeston,Southside Central,Glasgow Shettleston,71,71,71,71,53,53,53,53
S01003491,Sighthill,Springburn,Glasgow Springburn,73,73,73,73,54,54,54,54
S01003371,Dennistoun,East Centre,Glasgow Springburn,74,74,74,74,55,55,55,55
S01003181,Pollok North and East,Craigton,Glasgow Pollok,75,75,75,75,56,56,56,56
S01003185,Govanhill East and Aikenhead,Southside Central,Glasgow Shettleston,76,76,76,76,57,57,57,57
S01003441,Govan and Linthouse,Govan,Glasgow Govan,77,77,77,77,58,58,58,58
S01003477,Glasgow Harbour and  Partick South,Partick West,Glasgow Kelvin,79,79,79,79,59,59,59,59
S01003414,Easterhouse East,North East,Glasgow Baillieston,80,80,80,80,60,60,60,60
S01003420,North Barlanark and Easterhouse South,North East,Glasgow Baillieston,83,83,83,83,61,61,61,61
S01003302,Laurieston and Tradeston,Southside Central,Glasgow Shettleston,85,85,85,85,62,62,62,62
S01003077,Carnwadric East,Newlands/Auldburn,Glasgow Cathcart,86,86,86,86,63,63,63,63
S01003600,Wyndford,Maryhill/Kelvin,Glasgow Maryhill,87,87,87,87,64,64,64,64
S01003444,"Garthamlock, Auchinlea and Gartloch",North East,Glasgow Baillieston,88,88,88,88,65,65,65,65
S01003478,Hillhead,Partick West,Glasgow Kelvin,89,89,89,89,66,66,66,66
S01003058,Darnley West,Greater Pollok,Glasgow Pollok,90,90,90,90,67,67,67,67
S01003499,Partick,Partick West,Glasgow Kelvin,91,91,91,91,68,68,68,68
S01003435,Central Easterhouse,North East,Glasgow Baillieston,92,92,92,92,69,69,69,69
S01003320,Kinning Park and Festival Park,Govan,Glasgow Govan,93,93,93,93,70,70,70,70
S01003466,Hillhead,Partick West,Glasgow Kelvin,95,95,95,95,71,71,71,71
S01003502,"Garthamlock, Auchinlea and Gartloch",North East,Glasgow Baillieston,97,97,97,97,72,72,72,72
S01003465,Glasgow Harbour and  Partick South,Partick West,Glasgow Kelvin,99,99,99,99,73,73,73,73
S01003332,Barlanark,Baillieston,Glasgow Baillieston,102,102,102,102,74,74,74,74
S01003117,Battlefield,Langside,Glasgow Cathcart,103,103,103,103,75,75,75,75
S01003449,City Centre West,Anderston/City,Glasgow Kelvin,104,104,104,104,76,76,76,76
S01003519,Firhill,Hillhead,Glasgow Maryhill,105,105,105,105,77,77,77,77
S01003703,Drumchapel South,Drumchapel/Anniesland,Glasgow Anniesland,106,106,106,106,78,78,78,78
S01003531,Scotstoun South and West,Garscadden/Scotstounhill,Glasgow Kelvin,107,107,107,107,79,79,79,79
S01003604,Ruchill,Maryhill/Kelvin,Glasgow Maryhill,108,108,108,108,80,80,80,80
S01003704,Drumry West,Drumchapel/Anniesland,Glasgow Anniesland,109,109,109,109,81,81,81,81
S01003376,Barlanark,Baillieston,Glasgow Baillieston,110,110,110,110,82,82,82,82
S01003402,Central Easterhouse,North East,Glasgow Baillieston,111,111,111,111,83,83,83,83
S01003650,Maryhill West,Maryhill/Kelvin,Glasgow Maryhill,112,112,112,112,84,84,84,84
S01003172,Strathbungo,Southside Central,Glasgow Shettleston,113,113,113,113,85,85,85,85
S01003166,Shawlands West,Pollokshields,Glasgow Govan,114,114,114,114,86,86,86,86
S01003182,Pollok North and East,Greater Pollok,Glasgow Pollok,116,116,116,116,87,87,87,87
S01003415,City Centre East,Anderston/City,Glasgow Kelvin,116,116,116,116,87,87,87,87
S01003397,North Barlanark and Easterhouse South,Baillieston,Glasgow Baillieston,118,118,118,118,89,89,89,89
S01003505,Sighthill,Springburn,Glasgow Springburn,119,119,119,119,90,90,90,90
S01003198,Govanhill East and Aikenhead,Southside Central,Glasgow Shettleston,120,120,120,120,91,91,91,91
S01003433,City Centre West,Anderston/City,Glasgow Kelvin,121,121,121,121,92,92,92,92
S01003496,Partick,Partick West,Glasgow Kelvin,122,122,122,122,93,93,93,93
S01003184,Pollok North and East,Craigton,Glasgow Pollok,125,125,125,125,94,94,94,94
S01003487,Woodlands,Hillhead,Glasgow Maryhill,126,126,126,126,95,95,95,95
S01003262,Tollcross,Shettleston,Glasgow Shettleston,127,127,127,127,96,96,96,96
S01003142,Toryglen and Oatlands,Southside Central,Glasgow Rutherglen,129,129,129,129,97,97,97,97
S01003521,Kelvingrove and University,Hillhead,Glasgow Kelvin,131,131,131,131,98,98,98,98
S01003446,City Centre West,Anderston/City,Glasgow Kelvin,132,132,132,132,99,99,99,99
S01003447,City Centre East,Anderston/City,Glasgow Kelvin,134,134,134,134,100,100,100,100
S01003705,Drumchapel South,Drumchapel/Anniesland,Glasgow Anniesland,135,135,135,135,101,101,101,101
S01003635,Anniesland East,Drumchapel/Anniesland,Glasgow Anniesland,136,136,136,136,102,102,102,102
S01003672,Milton East,Canal,Glasgow Maryhill,137,137,137,137,103,103,103,103
S01003176,Strathbungo,Southside Central,Glasgow Govan,138,138,138,138,104,104,104,104
S01003343,Barlanark,Baillieston,Glasgow Baillieston,139,139,139,139,105,105,105,105
S01003174,Govanhill West,Southside Central,Glasgow Shettleston,140,140,140,140,106,106,106,106
S01003551,Petershill,Springburn,Glasgow Springburn,141,141,141,141,107,107,107,107
S01003249,Parkhead East and Braidfauld North,Shettleston,Glasgow Shettleston,142,142,142,142,108,108,108,108
S01003231,Baillieston West,Baillieston,Glasgow Baillieston,145,145,145,145,109,109,109,109
S01003031,Glenwood South,Linn,Glasgow Cathcart,146,146,146,146,110,110,110,110
S01003485,Woodlands,Hillhead,Glasgow Maryhill,148,148,148,148,111,111,111,111
S01003640,Milton West,Canal,Glasgow Maryhill,149,149,149,149,112,112,112,112
S01003501,Kelvingrove and University,Hillhead,Glasgow Kelvin,151,151,151,151,113,113,113,113
S01003299,Parkhead East and Braidfauld North,Shettleston,Glasgow Shettleston,153,153,153,153,114,114,114,114
S01003584,Scotstoun South and West,Garscadden/Scotstounhill,Glasgow Kelvin,154,154,154,154,115,115,115,115
S01003512,Craigend and Ruchazie,North East,Glasgow Baillieston,155,155,155,155,116,116,116,116
S01003429,Finnieston and Kelvinhaugh,Anderston/City,Glasgow Kelvin,156,156,156,156,117,117,117,117
S01003418,Govan and Linthouse,Govan,Glasgow Govan,157,157,157,157,118,118,118,118
S01003486,Riddrie and Hogganfield,North East,Glasgow Springburn,158,158,158,158,119,119,119,119
S01003581,Ruchill,Canal,Glasgow Maryhill,159,159,159,159,120,120,120,120
S01003419,Craigend and Ruchazie,East Centre,Glasgow Baillieston,161,161,161,161,121,121,121,121
S01003211,Pollokshields East,Pollokshields,Glasgow Govan,166,166,166,166,122,122,122,122
S01003510,Cowlairs and Port Dundas,Springburn,Glasgow Springburn,168,168,168,168,123,123,123,123
S01003165,Govanhill East and Aikenhead,Southside Central,Glasgow Shettleston,169,169,169,169,124,124,124,124
S01003370,Dennistoun,East Centre,Glasgow Springburn,170,170,170,170,125,125,125,125
S01003617,Wyndford,Maryhill/Kelvin,Glasgow Maryhill,172,172,172,172,126,126,126,126
S01003549,Petershill,Springburn,Glasgow Springburn,173,173,173,173,127,127,127,127
S01003596,Wyndford,Maryhill/Kelvin,Glasgow Maryhill,174,174,174,174,128,128,128,128
S01003347,Carntyne West and Haghill,Calton,Glasgow Shettleston,175,175,175,175,129,129,129,129
S01003390,North Barlanark and Easterhouse South,Baillieston,Glasgow Baillieston,177,177,177,177,130,130,130,130
S01003337,Old Shettleston and Parkhead North,East Centre,Glasgow Baillieston,178,178,178,178,131,131,131,131
S01003125,Langside,Langside,Glasgow Cathcart,179,179,179,179,132,132,132,132
S01003450,Finnieston and Kelvinhaugh,Anderston/City,Glasgow Kelvin,180,180,180,180,133,133,133,133
S01003364,Govan and Linthouse,Govan,Glasgow Govan,182,182,182,182,134,134,134,134
S01003392,Dennistoun North and Alexandra Parade,East Centre,Glasgow Springburn,183,183,183,183,135,135,135,135
S01003368,Gallowgate North and Bellgrove,Calton,Glasgow Shettleston,184,184,184,184,136,136,136,136
S01003714,Drumchapel North,Drumchapel/Anniesland,Glasgow Anniesland,185,185,185,185,137,137,137,137
S01003138,Pollokshaws,Newlands/Auldburn,Glasgow Govan,186,186,186,186,138,138,138,138
S01003425,Finnieston and Kelvinhaugh,Anderston/City,Glasgow Kelvin,188,188,188,188,139,139,139,139
S01003396,Govan and Linthouse,Govan,Glasgow Govan,190,190,190,190,140,140,140,140
S01003378,Carntyne West and Haghill,East Centre,Glasgow Springburn,193,193,193,193,141,141,141,141
S01003132,Pollokshaws,Newlands/Auldburn,Glasgow Govan,196,196,196,196,142,142,142,142
S01003357,Ibrox,Govan,Glasgow Govan,197,197,197,197,143,143,143,143
S01003417,Dennistoun North and Alexandra Parade,East Centre,Glasgow Springburn,199,199,199,199,144,144,144,144
S01003201,Dalmarnock,Calton,Glasgow Shettleston,200,200,200,200,145,145,145,145
S01003430,Anderston,Anderston/City,Glasgow Kelvin,201,201,201,201,146,146,146,146
S01003685,Yoker North,Garscadden/Scotstounhill,Glasgow Anniesland,203,203,203,203,147,147,147,147
S01003636,Milton West,Canal,Glasgow Maryhill,204,204,204,204,148,148,148,148
S01003422,Dennistoun North and Alexandra Parade,East Centre,Glasgow Springburn,206,206,206,206,149,149,149,149
S01003410,City Centre West,Anderston/City,Glasgow Kelvin,207,207,207,207,150,150,150,150
S01003316,Ibrox East and Cessnock,Govan,Glasgow Govan,209,209,209,209,151,151,151,151
S01003572,Springburn,Springburn,Glasgow Springburn,211,211,211,211,152,152,152,152
S01003232,Laurieston and Tradeston,Southside Central,Glasgow Shettleston,212,212,212,212,153,153,153,153
S01003687,Milton East,Canal,Glasgow Maryhill,213,213,213,213,154,154,154,154
S01003403,Finnieston and Kelvinhaugh,Anderston/City,Glasgow Kelvin,217,217,217,217,155,155,155,155
S01003455,Craigend and Ruchazie,North East,Glasgow Baillieston,218,218,218,218,156,156,156,156
S01003149,Shawlands East,Langside,Glasgow Govan,221,221,221,221,157,157,157,157
S01003464,Woodlands,Hillhead,Glasgow Maryhill,222,222,222,222,158,158,158,158
S01003679,Knightswood West,Garscadden/Scotstounhill,Glasgow Anniesland,223,223,223,223,159,159,159,159
S01003296,Parkhead West and Barrowfield,Shettleston,Glasgow Shettleston,224,224,224,224,160,160,160,160
S01003482,Firhill,Hillhead,Glasgow Maryhill,225,225,225,225,161,161,161,161
S01003237,Baillieston West,Baillieston,Glasgow Baillieston,226,226,226,226,162,162,162,162
S01003385,Dennistoun,East Centre,Glasgow Springburn,227,227,227,227,163,163,163,163
S01003513,Kelvingrove and University,Hillhead,Glasgow Kelvin,229,229,229,229,164,164,164,164
S01003146,Shawlands East,Langside,Glasgow Govan,230,230,230,230,165,165,165,165
S01003352,Barlanark,Baillieston,Glasgow Baillieston,231,231,231,231,166,166,166,166
S01003504,Kelvingrove and University,Hillhead,Glasgow Kelvin,233,233,233,233,167,167,167,167
S01003366,City Centre East,Anderston/City,Glasgow Kelvin,237,237,237,237,168,168,168,168
S01003220,Pollokshields East,Pollokshields,Glasgow Govan,241,241,241,241,169,169,169,169
S01003204,Pollok North and East,Craigton,Glasgow Pollok,243,243,243,243,170,170,170,170
S01003431,Riddrie and Hogganfield,East Centre,Glasgow Springburn,246,246,246,246,171,171,171,171
S01003272,Gorbals and Hutchesontown,Southside Central,Glasgow Shettleston,247,247,247,247,172,172,172,172
S01003585,Ruchill,Maryhill/Kelvin,Glasgow Maryhill,250,250,250,250,173,173,173,173
S01003459,Craigend and Ruchazie,North East,Glasgow Springburn,252,252,252,252,174,174,174,174
S01003405,Easterhouse East,North East,Glasgow Baillieston,253,253,253,253,175,175,175,175
S01003562,Scotstoun South and West,Garscadden/Scotstounhill,Glasgow Kelvin,254,254,254,254,176,176,176,176
S01003313,Parkhead West and Barrowfield,Calton,Glasgow Shettleston,256,256,256,256,177,177,177,177
S01003256,Pollokshields West,Pollokshields,Glasgow Govan,257,257,257,257,178,178,178,178
S01003426,Dennistoun North and Alexandra Parade,East Centre,Glasgow Springburn,259,259,259,259,179,179,179,179
S01003428,"Cranhill, Lightburn and Queenslie South",East Centre,Glasgow Baillieston,260,260,260,260,180,180,180,180
S01003173,Strathbungo,Southside Central,Glasgow Govan,263,263,263,263,181,181,181,181
S01003406,Dennistoun North and Alexandra Parade,East Centre,Glasgow Springburn,264,264,264,264,182,182,182,182
S01003712,Drumry West,Drumchapel/Anniesland,Glasgow Anniesland,266,266,266,266,183,183,183,183
S01003646,Knightswood Park East,Garscadden/Scotstounhill,Glasgow Anniesland,267,267,267,267,184,184,184,184
S01003409,Dennistoun North and Alexandra Parade,East Centre,Glasgow Springburn,268,268,268,268,185,185,185,185
S01003367,Govan and Linthouse,Govan,Glasgow Govan,269,269,269,269,186,186,186,186
S01003168,Shawlands West,Pollokshields,Glasgow Govan,271,271,271,271,187,187,187,187
S01003190,Govanhill East and Aikenhead,Southside Central,Glasgow Shettleston,272,272,272,272,188,188,188,188
S01003206,Govanhill West,Southside Central,Glasgow Shettleston,273,273,273,273,189,189,189,189
S01003253,Parkhead West and Barrowfield,Calton,Glasgow Shettleston,276,276,276,276,190,190,190,190
S01003134,Toryglen and Oatlands,Southside Central,Glasgow Rutherglen,279,279,279,279,191,191,191,191
S01003245,Gorbals and Hutchesontown,Southside Central,Glasgow Shettleston,280,280,280,280,192,192,192,192
S01003543,Keppochhill,Canal,Glasgow Maryhill,281,281,281,281,193,193,193,193
S01003353,Carntyne West and Haghill,Calton,Glasgow Springburn,282,282,282,282,194,194,194,194
S01003454,Woodlands,Hillhead,Glasgow Maryhill,283,283,283,283,195,195,195,195
S01003494,Woodside,Hillhead,Glasgow Maryhill,284,284,284,284,196,196,196,196
S01003154,Shawlands East,Langside,Glasgow Govan,285,285,285,285,197,197,197,197
S01003100,Newlands,Newlands/Auldburn,Glasgow Cathcart,287,287,287,287,198,198,198,198
S01003130,Mount Florida,Langside,Glasgow Cathcart,288,288,288,288,199,199,199,199
S01003048,Castlemilk,Linn,Glasgow Cathcart,289,289,289,289,200,200,200,200
S01003327,Kinning Park and Festival Park,Govan,Glasgow Govan,294,294,294,294,201,201,201,201
S01003619,Wyndford,Maryhill/Kelvin,Glasgow Maryhill,295,295,295,295,202,202,202,202
S01003032,Glenwood South,Linn,Glasgow Cathcart,299,299,299,299,203,203,203,203
S01003437,Finnieston and Kelvinhaugh,Anderston/City,Glasgow Kelvin,300,300,300,300,204,204,204,204
S01003457,"Roystonhill, Blochairn, and Provanmill",Springburn,Glasgow Springburn,301,301,301,301,205,205,205,205
S01003093,Newlands,Newlands/Auldburn,Glasgow Cathcart,302,302,302,302,206,206,206,206
S01003307,Cardonald North,Craigton,Glasgow Pollok,303,303,303,303,207,207,207,207
S01003575,Scotstoun North and East,Garscadden/Scotstounhill,Glasgow Kelvin,306,306,306,306,208,208,208,208
S01003314,Parkhead West and Barrowfield,Calton,Glasgow Shettleston,307,307,307,307,209,209,209,209
S01003269,Parkhead East and Braidfauld North,Shettleston,Glasgow Shettleston,308,308,308,308,210,210,210,210
S01003365,Ibrox,Govan,Glasgow Govan,309,309,309,309,211,211,211,211
S01003070,Carnwadric East,Newlands/Auldburn,Glasgow Cathcart,311,311,311,311,212,212,212,212
S01003284,Craigton,Govan,Glasgow Pollok,315,315,315,315,213,213,213,213
S01003669,Milton West,Canal,Glasgow Maryhill,316,316,316,316,214,214,214,214
S01003460,Hillhead,Partick West,Glasgow Kelvin,318,318,318,318,215,215,215,215
S01003277,Baillieston East,Baillieston,Glasgow Baillieston,319,319,319,319,216,216,216,216
S01003500,Firhill,Hillhead,Glasgow Maryhill,322,322,322,322,217,217,217,217
S01003471,Riddrie and Hogganfield,North East,Glasgow Springburn,324,324,324,324,218,218,218,218
S01003582,Possil Park,Canal,Glasgow Maryhill,325,325,325,325,219,219,219,219
S01003388,Ibrox,Govan,Glasgow Govan,326,326,326,326,220,220,220,220
S01003701,Blairdardie East,Drumchapel/Anniesland,Glasgow Anniesland,328,328,328,328,221,221,221,221
S01003157,Shawlands West,Pollokshields,Glasgow Govan,330,330,330,330,222,222,222,222
S01003128,Mount Florida,Langside,Glasgow Cathcart,331,331,331,331,223,223,223,223
S01003271,"Calton, Gallowgate and Bridgeton",Calton,Glasgow Shettleston,332,332,332,332,224,224,224,224
S01003208,Braidfauld,Calton,Glasgow Shettleston,333,333,333,333,225,225,225,225
S01003398,Easterhouse East,North East,Glasgow Baillieston,334,334,334,334,226,226,226,226
S01003356,Gallowgate North and Bellgrove,Calton,Glasgow Springburn,335,335,335,335,227,227,227,227
S01003654,Yoker North,Garscadden/Scotstounhill,Glasgow Anniesland,336,336,336,336,228,228,228,228
S01003301,Tollcross,Shettleston,Glasgow Shettleston,337,337,337,337,229,229,229,229
S01003423,Anderston,Anderston/City,Glasgow Kelvin,339,339,339,339,230,230,230,230
S01003463,Sighthill,Springburn,Glasgow Springburn,340,340,340,340,231,231,231,231
S01003438,Finnieston and Kelvinhaugh,Anderston/City,Glasgow Kelvin,342,342,342,342,232,232,232,232
S01003652,Maryhill East,Maryhill/Kelvin,Glasgow Maryhill,343,343,343,343,233,233,233,233
S01003659,Anniesland West,Drumchapel/Anniesland,Glasgow Anniesland,344,344,344,344,234,234,234,234
S01003472,Sighthill,Springburn,Glasgow Springburn,345,345,345,345,235,235,235,235
S01003514,Dowanhill,Hillhead,Glasgow Kelvin,346,346,346,346,236,236,236,236
S01003432,Finnieston and Kelvinhaugh,Anderston/City,Glasgow Kelvin,350,350,350,350,237,237,237,237
S01003270,"Calton, Gallowgate and Bridgeton",Calton,Glasgow Shettleston,351,351,351,351,238,238,238,238
S01003530,Firhill,Canal,Glasgow Maryhill,353,353,353,353,239,239,239,239
S01003473,Woodside,Hillhead,Glasgow Maryhill,354,354,354,354,240,240,240,240
S01003221,Cardonald South and East,Craigton,Glasgow Pollok,355,355,355,355,241,241,241,241
S01003306,Craigton,Govan,Glasgow Pollok,356,356,356,356,242,242,242,242
S01003475,Woodside,Hillhead,Glasgow Maryhill,357,357,357,357,243,243,243,243
S01003663,Maryhill West,Maryhill/Kelvin,Glasgow Maryhill,359,359,359,359,244,244,244,244
S01003698,Blairdardie West,Drumchapel/Anniesland,Glasgow Anniesland,360,360,360,360,245,245,245,245
S01003202,Toryglen and Oatlands,Southside Central,Glasgow Shettleston,361,361,361,361,246,246,246,246
S01003673,Maryhill West,Maryhill/Kelvin,Glasgow Maryhill,363,363,363,363,247,247,247,247
S01003124,Battlefield,Langside,Glasgow Cathcart,364,364,364,364,248,248,248,248
S01003548,Barmulloch,Springburn,Glasgow Springburn,365,365,365,365,249,249,249,249
S01003380,Dennistoun,East Centre,Glasgow Springburn,366,366,366,366,250,250,250,250
S01003076,Carnwadric West,Newlands/Auldburn,Glasgow Cathcart,371,371,371,371,251,251,251,251
S01003290,Tollcross,Shettleston,Glasgow Shettleston,372,372,372,372,252,252,252,252
S01003533,Petershill,Springburn,Glasgow Springburn,373,373,373,373,253,253,253,253
S01003553,Keppochhill,Canal,Glasgow Maryhill,375,375,375,375,254,254,254,254
S01003629,Possil Park,Canal,Glasgow Maryhill,376,376,376,376,255,255,255,255
S01003358,City Centre East,Anderston/City,Glasgow Kelvin,378,378,378,378,256,256,256,256
S01003381,Carntyne West and Haghill,East Centre,Glasgow Springburn,379,379,379,379,257,257,257,257
S01003489,Blackhill and Barmulloch East,North East,Glasgow Springburn,381,381,381,381,258,258,258,258
S01003563,Barmulloch,North East,Glasgow Springburn,382,382,382,382,259,259,259,259
S01003488,"Roystonhill, Blochairn, and Provanmill",Springburn,Glasgow Springburn,383,383,383,383,260,260,260,260
S01003223,Braidfauld,Shettleston,Glasgow Shettleston,385,385,385,385,261,261,261,261
S01003047,Carmunnock South,Linn,Glasgow Cathcart,392,392,392,392,262,262,262,262
S01003194,Braidfauld,Shettleston,Glasgow Shettleston,394,394,394,394,263,263,263,263
S01003191,Govanhill West,Southside Central,Glasgow Shettleston,396,396,396,396,264,264,264,264
S01003178,Mosspark,Craigton,Glasgow Pollok,399,399,399,399,265,265,265,265
S01003281,Tollcross,Shettleston,Glasgow Shettleston,401,401,401,401,266,266,266,266
S01003586,Scotstoun North and East,Garscadden/Scotstounhill,Glasgow Kelvin,402,402,402,402,267,267,267,267
S01003121,Crookston South,Greater Pollok,Glasgow Pollok,403,403,403,403,268,268,268,268
S01003579,Keppochhill,Canal,Glasgow Maryhill,404,404,404,404,269,269,269,269
S01003273,Parkhead West and Barrowfield,Calton,Glasgow Shettleston,405,405,405,405,270,270,270,270
S01003399,City Centre East,Anderston/City,Glasgow Kelvin,406,406,406,406,271,271,271,271
S01003136,Mount Florida,Langside,Glasgow Cathcart,407,407,407,407,272,272,272,272
S01003610,Yoker South,Garscadden/Scotstounhill,Glasgow Anniesland,408,408,408,408,273,273,273,273
S01003664,Maryhill East,Maryhill/Kelvin,Glasgow Maryhill,409,409,409,409,274,274,274,274
S01003159,Toryglen and Oatlands,Southside Central,Glasgow Rutherglen,410,410,410,410,275,275,275,275
S01003648,Anniesland West,Drumchapel/Anniesland,Glasgow Anniesland,412,412,412,412,276,276,276,276
S01003595,Possil Park,Canal,Glasgow Maryhill,414,414,414,414,277,277,277,277
S01003711,Drumchapel North,Drumchapel/Anniesland,Glasgow Anniesland,418,418,418,418,278,278,278,278
S01003412,Govan and Linthouse,Govan,Glasgow Govan,420,420,420,420,279,279,279,279
S01003118,Pollokshaws,Newlands/Auldburn,Glasgow Govan,422,422,422,422,280,280,280,280
S01003297,Gorbals and Hutchesontown,Southside Central,Glasgow Shettleston,423,423,423,423,281,281,281,281
S01003515,Blackhill and Barmulloch East,North East,Glasgow Springburn,425,425,425,425,282,282,282,282
S01003349,Drumoyne and Shieldhall,Govan,Glasgow Govan,426,426,426,426,283,283,283,283
S01003443,"Roystonhill, Blochairn, and Provanmill",Springburn,Glasgow Springburn,428,428,428,428,284,284,284,284
S01003144,Crookston North,Greater Pollok,Glasgow Pollok,429,429,429,429,285,285,285,285
S01003143,Mount Florida,Langside,Glasgow Cathcart,432,432,432,432,286,286,286,286
S01003674,Knightswood East,Garscadden/Scotstounhill,Glasgow Anniesland,433,433,433,433,287,287,287,287
S01003225,Gorbals and Hutchesontown,Southside Central,Glasgow Shettleston,434,434,434,434,288,288,288,288
S01003484,Kelvingrove and University,Hillhead,Glasgow Kelvin,436,436,436,436,289,289,289,289
S01003395,Dennistoun North and Alexandra Parade,East Centre,Glasgow Springburn,438,438,438,438,290,290,290,290
S01003625,Wyndford,Maryhill/Kelvin,Glasgow Maryhill,440,440,440,440,291,291,291,291
S01003137,Shawlands East,Langside,Glasgow Govan,441,441,441,441,292,292,292,292
S01003508,Partick,Partick West,Glasgow Kelvin,442,442,442,442,293,293,293,293
S01003339,Hillington,Craigton,Glasgow Pollok,446,446,446,446,294,294,294,294
S01003598,Barmulloch,North East,Glasgow Springburn,448,448,448,448,295,295,295,295
S01003160,Crookston North,Greater Pollok,Glasgow Pollok,449,449,449,449,296,296,296,296
S01003517,Firhill,Hillhead,Glasgow Maryhill,451,451,451,451,297,297,297,297
S01003092,Carnwadric East,Newlands/Auldburn,Glasgow Cathcart,452,452,452,452,298,298,298,298
S01003634,Balornock,North East,Glasgow Springburn,454,454,454,454,299,299,299,299
S01003493,Whiteinch,Partick West,Glasgow Kelvin,455,455,455,455,300,300,300,300
S01003665,Maryhill East,Maryhill/Kelvin,Glasgow Maryhill,456,456,456,456,301,301,301,301
S01003386,Drumoyne and Shieldhall,Govan,Glasgow Govan,457,457,457,457,302,302,302,302
S01003375,Drumoyne and Shieldhall,Govan,Glasgow Govan,460,460,460,460,303,303,303,303
S01003592,Ruchill,Canal,Glasgow Maryhill,464,464,464,464,304,304,304,304
S01003492,Cowlairs and Port Dundas,Springburn,Glasgow Springburn,465,465,465,465,305,305,305,305
S01003583,Blackhill and Barmulloch East,North East,Glasgow Springburn,467,467,467,467,306,306,306,306
S01003408,Anderston,Anderston/City,Glasgow Kelvin,468,468,468,468,307,307,307,307
S01003601,Springburn East and Cowlairs,Springburn,Glasgow Springburn,470,470,470,470,308,308,308,308
S01003416,City Centre East,Anderston/City,Glasgow Springburn,476,476,476,476,309,309,309,309
S01003546,Cowlairs and Port Dundas,Canal,Glasgow Maryhill,476,476,476,476,309,309,309,309
S01003162,Carmyle and Mount Vernon South,Shettleston,Glasgow Baillieston,481,481,481,481,311,311,311,311
S01003293,Shettleston North,Shettleston,Glasgow Shettleston,483,483,483,483,312,312,312,312
S01003373,City Centre West,Anderston/City,Glasgow Kelvin,484,484,484,484,313,313,313,313
S01003382,Anderston,Anderston/City,Glasgow Kelvin,487,487,487,487,314,314,314,314
S01003350,Penilee,Craigton,Glasgow Pollok,488,488,488,488,315,315,315,315
S01003718,Drumry East,Drumchapel/Anniesland,Glasgow Anniesland,490,490,490,490,316,316,316,316
S01003286,Kingston West and Dumbreck,Pollokshields,Glasgow Govan,491,491,491,491,317,317,317,317
S01003564,Keppochhill,Canal,Glasgow Maryhill,493,493,493,493,318,318,318,318
S01003064,Carnwadric West,Newlands/Auldburn,Glasgow Cathcart,494,494,494,494,319,319,319,319
S01003602,Balornock,North East,Glasgow Springburn,497,497,497,497,320,320,320,320
S01003541,Petershill,Springburn,Glasgow Springburn,498,498,498,498,321,321,321,321
S01003312,Penilee,Craigton,Glasgow Pollok,499,499,499,499,322,322,322,322
S01003069,Carnwadric East,Newlands/Auldburn,Glasgow Cathcart,500,500,500,500,323,323,323,323
S01003628,Balornock,North East,Glasgow Springburn,501,501,501,501,324,324,324,324
S01003462,"Garthamlock, Auchinlea and Gartloch",North East,Glasgow Baillieston,502,502,502,502,325,325,325,325
S01003377,"Cranhill, Lightburn and Queenslie South",Baillieston,Glasgow Baillieston,503,503,503,503,326,326,326,326
S01003083,Nitshill,Greater Pollok,Glasgow Pollok,504,504,504,504,327,327,327,327
S01003328,"Calton, Gallowgate and Bridgeton",Calton,Glasgow Shettleston,506,506,506,506,328,328,328,328
S01003599,Possil Park,Canal,Glasgow Maryhill,509,509,509,509,329,329,329,329
S01003354,Old Shettleston and Parkhead North,East Centre,Glasgow Baillieston,511,511,511,511,330,330,330,330
S01003126,Pollokshaws,Newlands/Auldburn,Glasgow Govan,513,513,513,513,331,331,331,331
S01003238,Cardonald West and Central,Craigton,Glasgow Pollok,514,514,514,514,332,332,332,332
S01003445,"Roystonhill, Blochairn, and Provanmill",Springburn,Glasgow Springburn,515,515,515,515,333,333,333,333
S01003421,"Cranhill, Lightburn and Queenslie South",East Centre,Glasgow Baillieston,516,516,516,516,334,334,334,334
S01003033,Glenwood South,Linn,Glasgow Cathcart,518,518,518,518,335,335,335,335
S01003453,Woodlands,Anderston/City,Glasgow Kelvin,519,519,519,519,336,336,336,336
S01003214,Baillieston West,Baillieston,Glasgow Baillieston,522,522,522,522,337,337,337,337
S01003566,Ruchill,Canal,Glasgow Maryhill,523,523,523,523,338,338,338,338
S01003678,Yoker North,Garscadden/Scotstounhill,Glasgow Anniesland,524,524,524,524,339,339,339,339
S01003152,Battlefield,Southside Central,Glasgow Cathcart,525,525,525,525,340,340,340,340
S01003567,Cowlairs and Port Dundas,Canal,Glasgow Maryhill,526,526,526,526,341,341,341,341
S01003590,Yoker South,Garscadden/Scotstounhill,Glasgow Anniesland,527,527,527,527,342,342,342,342
S01003056,Darnley East,Greater Pollok,Glasgow Pollok,529,529,529,529,343,343,343,343
S01003676,Anniesland West,Drumchapel/Anniesland,Glasgow Anniesland,530,530,530,530,344,344,344,344
S01003228,Braidfauld,Shettleston,Glasgow Shettleston,531,531,531,531,345,345,345,345
S01003481,Partick,Partick West,Glasgow Kelvin,533,533,533,533,346,346,346,346
S01003639,Knightswood West,Garscadden/Scotstounhill,Glasgow Anniesland,535,535,535,535,347,347,347,347
S01003655,Balornock,North East,Glasgow Springburn,537,537,537,537,348,348,348,348
S01003391,Dennistoun,East Centre,Glasgow Springburn,538,538,538,538,349,349,349,349
S01003043,Glenwood North,Linn,Glasgow Cathcart,541,541,541,541,350,350,350,350
S01003535,Whiteinch,Partick West,Glasgow Kelvin,542,542,542,542,351,351,351,351
S01003044,Glenwood North,Linn,Glasgow Cathcart,545,545,545,545,352,352,352,352
S01003029,Carmunnock South,Linn,Glasgow Cathcart,547,547,547,547,353,353,353,353
S01003671,Anniesland West,Drumchapel/Anniesland,Glasgow Anniesland,548,548,548,548,354,354,354,354
S01003495,Sighthill,Springburn,Glasgow Springburn,549,549,549,549,355,355,355,355
S01003577,Barmulloch,North East,Glasgow Springburn,558,558,558,558,356,356,356,356
S01003710,Summerston Central and West,Canal,Glasgow Maryhill,560,560,560,560,357,357,357,357
S01003538,Blackhill and Barmulloch East,North East,Glasgow Springburn,561,561,561,561,358,358,358,358
S01003708,Drumchapel North,Drumchapel/Anniesland,Glasgow Anniesland,563,563,563,563,359,359,359,359
S01003285,Gorbals and Hutchesontown,Southside Central,Glasgow Shettleston,565,565,565,565,360,360,360,360
S01003217,Dalmarnock,Calton,Glasgow Shettleston,566,566,566,566,361,361,361,361
S01003247,Parkhead East and Braidfauld North,Calton,Glasgow Shettleston,567,567,567,567,362,362,362,362
S01003175,Govanhill East and Aikenhead,Southside Central,Glasgow Shettleston,568,568,568,568,363,363,363,363
S01003497,Kelvingrove and University,Partick West,Glasgow Kelvin,570,570,570,570,364,364,364,364
S01003344,Penilee,Craigton,Glasgow Pollok,571,571,571,571,365,365,365,365
S01003251,Dalmarnock,Calton,Glasgow Shettleston,572,572,572,572,366,366,366,366
S01003522,Dowanhill,Hillhead,Glasgow Kelvin,573,573,573,573,367,367,367,367
S01003156,Battlefield,Langside,Glasgow Cathcart,578,578,578,578,368,368,368,368
S01003289,Parkhead East and Braidfauld North,Shettleston,Glasgow Shettleston,579,579,579,579,369,369,369,369
S01003213,Braidfauld,Shettleston,Glasgow Shettleston,580,580,580,580,370,370,370,370
S01003361,Greenfield,Baillieston,Glasgow Baillieston,581,581,581,581,371,371,371,371
S01003255,Cardonald South and East,Craigton,Glasgow Pollok,587,587,587,587,372,372,372,372
S01003503,Hillhead,Partick West,Glasgow Kelvin,588,588,588,588,373,373,373,373
S01003643,Maryhill West,Maryhill/Kelvin,Glasgow Maryhill,590,590,590,590,374,374,374,374
S01003411,Drumoyne and Shieldhall,Govan,Glasgow Govan,591,591,591,591,375,375,375,375
S01003145,Carmyle and Mount Vernon South,Shettleston,Glasgow Baillieston,592,592,592,592,376,376,376,376
S01003413,"Cranhill, Lightburn and Queenslie South",East Centre,Glasgow Baillieston,593,593,593,593,377,377,377,377
S01003147,Crookston North,Greater Pollok,Glasgow Pollok,594,594,594,594,378,378,378,378
S01003187,Strathbungo,Pollokshields,Glasgow Govan,598,598,598,598,379,379,379,379
S01003561,Keppochhill,Canal,Glasgow Maryhill,599,599,599,599,380,380,380,380
S01003244,Baillieston East,Baillieston,Glasgow Baillieston,600,600,600,600,381,381,381,381
S01003065,Muirend and Old Cathcart,Linn,Glasgow Cathcart,601,601,601,601,382,382,382,382
S01003248,"Calton, Gallowgate and Bridgeton",Calton,Glasgow Shettleston,602,602,602,602,383,383,383,383
S01003338,Kinning Park and Festival Park,Govan,Glasgow Govan,603,603,603,603,384,384,384,384
S01003334,Penilee,Craigton,Glasgow Pollok,604,604,604,604,385,385,385,385
S01003036,Glenwood South,Linn,Glasgow Cathcart,605,605,605,605,386,386,386,386
S01003226,Braidfauld,Calton,Glasgow Shettleston,606,606,606,606,387,387,387,387
S01003677,Milton East,Canal,Glasgow Maryhill,608,608,608,608,388,388,388,388
S01003467,Craigend and Ruchazie,North East,Glasgow Baillieston,609,609,609,609,389,389,389,389
S01003691,Summerston Central and West,Maryhill/Kelvin,Glasgow Maryhill,615,615,615,615,390,390,390,390
S01003537,Firhill,Canal,Glasgow Maryhill,616,616,616,616,391,391,391,391
S01003062,Darnley North,Greater Pollok,Glasgow Pollok,617,617,617,617,392,392,392,392
S01003055,Carnwadric West,Newlands/Auldburn,Glasgow Cathcart,618,618,618,618,393,393,393,393
S01003164,Battlefield,Southside Central,Glasgow Shettleston,619,619,619,619,394,394,394,394
S01003667,Yoker North,Garscadden/Scotstounhill,Glasgow Anniesland,620,620,620,620,395,395,395,395
S01003335,"Calton, Gallowgate and Bridgeton",Calton,Glasgow Shettleston,621,621,621,621,396,396,396,396
S01003688,Summerston North,Maryhill/Kelvin,Glasgow Maryhill,622,622,622,622,397,397,397,397
S01003573,Springburn,Springburn,Glasgow Springburn,630,630,630,630,398,398,398,398
S01003205,Dalmarnock,Calton,Glasgow Shettleston,634,634,634,634,399,399,399,399
S01003294,Craigton,Govan,Glasgow Pollok,637,637,637,637,400,400,400,400
S01003310,Cardonald North,Craigton,Glasgow Pollok,640,640,640,640,401,401,401,401
S01003440,Riddrie and Hogganfield,East Centre,Glasgow Springburn,641,641,641,641,402,402,402,402
S01003637,Anniesland West,Drumchapel/Anniesland,Glasgow Anniesland,642,642,642,642,403,403,403,403
S01003131,Battlefield,Langside,Glasgow Cathcart,644,644,644,644,404,404,404,404
S01003309,Old Shettleston and Parkhead North,Shettleston,Glasgow Shettleston,645,645,645,645,405,405,405,405
S01003506,Firhill,Hillhead,Glasgow Maryhill,646,646,646,646,406,406,406,406
S01003588,Robroyston and Millerston,North East,Glasgow Springburn,647,647,647,647,407,407,407,407
S01003547,North Kelvin,Canal,Glasgow Maryhill,652,652,652,652,408,408,408,408
S01003469,Glasgow Harbour and  Partick South,Partick West,Glasgow Kelvin,656,656,656,656,409,409,409,409
S01003624,Possil Park,Canal,Glasgow Maryhill,659,659,659,659,410,410,410,410
S01003267,Shettleston North,Shettleston,Glasgow Shettleston,662,662,662,662,411,411,411,411
S01003246,Shettleston North,Shettleston,Glasgow Shettleston,664,664,664,664,412,412,412,412
S01003300,Baillieston East,Baillieston,Glasgow Baillieston,665,665,665,665,413,413,413,413
S01003696,Blairdardie East,Drumchapel/Anniesland,Glasgow Anniesland,666,666,666,666,414,414,414,414
S01003574,Ruchill,Canal,Glasgow Maryhill,668,668,668,668,415,415,415,415
S01003480,Whiteinch,Partick West,Glasgow Kelvin,674,674,674,674,416,416,416,416
S01003442,"Roystonhill, Blochairn, and Provanmill",Springburn,Glasgow Springburn,676,676,676,676,417,417,417,417
S01003690,Knightswood Park West,Drumchapel/Anniesland,Glasgow Anniesland,679,679,679,679,418,418,418,418
S01003075,Kingspark South,Linn,Glasgow Cathcart,682,682,682,682,419,419,419,419
S01003451,Hillhead,Partick West,Glasgow Kelvin,686,686,686,686,420,420,420,420
S01003607,Balornock,North East,Glasgow Springburn,688,688,688,688,421,421,421,421
S01003490,Woodside,Hillhead,Glasgow Maryhill,689,689,689,689,422,422,422,422
S01003605,Knightswood East,Garscadden/Scotstounhill,Glasgow Anniesland,691,691,691,691,423,423,423,423
S01003580,Springburn East and Cowlairs,Springburn,Glasgow Springburn,692,692,692,692,424,424,424,424
S01003254,Dalmarnock,Calton,Glasgow Shettleston,702,702,702,702,425,425,425,425
S01003436,Drumoyne and Shieldhall,Govan,Glasgow Govan,704,704,704,704,426,426,426,426
S01003150,Toryglen and Oatlands,Southside Central,Glasgow Rutherglen,706,706,706,706,427,427,427,427
S01003611,Springburn East and Cowlairs,Springburn,Glasgow Springburn,707,707,707,707,428,428,428,428
S01003111,Nitshill,Greater Pollok,Glasgow Pollok,710,710,710,710,429,429,429,429
S01003104,Pollokshaws,Newlands/Auldburn,Glasgow Cathcart,711,711,711,711,430,430,430,430
S01003670,Maryhill East,Maryhill/Kelvin,Glasgow Maryhill,713,713,713,713,431,431,431,431
S01003345,Hillington,Craigton,Glasgow Pollok,716,716,716,716,432,432,432,432
S01003161,Crookston North,Greater Pollok,Glasgow Pollok,717,717,717,717,433,433,433,433
S01003458,"Roystonhill, Blochairn, and Provanmill",Springburn,Glasgow Springburn,720,720,720,720,434,434,434,434
S01003215,Pollok North and East,Craigton,Glasgow Pollok,722,722,722,722,435,435,435,435
S01003039,Darnley East,Greater Pollok,Glasgow Pollok,724,724,724,724,436,436,436,436
S01003040,Castlemilk,Linn,Glasgow Cathcart,725,725,725,725,437,437,437,437
S01003218,Cardonald South and East,Craigton,Glasgow Pollok,728,728,728,728,438,438,438,438
S01003336,Greenfield,Baillieston,Glasgow Baillieston,729,729,729,729,439,439,439,439
S01003303,Laurieston and Tradeston,Govan,Glasgow Govan,731,731,731,731,440,440,440,440
S01003439,City Centre East,Anderston/City,Glasgow Kelvin,733,733,733,733,441,441,441,441
S01003063,Castlemilk,Linn,Glasgow Cathcart,735,735,735,735,442,442,442,442
S01003692,Blairdardie East,Drumchapel/Anniesland,Glasgow Anniesland,737,737,737,737,443,443,443,443
S01003049,Castlemilk,Linn,Glasgow Cathcart,741,741,741,741,444,444,444,444
S01003448,Riddrie and Hogganfield,East Centre,Glasgow Springburn,746,746,746,746,445,445,445,445
S01003571,Scotstoun South and West,Garscadden/Scotstounhill,Glasgow Kelvin,752,752,752,752,446,446,446,446
S01003072,Carnwadric West,Newlands/Auldburn,Glasgow Cathcart,757,757,757,757,447,447,447,447
S01003518,Whiteinch,Partick West,Glasgow Kelvin,759,759,759,759,448,448,448,448
S01003135,Toryglen and Oatlands,Southside Central,Glasgow Rutherglen,765,765,765,765,449,449,449,449
S01003139,Shawlands West,Pollokshields,Glasgow Govan,771,771,771,771,450,450,450,450
S01003651,Knightswood Park East,Garscadden/Scotstounhill,Glasgow Anniesland,783,783,783,783,451,451,451,451
S01003554,North Kelvin,Canal,Glasgow Maryhill,793,793,793,793,452,452,452,452
S01003393,Carntyne,East Centre,Glasgow Springburn,797,797,797,797,453,453,453,453
S01003686,Summerston Central and West,Maryhill/Kelvin,Glasgow Maryhill,803,803,803,803,454,454,454,454
S01003291,Penilee,Craigton,Glasgow Pollok,813,813,813,813,455,455,455,455
S01003346,Craigton,Govan,Glasgow Govan,819,819,819,819,456,456,456,456
S01003627,Springburn East and Cowlairs,Springburn,Glasgow Springburn,820,820,820,820,457,457,457,457
S01003148,Carmyle and Mount Vernon South,Shettleston,Glasgow Baillieston,822,822,822,822,458,458,458,458
S01003603,Knightswood East,Garscadden/Scotstounhill,Glasgow Anniesland,827,827,827,827,459,459,459,459
S01003091,Kingspark South,Linn,Glasgow Cathcart,835,835,835,835,460,460,460,460
S01003035,Glenwood South,Linn,Glasgow Cathcart,839,839,839,839,461,461,461,461
S01003088,Nitshill,Greater Pollok,Glasgow Pollok,844,844,844,844,462,462,462,462
S01003715,Drumry West,Drumchapel/Anniesland,Glasgow Anniesland,845,845,845,845,463,463,463,463
S01003699,Summerston Central and West,Maryhill/Kelvin,Glasgow Maryhill,846,846,846,846,464,464,464,464
S01003362,Penilee,Craigton,Glasgow Pollok,856,856,856,856,465,465,465,465
S01003476,"Garthamlock, Auchinlea and Gartloch",North East,Glasgow Baillieston,857,857,857,857,466,466,466,466
S01003275,Shettleston North,Shettleston,Glasgow Shettleston,859,859,859,859,467,467,467,467
S01003087,Kingspark South,Linn,Glasgow Cathcart,862,862,862,862,468,468,468,468
S01003614,Kelvinside and Jordanhill,Partick West,Glasgow Anniesland,864,864,864,864,469,469,469,469
S01003203,Mosspark,Craigton,Glasgow Pollok,865,865,865,865,470,470,470,470
S01003057,Castlemilk,Linn,Glasgow Cathcart,868,868,868,868,471,471,471,471
S01003333,"Calton, Gallowgate and Bridgeton",Calton,Glasgow Shettleston,873,873,873,873,472,472,472,472
S01003644,Springburn,Springburn,Glasgow Springburn,885,885,885,885,473,473,473,473
S01003129,Langside,Langside,Glasgow Govan,890,890,890,890,474,474,474,474
S01003315,Kinning Park and Festival Park,Govan,Glasgow Govan,894,894,894,894,475,475,475,475
S01003525,Partickhill and Hyndland,Partick West,Glasgow Kelvin,897,897,897,897,476,476,476,476
S01003369,Old Shettleston and Parkhead North,East Centre,Glasgow Baillieston,898,898,898,898,477,477,477,477
S01003509,Kelvingrove and University,Hillhead,Glasgow Kelvin,900,900,900,900,478,478,478,478
S01003107,Crookston South,Greater Pollok,Glasgow Pollok,910,910,910,910,479,479,479,479
S01003082,Nitshill,Greater Pollok,Glasgow Pollok,913,913,913,913,480,480,480,480
S01003355,Gallowgate North and Bellgrove,Calton,Glasgow Springburn,921,921,921,921,481,481,481,481
S01003119,Kingspark North,Langside,Glasgow Rutherglen,924,924,924,924,482,482,482,482
S01003308,Penilee,Craigton,Glasgow Pollok,926,926,926,926,483,483,483,483
S01003622,Knightswood East,Garscadden/Scotstounhill,Glasgow Anniesland,930,930,930,930,484,484,484,484
S01003681,Knightswood Park West,Garscadden/Scotstounhill,Glasgow Anniesland,933,933,933,933,485,485,485,485
S01003656,Maryhill East,Maryhill/Kelvin,Glasgow Maryhill,936,936,936,936,486,486,486,486
S01003054,Castlemilk,Linn,Glasgow Cathcart,938,938,938,938,487,487,487,487
S01003693,Blairdardie East,Drumchapel/Anniesland,Glasgow Anniesland,939,939,939,939,488,488,488,488
S01003052,Castlemilk,Linn,Glasgow Cathcart,943,943,943,943,489,489,489,489
S01003498,Broomhill,Partick West,Glasgow Kelvin,955,955,955,955,490,490,490,490
S01003326,Cardonald North,Craigton,Glasgow Pollok,956,956,956,956,491,491,491,491
S01003615,Yoker South,Garscadden/Scotstounhill,Glasgow Anniesland,958,958,958,958,492,492,492,492
S01003528,"Garthamlock, Auchinlea and Gartloch",North East,Glasgow Baillieston,959,959,959,959,493,493,493,493
S01003621,Possil Park,Canal,Glasgow Maryhill,970,970,970,970,494,494,494,494
S01003633,Yoker South,Garscadden/Scotstounhill,Glasgow Anniesland,974,974,974,974,495,495,495,495
S01003662,Knightswood Park West,Garscadden/Scotstounhill,Glasgow Anniesland,978,978,978,978,496,496,496,496
S01003340,Greenfield,Baillieston,Glasgow Baillieston,982,982,982,982,497,497,497,497
S01003383,"Cranhill, Lightburn and Queenslie South",East Centre,Glasgow Baillieston,983,983,983,983,498,498,498,498
S01003209,Mosspark,Craigton,Glasgow Pollok,985,985,985,985,499,499,499,499
S01003325,Hillington,Craigton,Glasgow Pollok,995,995,995,995,500,500,500,500
S01003565,Springburn,Springburn,Glasgow Springburn,996,996,996,996,501,501,501,501
S01003668,Anniesland West,Garscadden/Scotstounhill,Glasgow Anniesland,998,998,998,998,502,502,502,502
S01003199,Shettleston South,Shettleston,Glasgow Shettleston,1001,1001,1001,1001,503,503,503,503
S01003158,Toryglen and Oatlands,Southside Central,Glasgow Rutherglen,1007,1007,1007,1007,504,504,504,504
S01003239,Cardonald South and East,Craigton,Glasgow Pollok,1016,1016,1016,1016,505,505,505,505
S01003647,Anniesland West,Drumchapel/Anniesland,Glasgow Anniesland,1017,1017,1017,1017,506,506,506,506
S01003257,Pollokshields West,Pollokshields,Glasgow Govan,1019,1019,1019,1019,507,507,507,507
S01003250,Mosspark,Craigton,Glasgow Pollok,1021,1021,1021,1021,508,508,508,508
S01003374,Barlanark,Baillieston,Glasgow Baillieston,1025,1025,1025,1025,509,509,509,509
S01003099,Nitshill,Greater Pollok,Glasgow Pollok,1026,1026,1026,1026,510,510,510,510
S01003427,Carntyne,East Centre,Glasgow Springburn,1027,1027,1027,1027,511,511,511,511
S01003028,Glenwood South,Linn,Glasgow Cathcart,1029,1029,1029,1029,512,512,512,512
S01003080,Kingspark South,Linn,Glasgow Cathcart,1030,1030,1030,1030,513,513,513,513
S01003642,Knightswood East,Garscadden/Scotstounhill,Glasgow Anniesland,1033,1033,1033,1033,514,514,514,514
S01003263,Parkhead West and Barrowfield,Calton,Glasgow Shettleston,1035,1035,1035,1035,515,515,515,515
S01003372,"Cranhill, Lightburn and Queenslie South",Baillieston,Glasgow Baillieston,1045,1045,1045,1045,516,516,516,516
S01003507,Firhill,Hillhead,Glasgow Maryhill,1049,1049,1049,1049,517,517,517,517
S01003329,Greenfield,Baillieston,Glasgow Baillieston,1054,1054,1054,1054,518,518,518,518
S01003305,Shettleston North,Baillieston,Glasgow Baillieston,1058,1058,1058,1058,519,519,519,519
S01003230,Mosspark,Craigton,Glasgow Pollok,1060,1060,1060,1060,520,520,520,520
S01003265,Cardonald West and Central,Craigton,Glasgow Pollok,1065,1065,1065,1065,521,521,521,521
S01003235,Shettleston South,Shettleston,Glasgow Shettleston,1076,1076,1076,1076,522,522,522,522
S01003520,Partickhill and Hyndland,Hillhead,Glasgow Kelvin,1080,1080,1080,1080,523,523,523,523
S01003593,Scotstoun South and West,Garscadden/Scotstounhill,Glasgow Anniesland,1088,1088,1088,1088,524,524,524,524
S01003534,Petershill,Springburn,Glasgow Springburn,1099,1099,1099,1099,525,525,525,525
S01003516,Blackhill and Barmulloch East,North East,Glasgow Springburn,1110,1110,1110,1110,526,526,526,526
S01003645,Knightswood Park West,Garscadden/Scotstounhill,Glasgow Anniesland,1112,1112,1112,1112,527,527,527,527
S01003694,Blairdardie West,Drumchapel/Anniesland,Glasgow Anniesland,1116,1116,1116,1116,528,528,528,528
S01003037,Darnley West,Greater Pollok,Glasgow Pollok,1118,1118,1118,1118,529,529,529,529
S01003084,Nitshill,Greater Pollok,Glasgow Pollok,1124,1124,1124,1124,530,530,530,530
S01003298,Hillington,Craigton,Glasgow Pollok,1125,1125,1125,1125,531,531,531,531
S01003331,"Calton, Gallowgate and Bridgeton",Calton,Glasgow Shettleston,1127,1127,1127,1127,532,532,532,532
S01003101,Crookston South,Greater Pollok,Glasgow Pollok,1130,1130,1130,1130,533,533,533,533
S01003684,Blairdardie East,Drumchapel/Anniesland,Glasgow Anniesland,1144,1144,1144,1144,534,534,534,534
S01003090,Merrylee and Millbrae,Newlands/Auldburn,Glasgow Cathcart,1154,1154,1154,1154,535,535,535,535
S01003606,Springburn,Springburn,Glasgow Springburn,1160,1160,1160,1160,536,536,536,536
S01003363,Greenfield,Baillieston,Glasgow Baillieston,1169,1169,1169,1169,537,537,537,537
S01003141,Langside,Langside,Glasgow Govan,1183,1183,1183,1183,538,538,538,538
S01003219,Mosspark,Craigton,Glasgow Pollok,1186,1186,1186,1186,539,539,539,539
S01003105,Kingspark North,Langside,Glasgow Rutherglen,1188,1188,1188,1188,540,540,540,540
S01003278,Cardonald North,Craigton,Glasgow Pollok,1191,1191,1191,1191,541,541,541,541
S01003638,Kelvindale,Maryhill/Kelvin,Glasgow Anniesland,1199,1199,1199,1199,542,542,542,542
S01003060,Glenwood North,Linn,Glasgow Cathcart,1204,1204,1204,1204,543,543,543,543
S01003122,Toryglen and Oatlands,Southside Central,Glasgow Rutherglen,1230,1230,1230,1230,544,544,544,544
S01003348,Kinning Park and Festival Park,Govan,Glasgow Govan,1234,1234,1234,1234,545,545,545,545
S01003030,Glenwood South,Linn,Glasgow Cathcart,1242,1242,1242,1242,546,546,546,546
S01003283,Garrowhill West,Baillieston,Glasgow Baillieston,1256,1256,1256,1256,547,547,547,547
S01003400,Carntyne,East Centre,Glasgow Springburn,1268,1268,1268,1268,548,548,548,548
S01003695,Summerston North,Maryhill/Kelvin,Glasgow Maryhill,1276,1276,1276,1276,549,549,549,549
S01003264,Mosspark,Govan,Glasgow Pollok,1296,1296,1296,1296,550,550,550,550
S01003115,Pollokshaws,Newlands/Auldburn,Glasgow Cathcart,1316,1316,1316,1316,551,551,551,551
S01003608,Yoker South,Garscadden/Scotstounhill,Glasgow Anniesland,1326,1326,1326,1326,552,552,552,552
S01003630,Knightswood Park West,Garscadden/Scotstounhill,Glasgow Anniesland,1335,1335,1335,1335,553,553,553,553
S01003042,Glenwood North,Linn,Glasgow Cathcart,1336,1336,1336,1336,554,554,554,554
S01003127,Kingspark North,Langside,Glasgow Rutherglen,1338,1338,1338,1338,555,555,555,555
S01003280,Kingston West and Dumbreck,Govan,Glasgow Govan,1340,1340,1340,1340,556,556,556,556
S01003034,Darnley East,Greater Pollok,Glasgow Pollok,1349,1349,1349,1349,557,557,557,557
S01003268,Gorbals and Hutchesontown,Southside Central,Glasgow Shettleston,1355,1355,1355,1355,558,558,558,558
S01003576,Kelvinside and Jordanhill,Hillhead,Glasgow Kelvin,1365,1365,1365,1365,559,559,559,559
S01003094,Merrylee and Millbrae,Newlands/Auldburn,Glasgow Cathcart,1369,1369,1369,1369,560,560,560,560
S01003407,Carntyne,East Centre,Glasgow Springburn,1410,1410,1410,1410,561,561,561,561
S01003384,Drumoyne and Shieldhall,Govan,Glasgow Govan,1422,1422,1422,1422,562,562,562,562
S01003461,Riddrie and Hogganfield,East Centre,Glasgow Springburn,1424,1424,1424,1424,563,563,563,563
S01003323,Garrowhill West,Baillieston,Glasgow Baillieston,1438,1438,1438,1438,564,564,564,564
S01003240,Cardonald West and Central,Craigton,Glasgow Pollok,1440,1440,1440,1440,565,565,565,565
S01003545,Dowanhill,Hillhead,Glasgow Kelvin,1442,1442,1442,1442,566,566,566,566
S01003552,Kelvinside and Jordanhill,Hillhead,Glasgow Kelvin,1492,1492,1492,1492,567,567,567,567
S01003051,Darnley North,Greater Pollok,Glasgow Pollok,1498,1498,1498,1498,568,568,568,568
S01003061,Carmunnock North,Linn,Glasgow Cathcart,1499,1499,1499,1499,569,569,569,569
S01003618,Knightswood Park East,Garscadden/Scotstounhill,Glasgow Anniesland,1523,1523,1523,1523,570,570,570,570
S01003317,Barlanark,Baillieston,Glasgow Baillieston,1524,1524,1524,1524,571,571,571,571
S01003266,Tollcross,Shettleston,Glasgow Shettleston,1530,1530,1530,1530,572,572,572,572
S01003243,Cardonald West and Central,Craigton,Glasgow Pollok,1540,1540,1540,1540,573,573,573,573
S01003180,Shettleston South,Shettleston,Glasgow Shettleston,1556,1556,1556,1556,574,574,574,574
S01003242,Kingston West and Dumbreck,Govan,Glasgow Govan,1567,1567,1567,1567,575,575,575,575
S01003311,Garrowhill West,Baillieston,Glasgow Baillieston,1580,1580,1580,1580,576,576,576,576
S01003526,North Kelvin,Hillhead,Glasgow Kelvin,1581,1581,1581,1581,577,577,577,577
S01003259,Baillieston East,Baillieston,Glasgow Baillieston,1588,1588,1588,1588,578,578,578,578
S01003360,Barlanark,Baillieston,Glasgow Baillieston,1627,1627,1627,1627,579,579,579,579
S01003073,Kingspark South,Linn,Glasgow Cathcart,1641,1641,1641,1641,580,580,580,580
S01003700,Summerston North,Maryhill/Kelvin,Glasgow Maryhill,1657,1657,1657,1657,581,581,581,581
S01003097,Crookston South,Greater Pollok,Glasgow Pollok,1684,1684,1684,1684,582,582,582,582
S01003026,Carmunnock South,Linn,Glasgow Cathcart,1713,1713,1713,1713,583,583,583,583
S01003045,Darnley East,Greater Pollok,Glasgow Pollok,1764,1764,1764,1764,584,584,584,584
S01003555,North Kelvin,Canal,Glasgow Maryhill,1766,1766,1766,1766,585,585,585,585
S01003675,Anniesland East,Drumchapel/Anniesland,Glasgow Anniesland,1784,1784,1784,1784,586,586,586,586
S01003046,Glenwood North,Linn,Glasgow Cathcart,1785,1785,1785,1785,587,587,587,587
S01003112,Cathcart,Langside,Glasgow Cathcart,1864,1864,1864,1864,588,588,588,588
S01003151,Shettleston South,Shettleston,Glasgow Baillieston,1900,1900,1900,1900,589,589,589,589
S01003287,Cardonald North,Craigton,Glasgow Pollok,1910,1910,1910,1910,590,590,590,590
S01003079,Muirend and Old Cathcart,Linn,Glasgow Cathcart,1933,1933,1933,1933,591,591,591,591
S01003085,Cathcart,Linn,Glasgow Cathcart,1937,1937,1937,1937,592,592,592,592
S01003631,Knightswood Park East,Garscadden/Scotstounhill,Glasgow Anniesland,1955,1955,1955,1955,593,593,593,593
S01003632,Anniesland East,Maryhill/Kelvin,Glasgow Anniesland,1960,1960,1960,1960,594,594,594,594
S01003542,Dowanhill,Hillhead,Glasgow Kelvin,1961,1961,1961,1961,595,595,595,595
S01003177,Strathbungo,Pollokshields,Glasgow Govan,1963,1963,1963,1963,596,596,596,596
S01003620,Kelvindale,Maryhill/Kelvin,Glasgow Anniesland,1964,1964,1964,1964,597,597,597,597
S01003683,Blairdardie East,Garscadden/Scotstounhill,Glasgow Anniesland,1985,1985,1985,1985,598,598,598,598
S01003216,Cardonald West and Central,Craigton,Glasgow Pollok,2006,2006,2006,2006,599,599,599,599
S01003524,Broomhill,Partick West,Glasgow Kelvin,2027,2027,2027,2027,600,600,600,600
S01003195,Carmyle and Mount Vernon South,Shettleston,Glasgow Baillieston,2038,2038,2038,2038,601,601,601,601
S01003282,Cardonald West and Central,Craigton,Glasgow Pollok,2041,2041,2041,2041,602,602,602,602
S01003114,Mount Florida,Langside,Glasgow Cathcart,2048,2048,2048,2048,603,603,603,603
S01003658,Knightswood West,Garscadden/Scotstounhill,Glasgow Anniesland,2088,2088,2088,2088,604,604,604,604
S01003682,Summerston North,Maryhill/Kelvin,Glasgow Maryhill,2097,2097,2097,2097,605,605,605,605
S01003053,Darnley North,Greater Pollok,Glasgow Pollok,2123,2123,2123,2123,606,606,606,606
S01003529,Petershill,Springburn,Glasgow Springburn,2169,2169,2169,2169,607,607,607,607
S01003452,Riddrie and Hogganfield,East Centre,Glasgow Springburn,2174,2174,2174,2174,608,608,608,608
S01003511,Partickhill and Hyndland,Partick West,Glasgow Kelvin,2180,2180,2180,2180,609,609,609,609
S01003258,Baillieston West,Baillieston,Glasgow Baillieston,2188,2188,2188,2188,610,610,610,610
S01003292,Garrowhill West,Baillieston,Glasgow Baillieston,2219,2219,2219,2219,611,611,611,611
S01003027,Darnley East,Greater Pollok,Glasgow Pollok,2284,2284,2284,2284,612,612,612,612
S01003661,Anniesland East,Maryhill/Kelvin,Glasgow Anniesland,2286,2286,2286,2286,613,613,613,613
S01003649,Springburn East and Cowlairs,Canal,Glasgow Maryhill,2324,2324,2324,2324,614,614,614,614
S01003241,Shettleston South,Shettleston,Glasgow Shettleston,2359,2359,2359,2359,615,615,615,615
S01003102,Kingspark North,Langside,Glasgow Rutherglen,2542,2542,2542,2542,616,616,616,616
S01003626,Robroyston and Millerston,North East,Glasgow Springburn,2553,2553,2553,2553,617,617,617,617
S01003544,North Kelvin,Canal,Glasgow Maryhill,2604,2604,2604,2604,618,618,618,618
S01003193,Baillieston East,Baillieston,Glasgow Baillieston,2674,2674,2674,2674,619,619,619,619
S01003252,Baillieston West,Baillieston,Glasgow Baillieston,2676,2676,2676,2676,620,620,620,620
S01003123,Pollok South and West,Greater Pollok,Glasgow Pollok,2726,2726,2726,2726,621,621,621,621
S01003050,Carmunnock North,Linn,Glasgow Cathcart,2743,2743,2743,2743,622,622,622,622
S01003612,Anniesland East,Maryhill/Kelvin,Glasgow Anniesland,2848,2848,2848,2848,623,623,623,623
S01003539,Broomhill,Partick West,Glasgow Kelvin,2875,2875,2875,2875,624,624,624,624
S01003163,Maxwell Park,Pollokshields,Glasgow Govan,2896,2896,2896,2896,625,625,625,625
S01003078,Muirend and Old Cathcart,Newlands/Auldburn,Glasgow Cathcart,2913,2913,2913,2913,626,626,626,626
S01003609,Kelvinside and Jordanhill,Partick West,Glasgow Anniesland,2916,2916,2916,2916,627,627,627,627
S01003113,Kingspark North,Langside,Glasgow Rutherglen,2975,2975,2975,2975,628,628,628,628
S01003197,Mount Vernon North and Sandyhills,Shettleston,Glasgow Baillieston,2985,2985,2985,2985,629,629,629,629
S01003041,Darnley West,Greater Pollok,Glasgow Pollok,3036,3036,3036,3036,630,630,630,630
S01003133,Langside,Langside,Glasgow Govan,3045,3045,3045,3045,631,631,631,631
S01003186,Maxwell Park,Pollokshields,Glasgow Govan,3105,3105,3105,3105,632,632,632,632
S01003570,Scotstoun North and East,Garscadden/Scotstounhill,Glasgow Kelvin,3160,3160,3160,3160,633,633,633,633
S01003550,Robroyston and Millerston,North East,Glasgow Springburn,3184,3184,3184,3184,634,634,634,634
S01003170,Maxwell Park,Pollokshields,Glasgow Govan,3186,3186,3186,3186,635,635,635,635
S01003068,Carmunnock North,Linn,Glasgow Cathcart,3196,3196,3196,3196,636,636,636,636
S01003169,Pollok South and West,Greater Pollok,Glasgow Pollok,3282,3282,3282,3282,637,637,637,637
S01003341,Garrowhill East and Swinton,Baillieston,Glasgow Baillieston,3287,3287,3287,3287,638,638,638,638
S01003536,Partickhill and Hyndland,Hillhead,Glasgow Kelvin,3340,3340,3340,3340,639,639,639,639
S01003067,Carmunnock North,Linn,Glasgow Cathcart,3367,3367,3367,3367,640,640,640,640
S01003527,Victoria Park,Partick West,Glasgow Anniesland,3504,3504,3504,3504,641,641,641,641
S01003318,Garrowhill East and Swinton,Baillieston,Glasgow Baillieston,3582,3582,3582,3582,642,642,642,642
S01003613,Robroyston and Millerston,North East,Glasgow Springburn,3601,3601,3601,3601,643,643,643,643
S01003038,Darnley West,Greater Pollok,Glasgow Pollok,3602,3602,3602,3602,644,644,644,644
S01003210,Maxwell Park,Pollokshields,Glasgow Govan,3604,3604,3604,3604,645,645,645,645
S01003224,Mount Vernon North and Sandyhills,Shettleston,Glasgow Baillieston,3630,3630,3630,3630,646,646,646,646
S01003288,Garrowhill West,Baillieston,Glasgow Baillieston,3752,3752,3752,3752,647,647,647,647
S01003623,Kelvindale,Maryhill/Kelvin,Glasgow Anniesland,3944,3944,3944,3944,648,648,648,648
S01003153,Maxwell Park,Pollokshields,Glasgow Govan,4010,4010,4010,4010,649,649,649,649
S01003212,Mount Vernon North and Sandyhills,Baillieston,Glasgow Baillieston,4070,4070,4070,4070,650,650,650,650
S01003025,Carmunnock South,Linn,Glasgow Cathcart,4157,4157,4157,4157,651,651,651,651
S01003359,Garrowhill East and Swinton,Baillieston,Glasgow Baillieston,4200,4200,4200,4200,652,652,652,652
S01003059,Muirend and Old Cathcart,Newlands/Auldburn,Glasgow Cathcart,4205,4205,4205,4205,653,653,653,653
S01003120,Pollok South and West,Greater Pollok,Glasgow Pollok,4309,4309,4309,4309,654,654,654,654
S01003109,Merrylee and Millbrae,Newlands/Auldburn,Glasgow Cathcart,4311,4311,4311,4311,655,655,655,655
S01003106,Newlands,Newlands/Auldburn,Glasgow Cathcart,4346,4346,4346,4346,656,656,656,656
S01003532,Victoria Park,Partick West,Glasgow Kelvin,4421,4421,4421,4421,657,657,657,657
S01003568,Kelvindale,Maryhill/Kelvin,Glasgow Anniesland,4494,4494,4494,4494,658,658,658,658
S01003697,Blairdardie West,Drumchapel/Anniesland,Glasgow Anniesland,4578,4578,4578,4578,659,659,659,659
S01003616,Robroyston and Millerston,North East,Glasgow Springburn,4589,4589,4589,4589,660,660,660,660
S01003560,Broomhill,Partick West,Glasgow Kelvin,4590,4590,4590,4590,661,661,661,661
S01003096,Kingspark South,Linn,Glasgow Cathcart,4596,4596,4596,4596,662,662,662,662
S01003330,Garrowhill East and Swinton,Baillieston,Glasgow Baillieston,4677,4677,4677,4677,663,663,663,663
S01003594,Kelvindale,Maryhill/Kelvin,Glasgow Anniesland,4731,4731,4731,4731,664,664,664,664
S01003589,Kelvindale,Maryhill/Kelvin,Glasgow Anniesland,4739,4739,4739,4739,665,665,665,665
S01003597,Kelvinside and Jordanhill,Partick West,Glasgow Anniesland,4794,4794,4794,4794,666,666,666,666
S01003103,Kingspark North,Langside,Glasgow Cathcart,4813,4813,4813,4813,667,667,667,667
S01003066,Muirend and Old Cathcart,Linn,Glasgow Cathcart,4825,4825,4825,4825,668,668,668,668
S01003234,Pollokshields West,Pollokshields,Glasgow Govan,4835,4835,4835,4835,669,669,669,669
S01003261,Cardonald West and Central,Craigton,Glasgow Pollok,4884,4884,4884,4884,670,670,670,670
S01003295,Greenfield,Shettleston,Glasgow Baillieston,4911,4911,4911,4911,671,671,671,671
S01003558,Dowanhill,Hillhead,Glasgow Kelvin,4914,4914,4914,4914,672,672,672,672
S01003196,Maxwell Park,Pollokshields,Glasgow Govan,4942,4942,4942,4942,673,673,673,673
S01003233,Mount Vernon North and Sandyhills,Shettleston,Glasgow Baillieston,4958,4958,4958,4958,674,674,674,674
S01003260,Mount Vernon North and Sandyhills,Shettleston,Glasgow Baillieston,5040,5040,5040,5040,675,675,675,675
S01003089,Newlands,Newlands/Auldburn,Glasgow Cathcart,5078,5078,5078,5078,676,676,676,676
S01003081,Carnwadric West,Newlands/Auldburn,Glasgow Cathcart,5136,5136,5136,5136,677,677,677,677
S01003591,Kelvinside and Jordanhill,Partick West,Glasgow Anniesland,5139,5139,5139,5139,678,678,678,678
S01003276,Garrowhill West,Baillieston,Glasgow Baillieston,5145,5145,5145,5145,679,679,679,679
S01003569,Victoria Park,Partick West,Glasgow Anniesland,5261,5261,5261,5261,680,680,680,680
S01003559,Scotstoun North and East,Garscadden/Scotstounhill,Glasgow Kelvin,5292,5292,5292,5292,681,681,681,681
S01003321,Garrowhill East and Swinton,Baillieston,Glasgow Baillieston,5294,5294,5294,5294,682,682,682,682
S01003086,Newlands,Newlands/Auldburn,Glasgow Cathcart,5334,5334,5334,5334,683,683,683,683
S01003556,Scotstoun North and East,Garscadden/Scotstounhill,Glasgow Kelvin,5463,5463,5463,5463,684,684,684,684
S01003229,Pollokshields West,Pollokshields,Glasgow Govan,5587,5587,5587,5587,685,685,685,685
S01003660,Robroyston and Millerston,North East,Glasgow Springburn,5599,5599,5599,5599,686,686,686,686
S01003587,Kelvinside and Jordanhill,Partick West,Glasgow Anniesland,5652,5652,5652,5652,687,687,687,687
S01003641,Robroyston and Millerston,North East,Glasgow Springburn,5840,5840,5840,5840,688,688,688,688
S01003171,Maxwell Park,Pollokshields,Glasgow Govan,5855,5855,5855,5855,689,689,689,689
S01003074,Newlands,Newlands/Auldburn,Glasgow Cathcart,5935,5935,5935,5935,690,690,690,690
S01003071,Muirend and Old Cathcart,Newlands/Auldburn,Glasgow Cathcart,5982,5982,5982,5982,691,691,691,691
S01003095,Newlands,Newlands/Auldburn,Glasgow Cathcart,6062,6062,6062,6062,692,692,692,692
S01003110,Merrylee and Millbrae,Newlands/Auldburn,Glasgow Cathcart,6074,6074,6074,6074,693,693,693,693
S01003155,Pollok South and West,Greater Pollok,Glasgow Pollok,6173,6173,6173,6173,694,694,694,694
