Datazone,Intermediate geography name,Multi-member ward name,2011 Scottish Parliamentary Constituencies,education_deprivation_rank_2004,education_deprivation_rank_2006,education_deprivation_rank_2009,education_deprivation_rank_2012,education_local_rank_2004,education_local_rank_2006,education_local_rank_2009,education_local_rank_2012
S01003627,Springburn East and Cowlairs,Springburn,Glasgow Springburn,206,33,3,6,154,23,3,1
S01003379,North Barlanark and Easterhouse South,Baillieston,Glasgow Baillieston,3,2,2,8,3,2,2,2
S01003456,Central Easterhouse,North East,Glasgow Baillieston,49,156,23,10,47,82,16,3
S01003397,North Barlanark and Easterhouse South,Baillieston,Glasgow Baillieston,42,61,7,11,42,38,5,4
S01003420,North Barlanark and Easterhouse South,North East,Glasgow Baillieston,40,53,10,12,40,34,7,5
S01003279,Parkhead West and Barrowfield,Calton,Glasgow Shettleston,18,1,9,14,18,1,6,6
S01003708,Drumchapel North,Drumchapel/Anniesland,Glasgow Anniesland,113,194,15,15,90,100,10,7
S01003444,"Garthamlock, Auchinlea and Gartloch",North East,Glasgow Baillieston,11,143,36,16,11,75,20,8
S01003564,Keppochhill,Canal,Glasgow Maryhill,36,140,21,19,36,73,14,9
S01003557,Barmulloch,North East,Glasgow Springburn,159,226,112,21,125,112,57,10
S01003687,Milton East,Canal,Glasgow Maryhill,45,373,180,24,44,167,89,11
S01003582,Possil Park,Canal,Glasgow Maryhill,8,30,39,25,8,21,22,12
S01003043,Glenwood North,Linn,Glasgow Cathcart,15,16,46,26,15,10,25,13
S01003717,Drumry East,Drumchapel/Anniesland,Glasgow Anniesland,1,6,17,28,1,5,12,14
S01003505,Sighthill,Springburn,Glasgow Springburn,28,82,100,29,28,50,52,15
S01003595,Possil Park,Canal,Glasgow Maryhill,4,3,6,30,4,3,4,16
S01003579,Keppochhill,Canal,Glasgow Maryhill,53,13,13,33,50,7,9,17
S01003457,"Roystonhill, Blochairn, and Provanmill",Springburn,Glasgow Springburn,82,162,657,34,65,86,209,18
S01003056,Darnley East,Greater Pollok,Glasgow Pollok,99,294,177,36,79,136,88,19
S01003707,Drumry West,Drumchapel/Anniesland,Glasgow Anniesland,2,12,29,42,2,6,18,20
S01003716,Drumchapel North,Drumchapel/Anniesland,Glasgow Anniesland,51,29,82,45,49,20,43,21
S01003296,Parkhead West and Barrowfield,Shettleston,Glasgow Shettleston,134,81,134,46,104,49,70,22
S01003455,Craigend and Ruchazie,North East,Glasgow Baillieston,38,47,11,48,38,30,8,23
S01003567,Cowlairs and Port Dundas,Canal,Glasgow Maryhill,24,24,16,49,24,16,11,24
S01003665,Maryhill East,Maryhill/Kelvin,Glasgow Maryhill,129,324,260,51,101,149,118,25
S01003374,Barlanark,Baillieston,Glasgow Baillieston,100,195,117,53,80,101,59,26
S01003540,Keppochhill,Canal,Glasgow Maryhill,26,17,152,55,26,11,75,27
S01003076,Carnwadric West,Newlands/Auldburn,Glasgow Cathcart,75,599,166,56,60,228,82,28
S01003082,Nitshill,Greater Pollok,Glasgow Pollok,90,52,45,57,73,33,24,29
S01003402,Central Easterhouse,North East,Glasgow Baillieston,119,328,175,58,95,151,86,30
S01003401,"Cranhill, Lightburn and Queenslie South",East Centre,Glasgow Baillieston,192,74,137,59,146,45,71,31
S01003672,Milton East,Canal,Glasgow Maryhill,110,93,64,60,88,55,33,32
S01003562,Scotstoun South and West,Garscadden/Scotstounhill,Glasgow Kelvin,145,109,113,61,115,61,58,33
S01003471,Riddrie and Hogganfield,North East,Glasgow Springburn,31,149,52,65,31,78,29,34
S01003489,Blackhill and Barmulloch East,North East,Glasgow Springburn,10,76,58,66,10,46,30,35
S01003435,Central Easterhouse,North East,Glasgow Baillieston,25,94,37,72,25,56,21,36
S01003088,Nitshill,Greater Pollok,Glasgow Pollok,195,370,153,78,148,165,76,37
S01003376,Barlanark,Baillieston,Glasgow Baillieston,171,65,76,81,134,41,39,38
S01003343,Barlanark,Baillieston,Glasgow Baillieston,47,158,86,84,45,83,45,39
S01003347,Carntyne West and Haghill,Calton,Glasgow Shettleston,41,23,40,88,41,15,23,40
S01003184,Pollok North and East,Craigton,Glasgow Pollok,48,193,244,89,46,99,112,41
S01003689,Blairdardie East,Drumchapel/Anniesland,Glasgow Anniesland,340,235,402,90,219,115,153,42
S01003253,Parkhead West and Barrowfield,Calton,Glasgow Shettleston,9,70,48,92,9,43,27,43
S01003274,Laurieston and Tradeston,Southside Central,Glasgow Shettleston,77,518,184,94,62,208,91,44
S01003709,Drumry East,Drumchapel/Anniesland,Glasgow Anniesland,37,27,33,96,37,18,19,45
S01003404,"Cranhill, Lightburn and Queenslie South",East Centre,Glasgow Baillieston,93,108,105,100,76,60,53,46
S01003590,Yoker South,Garscadden/Scotstounhill,Glasgow Anniesland,356,952,459,101,223,301,167,47
S01003201,Dalmarnock,Calton,Glasgow Shettleston,23,113,265,102,23,63,119,48
S01003486,Riddrie and Hogganfield,North East,Glasgow Springburn,21,148,145,106,21,77,74,49
S01003299,Parkhead East and Braidfauld North,Shettleston,Glasgow Shettleston,66,198,290,107,55,103,125,50
S01003706,Drumchapel South,Drumchapel/Anniesland,Glasgow Anniesland,14,51,22,108,14,32,15,51
S01003713,Drumry East,Drumchapel/Anniesland,Glasgow Anniesland,84,31,131,110,67,22,69,52
S01003302,Laurieston and Tradeston,Southside Central,Glasgow Shettleston,30,88,277,111,30,52,121,53
S01003549,Petershill,Springburn,Glasgow Springburn,35,37,24,112,35,25,17,54
S01003646,Knightswood Park East,Garscadden/Scotstounhill,Glasgow Anniesland,80,39,107,118,63,27,55,55
S01003553,Keppochhill,Canal,Glasgow Maryhill,16,59,51,119,16,37,28,56
S01003208,Braidfauld,Calton,Glasgow Shettleston,17,21,20,120,17,13,13,57
S01003419,Craigend and Ruchazie,East Centre,Glasgow Baillieston,149,415,210,121,117,181,104,58
S01003378,Carntyne West and Haghill,East Centre,Glasgow Springburn,32,77,208,122,32,47,103,59
S01003625,Wyndford,Maryhill/Kelvin,Glasgow Maryhill,137,139,439,123,107,72,163,60
S01003158,Toryglen and Oatlands,Southside Central,Glasgow Rutherglen,112,64,68,124,89,40,34,61
S01003254,Dalmarnock,Calton,Glasgow Shettleston,13,40,129,128,13,28,68,62
S01003533,Petershill,Springburn,Glasgow Springburn,164,682,251,130,128,247,114,63
S01003653,Milton West,Canal,Glasgow Maryhill,34,115,123,131,34,65,64,64
S01003028,Glenwood South,Linn,Glasgow Cathcart,267,224,499,133,187,111,176,65
S01003515,Blackhill and Barmulloch East,North East,Glasgow Springburn,101,181,144,136,81,96,73,66
S01003482,Firhill,Hillhead,Glasgow Maryhill,50,196,425,137,48,102,159,67
S01003097,Crookston South,Greater Pollok,Glasgow Pollok,74,317,307,139,59,146,130,68
S01003578,Barmulloch,North East,Glasgow Springburn,191,318,752,142,145,147,234,69
S01003388,Ibrox,Govan,Glasgow Govan,274,270,245,146,190,127,113,70
S01003357,Ibrox,Govan,Glasgow Govan,20,49,69,151,20,31,35,71
S01003194,Braidfauld,Shettleston,Glasgow Shettleston,103,601,401,153,83,229,152,72
S01003297,Gorbals and Hutchesontown,Southside Central,Glasgow Shettleston,142,22,118,154,112,14,60,73
S01003033,Glenwood South,Linn,Glasgow Cathcart,296,71,229,155,199,44,108,74
S01003314,Parkhead West and Barrowfield,Calton,Glasgow Shettleston,382,267,969,156,232,125,274,75
S01003251,Dalmarnock,Calton,Glasgow Shettleston,128,390,94,158,100,171,50,76
S01003390,North Barlanark and Easterhouse South,Baillieston,Glasgow Baillieston,12,79,128,159,12,48,67,77
S01003047,Carmunnock South,Linn,Glasgow Cathcart,231,126,218,160,167,69,106,78
S01003711,Drumchapel North,Drumchapel/Anniesland,Glasgow Anniesland,116,116,85,161,93,66,44,79
S01003285,Gorbals and Hutchesontown,Southside Central,Glasgow Shettleston,153,297,292,163,120,138,126,80
S01003121,Crookston South,Greater Pollok,Glasgow Pollok,262,558,851,170,186,218,255,81
S01003107,Crookston South,Greater Pollok,Glasgow Pollok,136,625,399,172,106,237,151,82
S01003223,Braidfauld,Shettleston,Glasgow Shettleston,524,430,296,174,273,188,127,83
S01003398,Easterhouse East,North East,Glasgow Baillieston,574,372,109,183,285,166,56,84
S01003462,"Garthamlock, Auchinlea and Gartloch",North East,Glasgow Baillieston,275,529,160,184,191,212,79,85
S01003585,Ruchill,Maryhill/Kelvin,Glasgow Maryhill,612,813,1400,188,295,272,343,86
S01003673,Maryhill West,Maryhill/Kelvin,Glasgow Maryhill,22,96,142,189,22,57,72,87
S01003441,Govan and Linthouse,Govan,Glasgow Govan,158,383,185,190,124,170,92,88
S01003702,Drumchapel South,Drumchapel/Anniesland,Glasgow Anniesland,67,175,162,195,56,92,81,89
S01003111,Nitshill,Greater Pollok,Glasgow Pollok,108,306,183,196,87,143,90,90
S01003159,Toryglen and Oatlands,Southside Central,Glasgow Rutherglen,125,19,70,202,98,12,36,91
S01003500,Firhill,Hillhead,Glasgow Maryhill,455,155,98,203,260,81,51,92
S01003182,Pollok North and East,Greater Pollok,Glasgow Pollok,186,496,234,204,143,201,109,93
S01003443,"Roystonhill, Blochairn, and Provanmill",Springburn,Glasgow Springburn,60,38,197,210,52,26,97,94
S01003140,Crookston South,Greater Pollok,Glasgow Pollok,194,605,195,211,147,231,96,95
S01003372,"Cranhill, Lightburn and Queenslie South",Baillieston,Glasgow Baillieston,240,369,170,212,174,164,84,96
S01003543,Keppochhill,Canal,Glasgow Maryhill,218,62,90,213,159,39,48,97
S01003655,Balornock,North East,Glasgow Springburn,86,244,352,215,69,118,140,98
S01003414,Easterhouse East,North East,Glasgow Baillieston,147,295,121,219,116,137,62,99
S01003617,Wyndford,Maryhill/Kelvin,Glasgow Maryhill,27,271,77,221,27,128,40,100
S01003650,Maryhill West,Maryhill/Kelvin,Glasgow Maryhill,344,467,410,222,220,196,156,101
S01003619,Wyndford,Maryhill/Kelvin,Glasgow Maryhill,406,405,259,223,242,176,117,102
S01003337,Old Shettleston and Parkhead North,East Centre,Glasgow Baillieston,98,131,87,224,78,70,46,103
S01003263,Parkhead West and Barrowfield,Calton,Glasgow Shettleston,144,34,203,227,114,24,101,104
S01003666,Milton West,Canal,Glasgow Maryhill,225,304,192,229,162,141,94,105
S01003418,Govan and Linthouse,Govan,Glasgow Govan,165,463,124,230,129,194,65,106
S01003583,Blackhill and Barmulloch East,North East,Glasgow Springburn,131,142,346,235,103,74,137,107
S01003424,Drumoyne and Shieldhall,Govan,Glasgow Govan,339,511,858,239,218,206,258,108
S01003272,Gorbals and Hutchesontown,Southside Central,Glasgow Shettleston,19,377,311,244,19,169,131,109
S01003601,Springburn East and Cowlairs,Springburn,Glasgow Springburn,588,368,119,245,289,163,61,110
S01003226,Braidfauld,Calton,Glasgow Shettleston,160,311,199,248,126,144,99,111
S01003362,Penilee,Craigton,Glasgow Pollok,421,492,378,249,249,199,146,112
S01003032,Glenwood South,Linn,Glasgow Cathcart,151,114,213,253,119,64,105,113
S01003705,Drumchapel South,Drumchapel/Anniesland,Glasgow Anniesland,127,417,154,254,99,182,77,114
S01003217,Dalmarnock,Calton,Glasgow Shettleston,174,15,254,255,137,9,115,115
S01003185,Govanhill East and Aikenhead,Southside Central,Glasgow Shettleston,390,263,88,256,237,124,47,116
S01003183,Strathbungo,Southside Central,Glasgow Govan,1767,905,635,258,453,290,204,117
S01003273,Parkhead West and Barrowfield,Calton,Glasgow Shettleston,429,333,580,272,252,152,195,118
S01003488,"Roystonhill, Blochairn, and Provanmill",Springburn,Glasgow Springburn,70,119,155,274,58,67,78,119
S01003042,Glenwood North,Linn,Glasgow Cathcart,29,166,75,278,29,88,38,120
S01003712,Drumry West,Drumchapel/Anniesland,Glasgow Anniesland,89,326,219,279,72,150,107,121
S01003389,Carntyne West and Haghill,East Centre,Glasgow Springburn,61,163,305,280,53,87,129,122
S01003367,Govan and Linthouse,Govan,Glasgow Govan,76,169,122,281,61,89,63,123
S01003167,Pollok South and West,Greater Pollok,Glasgow Pollok,169,338,281,282,132,154,122,124
S01003245,Gorbals and Hutchesontown,Southside Central,Glasgow Shettleston,57,246,169,289,51,119,83,125
S01003434,Central Easterhouse,North East,Glasgow Baillieston,92,151,80,292,75,79,41,126
S01003629,Possil Park,Canal,Glasgow Maryhill,281,421,668,294,193,184,213,127
S01003035,Glenwood South,Linn,Glasgow Cathcart,319,352,823,295,208,157,247,128
S01003510,Cowlairs and Port Dundas,Springburn,Glasgow Springburn,83,277,193,298,66,129,95,129
S01003356,Gallowgate North and Bellgrove,Calton,Glasgow Springburn,184,335,392,302,141,153,147,130
S01003309,Old Shettleston and Parkhead North,Shettleston,Glasgow Shettleston,302,397,202,303,203,174,100,131
S01003342,Gallowgate North and Bellgrove,Calton,Glasgow Shettleston,7,14,47,307,7,8,26,132
S01003572,Springburn,Springburn,Glasgow Springburn,139,180,255,309,109,95,116,133
S01003718,Drumry East,Drumchapel/Anniesland,Glasgow Anniesland,5,84,93,323,5,51,49,134
S01003611,Springburn East and Cowlairs,Springburn,Glasgow Springburn,94,44,239,327,77,29,111,135
S01003270,"Calton, Gallowgate and Bridgeton",Calton,Glasgow Shettleston,104,305,271,328,84,142,120,136
S01003610,Yoker South,Garscadden/Scotstounhill,Glasgow Anniesland,91,339,106,329,74,155,54,137
S01003546,Cowlairs and Port Dundas,Canal,Glasgow Maryhill,242,177,472,330,176,93,171,138
S01003428,"Cranhill, Lightburn and Queenslie South",East Centre,Glasgow Baillieston,62,250,349,338,54,120,139,139
S01003301,Tollcross,Shettleston,Glasgow Shettleston,1045,1148,1088,342,349,326,293,140
S01003551,Petershill,Springburn,Glasgow Springburn,239,616,568,344,173,234,192,141
S01003391,Dennistoun,East Centre,Glasgow Springburn,234,569,784,345,169,220,239,142
S01003680,Milton East,Canal,Glasgow Maryhill,107,58,398,349,86,36,150,143
S01003291,Penilee,Craigton,Glasgow Pollok,414,761,480,356,248,259,172,144
S01003036,Glenwood South,Linn,Glasgow Cathcart,166,161,434,362,130,85,162,145
S01003150,Toryglen and Oatlands,Southside Central,Glasgow Rutherglen,177,261,288,366,138,123,124,146
S01003656,Maryhill East,Maryhill/Kelvin,Glasgow Maryhill,244,285,578,374,177,131,194,147
S01003293,Shettleston North,Shettleston,Glasgow Shettleston,307,354,513,375,204,159,181,148
S01003365,Ibrox,Govan,Glasgow Govan,124,55,440,381,97,35,164,149
S01003072,Carnwadric West,Newlands/Auldburn,Glasgow Cathcart,383,759,883,395,233,258,259,150
S01003494,Woodside,Hillhead,Glasgow Maryhill,1367,1210,744,399,397,331,230,151
S01003353,Carntyne West and Haghill,Calton,Glasgow Springburn,212,217,173,402,158,107,85,152
S01003704,Drumry West,Drumchapel/Anniesland,Glasgow Anniesland,81,288,191,412,64,134,93,153
S01003640,Milton West,Canal,Glasgow Maryhill,227,435,445,413,164,190,165,154
S01003188,Govanhill West,Southside Central,Glasgow Shettleston,615,1470,1805,414,296,359,391,155
S01003636,Milton West,Canal,Glasgow Maryhill,69,68,198,418,57,42,98,156
S01003332,Barlanark,Baillieston,Glasgow Baillieston,360,313,348,419,225,145,138,157
S01003045,Darnley East,Greater Pollok,Glasgow Pollok,829,899,405,429,322,288,154,158
S01003064,Carnwadric West,Newlands/Auldburn,Glasgow Cathcart,140,509,468,435,110,205,170,159
S01003664,Maryhill East,Maryhill/Kelvin,Glasgow Maryhill,323,1094,420,436,211,320,158,160
S01003459,Craigend and Ruchazie,North East,Glasgow Springburn,537,500,587,437,277,203,197,161
S01003205,Dalmarnock,Calton,Glasgow Shettleston,272,499,586,438,189,202,196,162
S01003493,Whiteinch,Partick West,Glasgow Kelvin,854,982,701,440,324,307,222,163
S01003394,Easterhouse East,North East,Glasgow Baillieston,170,568,735,441,133,219,226,164
S01003098,Cathcart,Langside,Glasgow Cathcart,1706,1486,1263,444,445,362,320,165
S01003592,Ruchill,Canal,Glasgow Maryhill,226,543,375,445,163,216,144,166
S01003657,Milton East,Canal,Glasgow Maryhill,179,178,393,449,139,94,148,167
S01003628,Balornock,North East,Glasgow Springburn,163,89,207,451,127,53,102,168
S01003431,Riddrie and Hogganfield,East Centre,Glasgow Springburn,255,1318,1560,452,184,339,364,169
S01003172,Strathbungo,Southside Central,Glasgow Shettleston,2719,1137,1739,454,534,324,386,170
S01003600,Wyndford,Maryhill/Kelvin,Glasgow Maryhill,471,436,417,456,266,191,157,171
S01003044,Glenwood North,Linn,Glasgow Cathcart,102,222,397,460,82,110,149,172
S01003350,Penilee,Craigton,Glasgow Pollok,464,281,911,476,263,130,264,173
S01003225,Gorbals and Hutchesontown,Southside Central,Glasgow Shettleston,413,702,236,477,247,249,110,174
S01003624,Possil Park,Canal,Glasgow Maryhill,88,424,314,480,71,185,132,175
S01003351,Ibrox East and Cessnock,Govan,Glasgow Govan,388,522,407,482,236,209,155,176
S01003202,Toryglen and Oatlands,Southside Central,Glasgow Shettleston,210,353,464,483,156,158,169,177
S01003670,Maryhill East,Maryhill/Kelvin,Glasgow Maryhill,87,302,430,484,70,140,160,178
S01003364,Govan and Linthouse,Govan,Glasgow Govan,237,187,745,489,171,98,231,179
S01003548,Barmulloch,Springburn,Glasgow Springburn,247,110,61,501,178,62,31,180
S01003634,Balornock,North East,Glasgow Springburn,182,450,652,511,140,192,208,181
S01003571,Scotstoun South and West,Garscadden/Scotstounhill,Glasgow Kelvin,957,912,515,512,338,291,182,182
S01003324,Ibrox East and Cessnock,Govan,Glasgow Govan,532,719,331,513,276,252,134,183
S01003442,"Roystonhill, Blochairn, and Provanmill",Springburn,Glasgow Springburn,251,367,460,515,181,162,168,184
S01003289,Parkhead East and Braidfauld North,Shettleston,Glasgow Shettleston,271,219,376,522,188,109,145,185
S01003083,Nitshill,Greater Pollok,Glasgow Pollok,138,451,684,529,108,193,217,186
S01003596,Wyndford,Maryhill/Kelvin,Glasgow Maryhill,456,409,63,531,261,177,32,187
S01003084,Nitshill,Greater Pollok,Glasgow Pollok,117,1186,457,533,94,330,166,188
S01003055,Carnwadric West,Newlands/Auldburn,Glasgow Cathcart,321,772,670,545,210,263,215,189
S01003181,Pollok North and East,Craigton,Glasgow Pollok,199,493,481,547,151,200,173,190
S01003232,Laurieston and Tradeston,Southside Central,Glasgow Shettleston,1097,1293,1146,553,355,335,300,191
S01003396,Govan and Linthouse,Govan,Glasgow Govan,172,134,545,554,135,71,188,192
S01003615,Yoker South,Garscadden/Scotstounhill,Glasgow Anniesland,211,107,301,563,157,59,128,193
S01003132,Pollokshaws,Newlands/Auldburn,Glasgow Govan,1167,233,916,569,369,114,266,194
S01003512,Craigend and Ruchazie,North East,Glasgow Baillieston,230,1346,1389,580,166,342,342,195
S01003204,Pollok North and East,Craigton,Glasgow Pollok,361,807,795,587,226,271,240,196
S01003101,Crookston South,Greater Pollok,Glasgow Pollok,236,613,815,588,170,233,246,197
S01003048,Castlemilk,Linn,Glasgow Cathcart,150,252,665,598,118,121,212,198
S01003198,Govanhill East and Aikenhead,Southside Central,Glasgow Shettleston,670,323,432,601,301,148,161,199
S01003669,Milton West,Canal,Glasgow Maryhill,642,2197,970,616,299,451,275,200
S01003118,Pollokshaws,Newlands/Auldburn,Glasgow Govan,862,392,715,627,326,172,225,201
S01003178,Mosspark,Craigton,Glasgow Pollok,338,431,503,634,217,189,177,202
S01003215,Pollok North and East,Craigton,Glasgow Pollok,222,427,532,637,161,186,186,203
S01003463,Sighthill,Springburn,Glasgow Springburn,308,268,176,640,205,126,87,204
S01003421,"Cranhill, Lightburn and Queenslie South",East Centre,Glasgow Baillieston,1381,550,1039,644,400,217,284,205
S01003644,Springburn,Springburn,Glasgow Springburn,692,476,492,649,303,197,175,206
S01003541,Petershill,Springburn,Glasgow Springburn,201,588,619,654,152,225,202,207
S01003531,Scotstoun South and West,Garscadden/Scotstounhill,Glasgow Kelvin,1150,1007,899,656,367,309,261,208
S01003411,Drumoyne and Shieldhall,Govan,Glasgow Govan,329,173,599,657,214,91,199,209
S01003714,Drumchapel North,Drumchapel/Anniesland,Glasgow Anniesland,208,145,343,659,155,76,136,210
S01003621,Possil Park,Canal,Glasgow Maryhill,320,941,844,661,209,296,254,211
S01003387,Carntyne West and Haghill,East Centre,Glasgow Springburn,394,1445,516,667,238,354,183,212
S01003344,Penilee,Craigton,Glasgow Pollok,402,172,543,668,240,90,187,213
S01003495,Sighthill,Springburn,Glasgow Springburn,518,403,738,672,272,175,228,214
S01003654,Yoker North,Garscadden/Scotstounhill,Glasgow Anniesland,197,160,161,674,149,84,80,215
S01003160,Crookston North,Greater Pollok,Glasgow Pollok,143,237,286,675,113,116,123,216
S01003316,Ibrox East and Cessnock,Govan,Glasgow Govan,355,120,703,679,222,68,223,217
S01003458,"Roystonhill, Blochairn, and Provanmill",Springburn,Glasgow Springburn,387,882,689,680,235,283,218,218
S01003099,Nitshill,Greater Pollok,Glasgow Pollok,190,205,594,681,144,105,198,219
S01003192,Strathbungo,Southside Central,Glasgow Govan,679,1484,81,683,302,361,42,220
S01003190,Govanhill East and Aikenhead,Southside Central,Glasgow Shettleston,1395,1294,707,685,403,336,224,221
S01003029,Carmunnock South,Linn,Glasgow Cathcart,328,779,565,693,213,264,191,222
S01003247,Parkhead East and Braidfauld North,Calton,Glasgow Shettleston,105,359,488,697,85,161,174,223
S01003565,Springburn,Springburn,Glasgow Springburn,198,286,509,699,150,132,180,224
S01003349,Drumoyne and Shieldhall,Govan,Glasgow Govan,123,230,572,702,96,113,193,225
S01003519,Firhill,Hillhead,Glasgow Maryhill,702,603,356,707,304,230,142,226
S01003584,Scotstoun South and West,Garscadden/Scotstounhill,Glasgow Kelvin,39,292,370,710,39,135,143,227
S01003049,Castlemilk,Linn,Glasgow Cathcart,596,200,127,711,293,104,66,228
S01003126,Pollokshaws,Newlands/Auldburn,Glasgow Govan,167,395,353,718,131,173,141,229
S01003693,Blairdardie East,Drumchapel/Anniesland,Glasgow Anniesland,1306,287,913,727,390,133,265,230
S01003248,"Calton, Gallowgate and Bridgeton",Calton,Glasgow Shettleston,254,635,1000,736,183,244,281,231
S01003677,Milton East,Canal,Glasgow Maryhill,357,629,698,739,224,241,221,232
S01003678,Yoker North,Garscadden/Scotstounhill,Glasgow Anniesland,1133,1171,1319,742,363,329,333,233
S01003454,Woodlands,Hillhead,Glasgow Maryhill,434,1430,1944,744,255,351,412,234
S01003336,Greenfield,Baillieston,Glasgow Baillieston,525,1477,1288,754,274,360,323,235
S01003031,Glenwood South,Linn,Glasgow Cathcart,399,28,73,762,239,19,37,236
S01003467,Craigend and Ruchazie,North East,Glasgow Baillieston,286,348,618,767,196,156,201,237
S01003346,Craigton,Govan,Glasgow Govan,505,595,522,772,268,227,184,238
S01003690,Knightswood Park West,Drumchapel/Anniesland,Glasgow Anniesland,1055,1438,1656,775,351,353,379,239
S01003538,Blackhill and Barmulloch East,North East,Glasgow Springburn,564,675,750,786,282,246,233,240
S01003563,Barmulloch,North East,Glasgow Springburn,299,594,968,789,201,226,273,241
S01003573,Springburn,Springburn,Glasgow Springburn,583,884,798,798,288,285,243,242
S01003039,Darnley East,Greater Pollok,Glasgow Pollok,315,769,760,803,207,261,236,243
S01003051,Darnley North,Greater Pollok,Glasgow Pollok,1107,956,836,826,359,303,250,244
S01003237,Baillieston West,Baillieston,Glasgow Baillieston,229,756,647,831,165,257,206,245
S01003452,Riddrie and Hogganfield,East Centre,Glasgow Springburn,516,1072,1322,833,270,317,334,246
S01003703,Drumchapel South,Drumchapel/Anniesland,Glasgow Anniesland,883,945,885,834,329,298,260,247
S01003652,Maryhill East,Maryhill/Kelvin,Glasgow Maryhill,408,1083,1301,840,244,318,325,248
S01003422,Dennistoun North and Alexandra Parade,East Centre,Glasgow Springburn,479,692,613,842,267,248,200,249
S01003639,Knightswood West,Garscadden/Scotstounhill,Glasgow Anniesland,354,533,900,843,221,214,262,250
S01003352,Barlanark,Baillieston,Glasgow Baillieston,720,621,339,849,307,235,135,251
S01003333,"Calton, Gallowgate and Bridgeton",Calton,Glasgow Shettleston,407,1001,841,852,243,308,252,252
S01003491,Sighthill,Springburn,Glasgow Springburn,33,26,506,854,33,17,178,253
S01003575,Scotstoun North and East,Garscadden/Scotstounhill,Glasgow Kelvin,220,523,973,856,160,210,276,254
S01003046,Glenwood North,Linn,Glasgow Cathcart,115,609,736,866,92,232,227,255
S01003249,Parkhead East and Braidfauld North,Shettleston,Glasgow Shettleston,963,2547,1855,870,339,487,400,256
S01003256,Pollokshields West,Pollokshields,Glasgow Govan,1105,801,1076,878,358,269,290,257
S01003412,Govan and Linthouse,Govan,Glasgow Govan,293,256,669,887,197,122,214,258
S01003319,Craigton,Govan,Glasgow Govan,6,5,1,891,6,4,1,259
S01003058,Darnley West,Greater Pollok,Glasgow Pollok,205,829,964,897,153,274,272,260
S01003246,Shettleston North,Shettleston,Glasgow Shettleston,1246,1849,1619,899,382,408,374,261
S01003307,Cardonald North,Craigton,Glasgow Pollok,1446,1643,1094,910,408,379,295,262
S01003179,Govanhill West,Southside Central,Glasgow Shettleston,1642,1372,828,912,434,345,249,263
S01003604,Ruchill,Maryhill/Kelvin,Glasgow Maryhill,1258,1274,1314,914,384,333,331,264
S01003695,Summerston North,Maryhill/Kelvin,Glasgow Maryhill,447,508,1385,916,259,204,341,265
S01003405,Easterhouse East,North East,Glasgow Baillieston,571,784,1087,924,284,266,292,266
S01003313,Parkhead West and Barrowfield,Calton,Glasgow Shettleston,238,184,806,926,172,97,245,267
S01003134,Toryglen and Oatlands,Southside Central,Glasgow Rutherglen,438,836,797,933,256,276,242,268
S01003447,City Centre East,Anderston/City,Glasgow Kelvin,85,626,1143,948,68,238,299,269
S01003445,"Roystonhill, Blochairn, and Provanmill",Springburn,Glasgow Springburn,517,238,749,949,271,117,232,270
S01003416,City Centre East,Anderston/City,Glasgow Springburn,185,574,1184,955,142,222,307,271
S01003262,Tollcross,Shettleston,Glasgow Shettleston,1240,530,690,956,380,213,219,272
S01003679,Knightswood West,Garscadden/Scotstounhill,Glasgow Anniesland,1099,627,983,964,356,239,279,273
S01003663,Maryhill West,Maryhill/Kelvin,Glasgow Maryhill,141,210,327,978,111,106,133,274
S01003142,Toryglen and Oatlands,Southside Central,Glasgow Rutherglen,1021,1030,800,980,344,310,244,275
S01003231,Baillieston West,Baillieston,Glasgow Baillieston,815,865,1590,982,319,280,369,276
S01003534,Petershill,Springburn,Glasgow Springburn,1263,1058,1443,983,385,316,346,277
S01003308,Penilee,Craigton,Glasgow Pollok,457,375,660,997,262,168,211,278
S01003561,Keppochhill,Canal,Glasgow Maryhill,807,356,739,1031,317,160,229,279
S01003369,Old Shettleston and Parkhead North,East Centre,Glasgow Baillieston,1409,2084,1499,1038,405,439,354,280
S01003603,Knightswood East,Garscadden/Scotstounhill,Glasgow Anniesland,738,923,1472,1044,308,294,351,281
S01003189,Govanhill West,Southside Central,Glasgow Shettleston,1486,1560,1207,1049,414,370,310,282
S01003580,Springburn East and Cowlairs,Springburn,Glasgow Springburn,549,622,1243,1055,281,236,317,283
S01003406,Dennistoun North and Alexandra Parade,East Centre,Glasgow Springburn,770,1349,938,1059,313,344,269,284
S01003221,Cardonald South and East,Craigton,Glasgow Pollok,428,1394,1344,1060,251,347,337,285
S01003060,Glenwood North,Linn,Glasgow Cathcart,653,630,768,1085,300,242,237,286
S01003269,Parkhead East and Braidfauld North,Shettleston,Glasgow Shettleston,1103,1403,1290,1093,357,348,324,287
S01003030,Glenwood South,Linn,Glasgow Cathcart,130,723,932,1096,102,253,268,288
S01003052,Castlemilk,Linn,Glasgow Cathcart,386,831,1079,1104,234,275,291,289
S01003214,Baillieston West,Baillieston,Glasgow Baillieston,897,1571,1316,1116,330,372,332,290
S01003701,Blairdardie East,Drumchapel/Anniesland,Glasgow Anniesland,1084,1984,1597,1124,353,427,371,291
S01003334,Penilee,Craigton,Glasgow Pollok,300,871,1442,1129,202,281,345,292
S01003502,"Garthamlock, Auchinlea and Gartloch",North East,Glasgow Baillieston,369,1054,1147,1130,229,314,301,293
S01003244,Baillieston East,Baillieston,Glasgow Baillieston,114,411,548,1135,91,178,189,294
S01003415,City Centre East,Anderston/City,Glasgow Kelvin,283,218,998,1139,195,108,280,295
S01003361,Greenfield,Baillieston,Glasgow Baillieston,135,874,1435,1140,105,282,344,296
S01003386,Drumoyne and Shieldhall,Govan,Glasgow Govan,261,515,1212,1142,185,207,311,297
S01003363,Greenfield,Baillieston,Glasgow Baillieston,298,890,1176,1146,200,286,305,298
S01003161,Crookston North,Greater Pollok,Glasgow Pollok,1172,2254,1923,1151,370,457,411,299
S01003483,Craigend and Ruchazie,North East,Glasgow Baillieston,248,154,839,1162,179,80,251,300
S01003174,Govanhill West,Southside Central,Glasgow Shettleston,2729,2497,1350,1165,535,483,338,301
S01003355,Gallowgate North and Bellgrove,Calton,Glasgow Springburn,277,536,1274,1166,192,215,321,302
S01003360,Barlanark,Baillieston,Glasgow Baillieston,1378,1264,1604,1171,398,332,373,303
S01003373,City Centre West,Anderston/City,Glasgow Kelvin,156,105,1543,1187,123,58,360,304
S01003605,Knightswood East,Garscadden/Scotstounhill,Glasgow Anniesland,2060,1536,1563,1203,475,368,365,305
S01003281,Tollcross,Shettleston,Glasgow Shettleston,431,1539,1313,1206,254,369,330,306
S01003312,Penilee,Craigton,Glasgow Pollok,173,298,697,1214,136,139,220,307
S01003287,Cardonald North,Craigton,Glasgow Pollok,443,770,796,1217,257,262,241,308
S01003175,Govanhill East and Aikenhead,Southside Central,Glasgow Shettleston,1125,1921,1155,1223,362,420,302,309
S01003384,Drumoyne and Shieldhall,Govan,Glasgow Govan,1178,928,1111,1224,371,295,297,310
S01003228,Braidfauld,Shettleston,Glasgow Shettleston,859,951,917,1261,325,300,267,311
S01003599,Possil Park,Canal,Glasgow Maryhill,712,953,659,1275,305,302,210,312
S01003700,Summerston North,Maryhill/Kelvin,Glasgow Maryhill,1678,2046,1638,1286,443,432,377,313
S01003523,Craigend and Ruchazie,North East,Glasgow Baillieston,253,796,1026,1299,182,268,283,314
S01003586,Scotstoun North and East,Garscadden/Scotstounhill,Glasgow Kelvin,541,571,1003,1301,279,221,282,315
S01003598,Barmulloch,North East,Glasgow Springburn,325,714,1248,1304,212,251,318,316
S01003413,"Cranhill, Lightburn and Queenslie South",East Centre,Glasgow Baillieston,250,634,636,1309,180,243,205,317
S01003144,Crookston North,Greater Pollok,Glasgow Pollok,526,1813,1621,1311,275,404,375,318
S01003093,Newlands,Newlands/Auldburn,Glasgow Cathcart,1116,1532,1702,1324,361,366,381,319
S01003382,Anderston,Anderston/City,Glasgow Kelvin,410,1836,954,1330,245,406,270,320
S01003206,Govanhill West,Southside Central,Glasgow Shettleston,923,1488,1046,1352,335,363,286,321
S01003674,Knightswood East,Garscadden/Scotstounhill,Glasgow Anniesland,771,1314,1916,1361,314,338,409,322
S01003469,Glasgow Harbour and  Partick South,Partick West,Glasgow Kelvin,1208,1383,1599,1370,373,346,372,323
S01003310,Cardonald North,Craigton,Glasgow Pollok,2718,1777,1573,1380,533,399,367,324
S01003403,Finnieston and Kelvinhaugh,Anderston/City,Glasgow Kelvin,155,412,682,1389,122,179,216,325
S01003322,Ibrox East and Cessnock,Govan,Glasgow Govan,540,1139,650,1391,278,325,207,326
S01003537,Firhill,Canal,Glasgow Maryhill,1454,1995,2146,1396,410,428,433,327
S01003480,Whiteinch,Partick West,Glasgow Kelvin,1582,419,910,1407,426,183,263,328
S01003710,Summerston Central and West,Canal,Glasgow Maryhill,154,725,526,1417,121,254,185,329
S01003326,Cardonald North,Craigton,Glasgow Pollok,1142,1797,1285,1421,365,401,322,330
S01003317,Barlanark,Baillieston,Glasgow Baillieston,1054,2077,2199,1426,350,438,435,331
S01003138,Pollokshaws,Newlands/Auldburn,Glasgow Govan,824,713,842,1430,320,250,253,332
S01003162,Carmyle and Mount Vernon South,Shettleston,Glasgow Baillieston,43,90,557,1436,43,54,190,333
S01003354,Old Shettleston and Parkhead North,East Centre,Glasgow Baillieston,445,803,827,1446,258,270,248,334
S01003688,Summerston North,Maryhill/Kelvin,Glasgow Maryhill,332,915,1069,1451,215,292,289,335
S01003602,Balornock,North East,Glasgow Springburn,629,1858,2256,1453,297,409,437,336
S01003417,Dennistoun North and Alexandra Parade,East Centre,Glasgow Springburn,1386,1868,2002,1458,401,410,417,337
S01003470,Hillhead,Partick West,Glasgow Kelvin,1571,1882,1824,1465,424,412,394,338
S01003327,Kinning Park and Festival Park,Govan,Glasgow Govan,565,740,853,1468,283,255,256,339
S01003440,Riddrie and Hogganfield,East Centre,Glasgow Springburn,1472,2045,1997,1469,413,431,416,340
S01003339,Hillington,Craigton,Glasgow Pollok,1665,1409,1466,1473,440,349,348,341
S01003686,Summerston Central and West,Maryhill/Kelvin,Glasgow Maryhill,309,1151,1045,1477,206,327,285,342
S01003128,Mount Florida,Langside,Glasgow Cathcart,3682,1698,3107,1479,583,389,510,343
S01003157,Shawlands West,Pollokshields,Glasgow Govan,1772,943,1198,1501,455,297,308,344
S01003340,Greenfield,Baillieston,Glasgow Baillieston,1336,1940,2358,1502,395,421,445,345
S01003395,Dennistoun North and Alexandra Parade,East Centre,Glasgow Springburn,1725,2172,1730,1519,449,447,384,346
S01003432,Finnieston and Kelvinhaugh,Anderston/City,Glasgow Kelvin,913,3460,4057,1523,333,558,584,347
S01003681,Knightswood Park West,Garscadden/Scotstounhill,Glasgow Anniesland,2968,3280,2325,1537,551,547,442,348
S01003475,Woodside,Hillhead,Glasgow Maryhill,1780,972,1863,1541,457,305,402,349
S01003294,Craigton,Govan,Glasgow Pollok,1926,1165,1222,1543,463,328,314,350
S01003370,Dennistoun,East Centre,Glasgow Springburn,2033,2928,1217,1557,471,518,312,351
S01003393,Carntyne,East Centre,Glasgow Springburn,1645,787,1848,1561,437,267,399,352
S01003271,"Calton, Gallowgate and Bridgeton",Calton,Glasgow Shettleston,430,815,1886,1562,253,273,405,353
S01003423,Anderston,Anderston/City,Glasgow Kelvin,1458,1697,3217,1571,411,388,524,354
S01003207,Pollokshields East,Pollokshields,Glasgow Govan,1709,1520,1339,1572,446,364,336,355
S01003203,Mosspark,Craigton,Glasgow Pollok,1238,2769,1844,1574,379,509,398,356
S01003331,"Calton, Gallowgate and Bridgeton",Calton,Glasgow Shettleston,282,577,620,1580,194,224,203,357
S01003165,Govanhill East and Aikenhead,Southside Central,Glasgow Shettleston,2692,2732,1773,1581,532,505,388,358
S01003290,Tollcross,Shettleston,Glasgow Shettleston,1886,2430,1915,1590,462,478,408,359
S01003104,Pollokshaws,Newlands/Auldburn,Glasgow Cathcart,1029,1589,1128,1609,346,375,298,360
S01003275,Shettleston North,Shettleston,Glasgow Shettleston,1221,2099,1530,1618,376,441,358,361
S01003651,Knightswood Park East,Garscadden/Scotstounhill,Glasgow Anniesland,2182,1132,2014,1631,489,323,418,362
S01003255,Cardonald South and East,Craigton,Glasgow Pollok,2184,2672,2044,1635,491,500,423,363
S01003040,Castlemilk,Linn,Glasgow Cathcart,405,883,1218,1660,241,284,313,364
S01003091,Kingspark South,Linn,Glasgow Cathcart,1809,2593,2431,1665,459,490,454,365
S01003607,Balornock,North East,Glasgow Springburn,744,1348,1982,1685,310,343,414,366
S01003490,Woodside,Hillhead,Glasgow Maryhill,467,901,1507,1688,265,289,356,367
S01003671,Anniesland West,Drumchapel/Anniesland,Glasgow Anniesland,368,1110,1822,1691,228,322,393,368
S01003092,Carnwadric East,Newlands/Auldburn,Glasgow Cathcart,1380,2057,2334,1692,399,433,443,369
S01003715,Drumry West,Drumchapel/Anniesland,Glasgow Anniesland,233,782,1303,1699,168,265,326,370
S01003377,"Cranhill, Lightburn and Queenslie South",Baillieston,Glasgow Baillieston,1065,1890,756,1702,352,416,235,371
S01003472,Sighthill,Springburn,Glasgow Springburn,367,768,1305,1703,227,260,327,372
S01003492,Cowlairs and Port Dundas,Springburn,Glasgow Springburn,425,414,1544,1708,250,180,361,373
S01003239,Cardonald South and East,Craigton,Glasgow Pollok,2305,2518,1876,1712,500,484,403,374
S01003075,Kingspark South,Linn,Glasgow Cathcart,2034,1943,2112,1715,472,422,432,375
S01003577,Barmulloch,North East,Glasgow Springburn,412,1644,1234,1717,246,380,315,376
S01003148,Carmyle and Mount Vernon South,Shettleston,Glasgow Baillieston,825,1052,1089,1719,321,313,294,377
S01003054,Castlemilk,Linn,Glasgow Cathcart,1734,1904,1726,1730,451,418,383,378
S01003473,Woodside,Hillhead,Glasgow Maryhill,241,895,1625,1736,175,287,376,379
S01003528,"Garthamlock, Auchinlea and Gartloch",North East,Glasgow Baillieston,775,1434,2033,1742,315,352,421,380
S01003320,Kinning Park and Festival Park,Govan,Glasgow Govan,1330,575,1327,1746,393,223,335,381
S01003685,Yoker North,Garscadden/Scotstounhill,Glasgow Anniesland,1034,1903,2481,1747,348,417,462,382
S01003692,Blairdardie East,Drumchapel/Anniesland,Glasgow Anniesland,929,1462,1181,1772,336,357,306,383
S01003581,Ruchill,Canal,Glasgow Maryhill,374,651,2885,1780,230,245,495,384
S01003345,Hillington,Craigton,Glasgow Pollok,1736,2214,2691,1784,452,453,483,385
S01003518,Whiteinch,Partick West,Glasgow Kelvin,1523,1666,1469,1801,421,383,349,386
S01003662,Knightswood Park West,Garscadden/Scotstounhill,Glasgow Anniesland,2183,1528,1841,1803,490,365,397,387
S01003633,Yoker South,Garscadden/Scotstounhill,Glasgow Anniesland,1598,2070,3113,1812,427,436,511,388
S01003077,Carnwadric East,Newlands/Auldburn,Glasgow Cathcart,603,1776,2023,1813,294,398,419,389
S01003408,Anderston,Anderston/City,Glasgow Kelvin,375,527,507,1817,231,211,179,390
S01003635,Anniesland East,Drumchapel/Anniesland,Glasgow Anniesland,2121,2290,3209,1818,481,462,523,391
S01003268,Gorbals and Hutchesontown,Southside Central,Glasgow Shettleston,872,1729,1880,1834,328,394,404,392
S01003213,Braidfauld,Shettleston,Glasgow Shettleston,994,1533,1471,1836,341,367,350,393
S01003676,Anniesland West,Drumchapel/Anniesland,Glasgow Anniesland,465,466,977,1850,264,195,277,394
S01003643,Maryhill West,Maryhill/Kelvin,Glasgow Maryhill,988,978,1164,1851,340,306,304,395
S01003383,"Cranhill, Lightburn and Queenslie South",East Centre,Glasgow Baillieston,1001,1422,1056,1860,343,350,288,396
S01003468,Woodlands,Hillhead,Glasgow Maryhill,785,1468,1694,1863,316,358,380,397
S01003535,Whiteinch,Partick West,Glasgow Kelvin,1325,1781,2265,1867,392,400,439,398
S01003400,Carntyne,East Centre,Glasgow Springburn,765,1704,1650,1875,312,391,378,399
S01003696,Blairdardie East,Drumchapel/Anniesland,Glasgow Anniesland,1184,1345,1372,1912,372,341,339,400
S01003266,Tollcross,Shettleston,Glasgow Shettleston,1629,2662,1921,1938,430,499,410,401
S01003305,Shettleston North,Baillieston,Glasgow Baillieston,2035,1912,2448,1940,473,419,458,402
S01003236,Pollokshields West,Pollokshields,Glasgow Govan,1332,957,956,1947,394,304,271,403
S01003218,Cardonald South and East,Craigton,Glasgow Pollok,2261,3882,2679,1949,496,583,481,404
S01003698,Blairdardie West,Drumchapel/Anniesland,Glasgow Anniesland,2237,2159,2671,1963,495,446,478,405
S01003593,Scotstoun South and West,Garscadden/Scotstounhill,Glasgow Anniesland,1504,628,1053,1967,418,240,287,406
S01003630,Knightswood Park West,Garscadden/Scotstounhill,Glasgow Anniesland,740,2303,2443,1974,309,465,457,407
S01003508,Partick,Partick West,Glasgow Kelvin,2065,2565,1595,1978,476,488,370,408
S01003063,Castlemilk,Linn,Glasgow Cathcart,1658,2650,2107,1981,439,497,430,409
S01003147,Crookston North,Greater Pollok,Glasgow Pollok,1030,2271,1977,1987,347,459,413,410
S01003392,Dennistoun North and Alexandra Parade,East Centre,Glasgow Springburn,1091,1043,1498,1995,354,311,353,411
S01003145,Carmyle and Mount Vernon South,Shettleston,Glasgow Baillieston,333,1645,1779,1998,216,381,390,412
S01003448,Riddrie and Hogganfield,East Centre,Glasgow Springburn,906,2269,2503,2003,332,458,464,413
S01003478,Hillhead,Partick West,Glasgow Kelvin,3204,2434,2911,2005,564,479,496,414
S01003100,Newlands,Newlands/Auldburn,Glasgow Cathcart,2786,2715,2590,2008,538,501,471,415
S01003642,Knightswood East,Garscadden/Scotstounhill,Glasgow Anniesland,1696,2315,2111,2011,444,466,431,416
S01003427,Carntyne,East Centre,Glasgow Springburn,1227,1595,2074,2018,377,376,428,417
S01003211,Pollokshields East,Pollokshields,Glasgow Govan,2410,1680,1735,2022,508,386,385,418
S01003069,Carnwadric East,Newlands/Auldburn,Glasgow Cathcart,3030,2521,2836,2045,556,485,492,419
S01003606,Springburn,Springburn,Glasgow Springburn,1027,1846,1774,2049,345,407,389,420
S01003108,Cathcart,Langside,Glasgow Cathcart,2069,1706,2798,2053,477,392,490,421
S01003230,Mosspark,Craigton,Glasgow Pollok,2320,1824,2038,2059,504,405,422,422
S01003267,Shettleston North,Shettleston,Glasgow Shettleston,1512,2716,2384,2068,419,502,448,423
S01003135,Toryglen and Oatlands,Southside Central,Glasgow Rutherglen,1769,1672,1988,2070,454,385,415,424
S01003306,Craigton,Govan,Glasgow Pollok,1233,1746,1525,2076,378,396,357,425
S01003648,Anniesland West,Drumchapel/Anniesland,Glasgow Anniesland,1643,2067,2066,2081,435,435,426,426
S01003450,Finnieston and Kelvinhaugh,Anderston/City,Glasgow Kelvin,714,1983,1897,2099,306,426,406,427
S01003119,Kingspark North,Langside,Glasgow Rutherglen,2126,2018,2266,2105,483,430,440,428
S01003375,Drumoyne and Shieldhall,Govan,Glasgow Govan,1416,2193,2211,2123,406,450,436,429
S01003227,Pollokshields East,Pollokshields,Glasgow Govan,1722,1661,1571,2133,447,382,366,430
S01003380,Dennistoun,East Centre,Glasgow Springburn,1287,2297,1740,2141,388,463,387,431
S01003200,Govanhill West,Southside Central,Glasgow Shettleston,1312,1972,2045,2144,391,425,424,432
S01003622,Knightswood East,Garscadden/Scotstounhill,Glasgow Anniesland,1494,2468,3313,2149,416,480,529,433
S01003191,Govanhill West,Southside Central,Glasgow Shettleston,1677,1306,979,2163,442,337,278,434
S01003216,Cardonald West and Central,Craigton,Glasgow Pollok,2222,2983,2656,2182,494,522,477,435
S01003430,Anderston,Anderston/City,Glasgow Kelvin,1425,491,1834,2185,407,198,396,436
S01003409,Dennistoun North and Alexandra Parade,East Centre,Glasgow Springburn,2453,3206,2457,2193,512,541,460,437
S01003122,Toryglen and Oatlands,Southside Central,Glasgow Rutherglen,1352,1096,1537,2203,396,321,359,438
S01003116,Cathcart,Langside,Glasgow Cathcart,2531,2327,2868,2218,517,467,494,439
S01003399,City Centre East,Anderston/City,Glasgow Kelvin,761,2199,2430,2237,311,452,453,440
S01003466,Hillhead,Partick West,Glasgow Kelvin,1146,1872,1857,2238,366,411,401,441
S01003476,"Garthamlock, Auchinlea and Gartloch",North East,Glasgow Baillieston,1136,1570,2285,2239,364,371,441,442
S01003381,Carntyne West and Haghill,East Centre,Glasgow Springburn,1252,2285,2065,2251,383,461,425,443
S01003684,Blairdardie East,Drumchapel/Anniesland,Glasgow Anniesland,998,2061,2488,2274,342,434,463,444
S01003222,Pollokshields East,Pollokshields,Glasgow Govan,2147,1886,1098,2281,485,414,296,445
S01003250,Mosspark,Craigton,Glasgow Pollok,1644,2123,2370,2286,436,444,447,446
S01003219,Mosspark,Craigton,Glasgow Pollok,2377,2643,3206,2309,507,496,522,447
S01003335,"Calton, Gallowgate and Bridgeton",Calton,Glasgow Shettleston,1276,1799,3631,2327,387,402,555,448
S01003683,Blairdardie East,Garscadden/Scotstounhill,Glasgow Anniesland,1639,1685,1587,2328,433,387,368,449
S01003371,Dennistoun,East Centre,Glasgow Springburn,1657,1884,1457,2330,438,413,347,450
S01003348,Kinning Park and Festival Park,Govan,Glasgow Govan,634,2412,1831,2340,298,477,395,451
S01003070,Carnwadric East,Newlands/Auldburn,Glasgow Cathcart,1723,2636,2703,2344,448,493,484,452
S01003087,Kingspark South,Linn,Glasgow Cathcart,2176,1668,2415,2346,488,384,452,453
S01003286,Kingston West and Dumbreck,Pollokshields,Glasgow Govan,2160,1046,2394,2353,486,312,449,454
S01003152,Battlefield,Southside Central,Glasgow Cathcart,2867,2729,2026,2365,544,504,420,455
S01003304,Kingston West and Dumbreck,Govan,Glasgow Govan,2658,2596,2627,2379,528,491,475,456
S01003277,Baillieston East,Baillieston,Glasgow Baillieston,2020,2073,2715,2381,469,437,485,457
S01003026,Carmunnock South,Linn,Glasgow Cathcart,4141,3465,2861,2389,599,559,493,458
S01003303,Laurieston and Tradeston,Govan,Glasgow Govan,545,429,1238,2392,280,187,316,459
S01003338,Kinning Park and Festival Park,Govan,Glasgow Govan,1402,1811,1545,2402,404,403,362,460
S01003645,Knightswood Park West,Garscadden/Scotstounhill,Glasgow Anniesland,1549,2477,3042,2417,422,481,507,461
S01003057,Castlemilk,Linn,Glasgow Cathcart,1450,1056,1558,2428,409,315,363,462
S01003451,Hillhead,Partick West,Glasgow Kelvin,1467,1093,2357,2432,412,319,444,463
S01003647,Anniesland West,Drumchapel/Anniesland,Glasgow Anniesland,2073,2281,3025,2433,478,460,503,464
S01003461,Riddrie and Hogganfield,East Centre,Glasgow Springburn,1164,2109,2434,2437,368,443,456,465
S01003315,Kinning Park and Festival Park,Govan,Glasgow Govan,1621,1740,2405,2449,429,395,451,466
S01003436,Drumoyne and Shieldhall,Govan,Glasgow Govan,2584,3228,2554,2468,523,543,467,467
S01003080,Kingspark South,Linn,Glasgow Cathcart,2079,2884,2460,2511,479,517,461,468
S01003529,Petershill,Springburn,Glasgow Springburn,1271,2217,2563,2531,386,454,468,469
S01003053,Darnley North,Greater Pollok,Glasgow Pollok,1209,2173,2455,2535,374,448,459,470
S01003220,Pollokshields East,Pollokshields,Glasgow Govan,1983,1955,2404,2552,467,423,450,471
S01003649,Springburn East and Cowlairs,Canal,Glasgow Maryhill,1946,2722,2571,2572,465,503,469,472
S01003199,Shettleston South,Shettleston,Glasgow Shettleston,1808,2826,3037,2577,458,510,505,473
S01003501,Kelvingrove and University,Hillhead,Glasgow Kelvin,3490,2981,2583,2602,575,521,470,474
S01003325,Hillington,Craigton,Glasgow Pollok,2666,2827,2690,2619,531,511,482,475
S01003517,Firhill,Hillhead,Glasgow Maryhill,2135,1460,2605,2623,484,356,473,476
S01003329,Greenfield,Baillieston,Glasgow Baillieston,1502,1889,1496,2671,417,415,352,477
S01003284,Craigton,Govan,Glasgow Pollok,1635,2336,2951,2683,431,468,498,478
S01003154,Shawlands East,Langside,Glasgow Govan,2165,3050,2738,2689,487,524,487,479
S01003481,Partick,Partick West,Glasgow Kelvin,3394,2379,3134,2711,573,473,514,480
S01003637,Anniesland West,Drumchapel/Anniesland,Glasgow Anniesland,2660,2877,3198,2725,529,516,521,481
S01003407,Carntyne,East Centre,Glasgow Springburn,590,2190,2432,2728,290,449,455,482
S01003117,Battlefield,Langside,Glasgow Cathcart,1243,2246,1205,2801,381,456,309,483
S01003146,Shawlands East,Langside,Glasgow Govan,2312,1701,3253,2831,502,390,528,484
S01003426,Dennistoun North and Alexandra Parade,East Centre,Glasgow Springburn,1556,1958,1723,2834,423,424,382,485
S01003608,Yoker South,Garscadden/Scotstounhill,Glasgow Anniesland,579,753,2540,2855,287,256,465,486
S01003487,Woodlands,Hillhead,Glasgow Maryhill,1728,2351,1506,2868,450,470,355,487
S01003668,Anniesland West,Garscadden/Scotstounhill,Glasgow Anniesland,809,1337,1375,2871,318,340,340,488
S01003691,Summerston Central and West,Maryhill/Kelvin,Glasgow Maryhill,2104,2386,2751,2883,480,474,489,489
S01003300,Baillieston East,Baillieston,Glasgow Baillieston,1668,3154,3686,2887,441,538,561,490
S01003453,Woodlands,Anderston/City,Glasgow Kelvin,1493,1759,2621,2905,415,397,474,491
S01003257,Pollokshields West,Pollokshields,Glasgow Govan,3345,2750,2147,2915,571,507,434,492
S01003547,North Kelvin,Canal,Glasgow Maryhill,4451,4548,2984,2931,615,617,501,493
S01003264,Mosspark,Govan,Glasgow Pollok,2619,3104,3504,2937,526,535,548,494
S01003425,Finnieston and Kelvinhaugh,Anderston/City,Glasgow Kelvin,507,2298,2067,2960,269,464,427,495
S01003694,Blairdardie West,Drumchapel/Anniesland,Glasgow Anniesland,3143,3470,3761,2966,560,560,570,496
S01003658,Knightswood West,Garscadden/Scotstounhill,Glasgow Anniesland,1393,2853,3235,2983,402,514,525,497
S01003173,Strathbungo,Southside Central,Glasgow Govan,3502,3200,2672,3008,577,540,479,498
S01003464,Woodlands,Hillhead,Glasgow Maryhill,871,4382,3329,3011,327,606,532,499
S01003073,Kingspark South,Linn,Glasgow Cathcart,2039,2655,3026,3032,474,498,504,500
S01003136,Mount Florida,Langside,Glasgow Cathcart,2600,921,1900,3057,524,293,407,501
S01003127,Kingspark North,Langside,Glasgow Rutherglen,1834,2642,2541,3077,460,495,466,502
S01003429,Finnieston and Kelvinhaugh,Anderston/City,Glasgow Kelvin,595,1446,3394,3091,292,355,537,503
S01003242,Kingston West and Dumbreck,Govan,Glasgow Govan,4867,3698,3711,3121,634,574,563,504
S01003437,Finnieston and Kelvinhaugh,Anderston/City,Glasgow Kelvin,1517,837,2720,3123,420,277,486,505
S01003137,Shawlands East,Langside,Glasgow Govan,5027,4464,3760,3153,637,612,569,506
S01003238,Cardonald West and Central,Craigton,Glasgow Pollok,2580,3494,3156,3167,522,564,517,507
S01003460,Hillhead,Partick West,Glasgow Kelvin,2573,3841,3178,3185,521,582,519,508
S01003176,Strathbungo,Southside Central,Glasgow Govan,3660,2568,1261,3188,582,489,319,509
S01003105,Kingspark North,Langside,Glasgow Rutherglen,2819,3098,2965,3195,540,532,500,510
S01003446,City Centre West,Anderston/City,Glasgow Kelvin,294,848,770,3196,198,279,238,511
S01003240,Cardonald West and Central,Craigton,Glasgow Pollok,2951,3215,2740,3201,549,542,488,512
S01003521,Kelvingrove and University,Hillhead,Glasgow Kelvin,2301,3504,3481,3226,499,566,546,513
S01003366,City Centre East,Anderston/City,Glasgow Kelvin,2821,1709,1810,3239,541,393,392,514
S01003298,Hillington,Craigton,Glasgow Pollok,3084,3433,3131,3242,558,556,513,515
S01003631,Knightswood Park East,Garscadden/Scotstounhill,Glasgow Anniesland,2286,3523,3435,3255,497,567,543,516
S01003496,Partick,Partick West,Glasgow Kelvin,3291,4395,3406,3259,566,608,539,517
S01003499,Partick,Partick West,Glasgow Kelvin,4002,4609,3547,3330,594,619,551,518
S01003166,Shawlands West,Pollokshields,Glasgow Govan,2315,844,2103,3338,503,278,429,519
S01003180,Shettleston South,Shettleston,Glasgow Shettleston,2010,3577,3736,3350,468,569,566,520
S01003186,Maxwell Park,Pollokshields,Glasgow Govan,6123,4487,3963,3378,678,614,580,521
S01003618,Knightswood Park East,Garscadden/Scotstounhill,Glasgow Anniesland,4033,3370,3430,3402,596,552,542,522
S01003164,Battlefield,Southside Central,Glasgow Shettleston,2472,3051,3125,3413,516,525,512,523
S01003485,Woodlands,Hillhead,Glasgow Maryhill,1217,3474,4594,3417,375,562,615,524
S01003439,City Centre East,Anderston/City,Glasgow Kelvin,577,948,1158,3431,286,299,303,525
S01003114,Mount Florida,Langside,Glasgow Cathcart,2615,3185,3041,3454,525,539,506,526
S01003682,Summerston North,Maryhill/Kelvin,Glasgow Maryhill,3341,3792,4321,3472,570,579,603,527
S01003498,Broomhill,Partick West,Glasgow Kelvin,2934,2829,4006,3494,547,512,582,528
S01003168,Shawlands West,Pollokshields,Glasgow Govan,1577,1575,855,3514,425,374,257,529
S01003278,Cardonald North,Craigton,Glasgow Pollok,2570,4066,3447,3518,520,593,544,530
S01003667,Yoker North,Garscadden/Scotstounhill,Glasgow Anniesland,2310,3096,3536,3536,501,531,550,531
S01003385,Dennistoun,East Centre,Glasgow Springburn,1115,1572,2260,3542,360,373,438,532
S01003062,Darnley North,Greater Pollok,Glasgow Pollok,1773,2961,3054,3556,456,520,508,533
S01003151,Shettleston South,Shettleston,Glasgow Baillieston,2458,2141,3191,3600,514,445,520,534
S01003282,Cardonald West and Central,Craigton,Glasgow Pollok,4981,4923,4223,3607,636,635,595,535
S01003169,Pollok South and West,Greater Pollok,Glasgow Pollok,3324,3773,3863,3608,568,577,576,536
S01003550,Robroyston and Millerston,North East,Glasgow Springburn,2032,2374,2950,3613,470,472,497,537
S01003699,Summerston Central and West,Maryhill/Kelvin,Glasgow Maryhill,2417,3579,3671,3625,509,570,559,538
S01003149,Shawlands East,Langside,Glasgow Govan,2555,3601,3641,3662,518,571,558,539
S01003209,Mosspark,Craigton,Glasgow Pollok,2196,3083,3318,3679,492,529,530,540
S01003243,Cardonald West and Central,Craigton,Glasgow Pollok,2457,2536,3137,3705,513,486,515,541
S01003197,Mount Vernon North and Sandyhills,Shettleston,Glasgow Baillieston,4196,4524,4602,3730,603,615,616,542
S01003129,Langside,Langside,Glasgow Govan,4431,3888,3640,3746,614,585,557,543
S01003318,Garrowhill East and Swinton,Baillieston,Glasgow Baillieston,2788,3526,4150,3752,539,568,590,544
S01003641,Robroyston and Millerston,North East,Glasgow Springburn,2461,3483,3886,3767,515,563,577,545
S01003096,Kingspark South,Linn,Glasgow Cathcart,4454,4295,3448,3778,616,602,545,546
S01003265,Cardonald West and Central,Craigton,Glasgow Pollok,3885,4791,3795,3781,590,628,571,547
S01003235,Shettleston South,Shettleston,Glasgow Shettleston,1871,3057,3092,3785,461,526,509,548
S01003115,Pollokshaws,Newlands/Auldburn,Glasgow Cathcart,5339,4709,3639,3795,646,622,556,549
S01003328,"Calton, Gallowgate and Bridgeton",Calton,Glasgow Shettleston,902,1283,2806,3808,331,334,491,550
S01003102,Kingspark North,Langside,Glasgow Rutherglen,3577,3446,3677,3810,579,557,560,551
S01003037,Darnley West,Greater Pollok,Glasgow Pollok,3163,3139,3703,3848,562,536,562,552
S01003465,Glasgow Harbour and  Partick South,Partick West,Glasgow Kelvin,2296,1610,3012,3860,498,377,502,553
S01003659,Anniesland West,Drumchapel/Anniesland,Glasgow Anniesland,1305,2371,3249,3871,389,471,526,554
S01003113,Kingspark North,Langside,Glasgow Rutherglen,2430,3063,3743,3888,510,527,567,555
S01003065,Muirend and Old Cathcart,Linn,Glasgow Cathcart,3021,4369,4320,3892,555,605,602,556
S01003034,Darnley East,Greater Pollok,Glasgow Pollok,2662,3233,3327,3893,530,544,531,557
S01003341,Garrowhill East and Swinton,Baillieston,Glasgow Baillieston,2375,3355,3714,3896,506,550,564,558
S01003081,Carnwadric West,Newlands/Auldburn,Glasgow Cathcart,2630,3087,3911,3912,527,530,579,559
S01003449,City Centre West,Anderston/City,Glasgow Kelvin,832,2627,3732,3924,323,492,565,560
S01003507,Firhill,Hillhead,Glasgow Maryhill,2446,2219,1311,3931,511,455,329,561
S01003616,Robroyston and Millerston,North East,Glasgow Springburn,2949,4762,3853,3946,548,625,573,562
S01003321,Garrowhill East and Swinton,Baillieston,Glasgow Baillieston,3107,3794,3429,3947,559,580,541,563
S01003187,Strathbungo,Pollokshields,Glasgow Govan,3007,3413,4365,3951,554,555,605,564
S01003193,Baillieston East,Baillieston,Glasgow Baillieston,1940,2409,3860,3959,464,476,575,565
S01003041,Darnley West,Greater Pollok,Glasgow Pollok,3321,3273,3747,3995,567,545,568,566
S01003477,Glasgow Harbour and  Partick South,Partick West,Glasgow Kelvin,3385,3471,3332,4012,572,561,533,567
S01003660,Robroyston and Millerston,North East,Glasgow Springburn,3446,3503,4315,4015,574,565,600,568
S01003359,Garrowhill East and Swinton,Baillieston,Glasgow Baillieston,2964,3930,3859,4031,550,588,574,569
S01003292,Garrowhill West,Baillieston,Glasgow Baillieston,2342,3765,4804,4035,505,576,625,570
S01003504,Kelvingrove and University,Hillhead,Glasgow Kelvin,4184,3015,4415,4037,602,523,606,571
S01003124,Battlefield,Langside,Glasgow Cathcart,2984,3375,4077,4039,552,553,585,572
S01003358,City Centre East,Anderston/City,Glasgow Kelvin,1614,5703,1308,4051,428,663,328,573
S01003283,Garrowhill West,Baillieston,Glasgow Baillieston,3038,3998,4502,4053,557,589,611,574
S01003626,Robroyston and Millerston,North East,Glasgow Springburn,2831,3364,3360,4062,542,551,534,575
S01003479,Hillhead,Partick West,Glasgow Kelvin,1636,2763,2366,4068,432,508,446,576
S01003474,Woodlands,Hillhead,Glasgow Maryhill,914,2734,3161,4111,334,506,518,577
S01003090,Merrylee and Millbrae,Newlands/Auldburn,Glasgow Cathcart,4076,3079,2959,4139,598,528,499,578
S01003131,Battlefield,Langside,Glasgow Cathcart,3826,2840,3363,4150,587,513,535,579
S01003530,Firhill,Canal,Glasgow Maryhill,4520,4543,3395,4159,618,616,538,580
S01003123,Pollok South and West,Greater Pollok,Glasgow Pollok,4234,4007,3251,4175,604,591,527,581
S01003038,Darnley West,Greater Pollok,Glasgow Pollok,3233,3277,4423,4182,565,546,608,582
S01003212,Mount Vernon North and Sandyhills,Baillieston,Glasgow Baillieston,3195,3823,4936,4186,563,581,631,583
S01003067,Carmunnock North,Linn,Glasgow Cathcart,3895,4133,4158,4201,592,595,591,584
S01003484,Kelvingrove and University,Hillhead,Glasgow Kelvin,5494,2088,2646,4205,655,440,476,585
S01003613,Robroyston and Millerston,North East,Glasgow Springburn,4396,3386,3889,4213,613,554,578,586
S01003410,City Centre West,Anderston/City,Glasgow Kelvin,591,2639,2592,4217,291,494,472,587
S01003514,Dowanhill,Hillhead,Glasgow Kelvin,5223,5645,5343,4237,643,658,645,588
S01003125,Langside,Langside,Glasgow Cathcart,4719,2004,3151,4245,627,429,516,589
S01003156,Battlefield,Langside,Glasgow Cathcart,2746,2338,4668,4261,536,469,621,590
S01003588,Robroyston and Millerston,North East,Glasgow Springburn,2567,3684,3583,4294,519,573,553,591
S01003311,Garrowhill West,Baillieston,Glasgow Baillieston,2929,3612,4881,4335,546,572,629,592
S01003513,Kelvingrove and University,Hillhead,Glasgow Kelvin,3331,4091,5827,4360,569,594,668,593
S01003094,Merrylee and Millbrae,Newlands/Auldburn,Glasgow Cathcart,4011,4307,4287,4379,595,603,598,594
S01003196,Maxwell Park,Pollokshields,Glasgow Govan,5215,4411,4886,4391,642,609,630,595
S01003280,Kingston West and Dumbreck,Govan,Glasgow Govan,4247,3885,4316,4398,606,584,601,596
S01003078,Muirend and Old Cathcart,Newlands/Auldburn,Glasgow Cathcart,4476,4257,3975,4400,617,600,581,597
S01003086,Newlands,Newlands/Auldburn,Glasgow Cathcart,4529,4884,4469,4405,620,632,610,598
S01003516,Blackhill and Barmulloch East,North East,Glasgow Springburn,2842,3150,3495,4448,543,537,547,599
S01003323,Garrowhill West,Baillieston,Glasgow Baillieston,3794,4866,4437,4471,586,630,609,600
S01003295,Greenfield,Shettleston,Glasgow Baillieston,2749,3101,4112,4476,537,534,587,601
S01003143,Mount Florida,Langside,Glasgow Cathcart,2198,2487,2673,4484,493,482,480,602
S01003061,Carmunnock North,Linn,Glasgow Cathcart,4149,4319,4177,4489,601,604,592,603
S01003170,Maxwell Park,Pollokshields,Glasgow Govan,4142,3292,4134,4515,600,549,588,604
S01003259,Baillieston East,Baillieston,Glasgow Baillieston,2987,3784,3797,4525,553,578,572,605
S01003638,Kelvindale,Maryhill/Kelvin,Glasgow Anniesland,4853,4462,4362,4569,633,611,604,606
S01003612,Anniesland East,Maryhill/Kelvin,Glasgow Anniesland,4876,4214,5057,4572,635,598,632,607
S01003276,Garrowhill West,Baillieston,Glasgow Baillieston,3833,4717,5151,4596,588,623,636,608
S01003224,Mount Vernon North and Sandyhills,Shettleston,Glasgow Baillieston,3571,4553,4422,4603,578,618,607,609
S01003438,Finnieston and Kelvinhaugh,Anderston/City,Glasgow Kelvin,939,1616,4590,4637,337,378,614,610
S01003506,Firhill,Hillhead,Glasgow Maryhill,4848,2394,3524,4715,632,475,549,611
S01003258,Baillieston West,Baillieston,Glasgow Baillieston,2913,2875,4010,4721,545,515,583,612
S01003050,Carmunnock North,Linn,Glasgow Cathcart,4054,4618,4309,4752,597,620,599,613
S01003522,Dowanhill,Hillhead,Glasgow Kelvin,5817,5279,4681,4796,667,644,622,614
S01003675,Anniesland East,Drumchapel/Anniesland,Glasgow Anniesland,5137,4968,5209,4802,640,640,637,615
S01003433,City Centre West,Anderston/City,Glasgow Kelvin,1969,3283,3383,4815,466,548,536,616
S01003697,Blairdardie West,Drumchapel/Anniesland,Glasgow Anniesland,4240,4270,4564,4833,605,601,613,617
S01003497,Kelvingrove and University,Partick West,Glasgow Kelvin,3501,2947,4200,4839,576,519,594,618
S01003252,Baillieston West,Baillieston,Glasgow Baillieston,4348,4767,4083,4865,610,626,586,619
S01003330,Garrowhill East and Swinton,Baillieston,Glasgow Baillieston,3621,4212,4822,4881,580,597,627,620
S01003661,Anniesland East,Maryhill/Kelvin,Glasgow Anniesland,3655,4006,3420,4884,581,590,540,621
S01003620,Kelvindale,Maryhill/Kelvin,Glasgow Anniesland,5552,5534,5485,4949,656,654,651,622
S01003574,Ruchill,Canal,Glasgow Maryhill,5351,5173,4271,4961,647,643,597,623
S01003139,Shawlands West,Pollokshields,Glasgow Govan,4782,4389,4620,4969,629,607,617,624
S01003130,Mount Florida,Langside,Glasgow Cathcart,4357,4470,3571,5013,611,613,552,625
S01003120,Pollok South and West,Greater Pollok,Glasgow Pollok,4320,4775,5147,5032,608,627,635,626
S01003526,North Kelvin,Hillhead,Glasgow Kelvin,6208,5715,4628,5033,685,664,618,627
S01003234,Pollokshields West,Pollokshields,Glasgow Govan,4543,4433,4144,5127,621,610,589,628
S01003261,Cardonald West and Central,Craigton,Glasgow Pollok,4790,4876,4737,5135,630,631,623,629
S01003288,Garrowhill West,Baillieston,Glasgow Baillieston,4550,3908,5096,5169,622,586,634,630
S01003171,Maxwell Park,Pollokshields,Glasgow Govan,3852,3711,4178,5203,589,575,593,631
S01003195,Carmyle and Mount Vernon South,Shettleston,Glasgow Baillieston,3152,4138,4237,5205,561,596,596,632
S01003241,Shettleston South,Shettleston,Glasgow Shettleston,3915,4051,4642,5237,593,592,620,633
S01003089,Newlands,Newlands/Auldburn,Glasgow Cathcart,5489,5604,5332,5259,653,655,643,634
S01003155,Pollok South and West,Greater Pollok,Glasgow Pollok,4344,5103,5468,5336,609,642,650,635
S01003229,Pollokshields West,Pollokshields,Glasgow Govan,5368,4961,4815,5403,648,638,626,636
S01003566,Ruchill,Canal,Glasgow Maryhill,4588,3100,3626,5409,623,533,554,637
S01003233,Mount Vernon North and Sandyhills,Shettleston,Glasgow Baillieston,4656,5332,5395,5424,626,648,647,638
S01003027,Darnley East,Greater Pollok,Glasgow Pollok,4360,4808,5379,5429,612,629,646,639
S01003103,Kingspark North,Langside,Glasgow Cathcart,4763,4945,5295,5470,628,637,641,640
S01003109,Merrylee and Millbrae,Newlands/Auldburn,Glasgow Cathcart,5892,5612,5304,5486,669,656,642,641
S01003079,Muirend and Old Cathcart,Linn,Glasgow Cathcart,5043,5772,5341,5506,638,667,644,642
S01003210,Maxwell Park,Pollokshields,Glasgow Govan,5159,4238,4631,5535,641,599,619,643
S01003260,Mount Vernon North and Sandyhills,Shettleston,Glasgow Baillieston,4651,4760,5713,5559,625,624,662,644
S01003177,Strathbungo,Pollokshields,Glasgow Govan,5754,5851,5269,5619,664,671,639,645
S01003525,Partickhill and Hyndland,Partick West,Glasgow Kelvin,4526,5333,4831,5633,619,649,628,646
S01003632,Anniesland East,Maryhill/Kelvin,Glasgow Anniesland,3726,4902,4774,5663,584,634,624,647
S01003112,Cathcart,Langside,Glasgow Cathcart,4629,5385,5654,5668,624,650,657,648
S01003554,North Kelvin,Canal,Glasgow Maryhill,3772,5694,5979,5673,585,661,674,649
S01003059,Muirend and Old Cathcart,Newlands/Auldburn,Glasgow Cathcart,5262,5884,5822,5727,644,672,667,650
S01003066,Muirend and Old Cathcart,Linn,Glasgow Cathcart,4801,4930,5221,5733,631,636,638,651
S01003520,Partickhill and Hyndland,Hillhead,Glasgow Kelvin,5927,4692,5686,5743,670,621,660,652
S01003597,Kelvinside and Jordanhill,Partick West,Glasgow Anniesland,5995,5796,5866,5792,673,668,670,653
S01003368,Gallowgate North and Bellgrove,Calton,Glasgow Shettleston,2123,2100,4504,5816,482,442,612,654
S01003025,Carmunnock South,Linn,Glasgow Cathcart,6073,5835,6043,5828,675,670,675,655
S01003153,Maxwell Park,Pollokshields,Glasgow Govan,5403,5323,5836,5865,649,647,669,656
S01003614,Kelvinside and Jordanhill,Partick West,Glasgow Anniesland,6081,5931,5729,5867,676,673,663,657
S01003532,Victoria Park,Partick West,Glasgow Kelvin,5310,6014,5787,5899,645,677,664,658
S01003133,Langside,Langside,Glasgow Govan,6019,5657,5683,5906,674,660,659,659
S01003589,Kelvindale,Maryhill/Kelvin,Glasgow Anniesland,6214,6132,5663,5922,687,679,658,660
S01003570,Scotstoun North and East,Garscadden/Scotstounhill,Glasgow Kelvin,5456,5655,5285,5961,652,659,640,661
S01003555,North Kelvin,Canal,Glasgow Maryhill,5427,4998,6107,5991,651,641,676,662
S01003552,Kelvinside and Jordanhill,Hillhead,Glasgow Kelvin,5409,3927,6233,5997,650,587,681,663
S01003545,Dowanhill,Hillhead,Glasgow Kelvin,6357,5702,5710,6000,693,662,661,664
S01003559,Scotstoun North and East,Garscadden/Scotstounhill,Glasgow Kelvin,5075,5531,5941,6007,639,653,672,665
S01003085,Cathcart,Linn,Glasgow Cathcart,5676,5741,5397,6010,659,665,648,666
S01003576,Kelvinside and Jordanhill,Hillhead,Glasgow Kelvin,5712,5820,5086,6031,661,669,633,667
S01003524,Broomhill,Partick West,Glasgow Kelvin,5760,6411,6257,6036,665,691,684,668
S01003591,Kelvinside and Jordanhill,Partick West,Glasgow Anniesland,6155,6181,5939,6037,681,684,671,669
S01003509,Kelvingrove and University,Hillhead,Glasgow Kelvin,5746,4964,6209,6049,663,639,679,670
S01003163,Maxwell Park,Pollokshields,Glasgow Govan,4274,5291,5496,6066,607,645,653,671
S01003568,Kelvindale,Maryhill/Kelvin,Glasgow Anniesland,5954,5463,5511,6071,671,651,654,672
S01003623,Kelvindale,Maryhill/Kelvin,Glasgow Anniesland,5833,6108,5943,6083,668,678,673,673
S01003542,Dowanhill,Hillhead,Glasgow Kelvin,6219,5520,5792,6091,688,652,665,674
S01003569,Victoria Park,Partick West,Glasgow Anniesland,6176,6431,6183,6110,683,692,677,675
S01003544,North Kelvin,Canal,Glasgow Maryhill,5598,5322,5421,6111,657,646,649,676
S01003106,Newlands,Newlands/Auldburn,Glasgow Cathcart,5650,5749,6248,6119,658,666,683,677
S01003560,Broomhill,Partick West,Glasgow Kelvin,6293,5962,6215,6148,691,676,680,678
S01003071,Muirend and Old Cathcart,Newlands/Auldburn,Glasgow Cathcart,6139,6294,5807,6150,680,687,666,679
S01003503,Hillhead,Partick West,Glasgow Kelvin,5493,4898,5569,6206,654,633,655,680
S01003110,Merrylee and Millbrae,Newlands/Auldburn,Glasgow Cathcart,6221,6324,6261,6249,689,689,685,681
S01003074,Newlands,Newlands/Auldburn,Glasgow Cathcart,6163,6153,6273,6319,682,681,686,682
S01003095,Newlands,Newlands/Auldburn,Glasgow Cathcart,6291,5942,5628,6330,690,674,656,683
S01003594,Kelvindale,Maryhill/Kelvin,Glasgow Anniesland,5740,6151,6386,6362,662,680,691,684
S01003536,Partickhill and Hyndland,Hillhead,Glasgow Kelvin,5810,6354,6372,6370,666,690,690,685
S01003527,Victoria Park,Partick West,Glasgow Anniesland,6179,6481,6363,6380,684,694,688,686
S01003609,Kelvinside and Jordanhill,Partick West,Glasgow Anniesland,5992,6205,6192,6385,672,685,678,687
S01003141,Langside,Langside,Glasgow Govan,3893,6160,5491,6386,591,682,652,688
S01003539,Broomhill,Partick West,Glasgow Kelvin,6124,5958,6370,6396,679,675,689,689
S01003068,Carmunnock North,Linn,Glasgow Cathcart,6085,5615,6242,6427,677,657,682,690
S01003511,Partickhill and Hyndland,Partick West,Glasgow Kelvin,6330,6253,6297,6430,692,686,687,691
S01003587,Kelvinside and Jordanhill,Partick West,Glasgow Anniesland,6413,6476,6448,6460,694,693,694,692
S01003556,Scotstoun North and East,Garscadden/Scotstounhill,Glasgow Kelvin,5702,6172,6397,6466,660,683,692,693
S01003558,Dowanhill,Hillhead,Glasgow Kelvin,6209,6303,6442,6473,686,688,693,694
