Datazone,Intermediate geography name,Multi-member ward name,2011 Scottish Parliamentary Constituencies,crime_deprivation_rank_2006,crime_deprivation_rank_2009,crime_deprivation_rank_2012,crime_local_rank_2006,crime_local_rank_2009,crime_local_rank_2012
S01003410,City Centre West,Anderston/City,Glasgow Kelvin,1,1,1,1,1,1
S01003373,City Centre West,Anderston/City,Glasgow Kelvin,2,2,4,2,2,2
S01003314,Parkhead West and Barrowfield,Calton,Glasgow Shettleston,15,6,11,4,3,3
S01003358,City Centre East,Anderston/City,Glasgow Kelvin,8,7,12,3,4,4
S01003433,City Centre West,Anderston/City,Glasgow Kelvin,39,30,16,6,6,5
S01003436,Drumoyne and Shieldhall,Govan,Glasgow Govan,241,38,35,52,7,6
S01003232,Laurieston and Tradeston,Southside Central,Glasgow Shettleston,54,111,38,9,16,7
S01003709,Drumry East,Drumchapel/Anniesland,Glasgow Anniesland,493,174,45,106,30,8
S01003335,"Calton, Gallowgate and Bridgeton",Calton,Glasgow Shettleston,289,104,46,61,15,9
S01003156,Battlefield,Langside,Glasgow Cathcart,168,171,65,32,29,10
S01003564,Keppochhill,Canal,Glasgow Maryhill,48,27,73,7,5,11
S01003302,Laurieston and Tradeston,Southside Central,Glasgow Shettleston,68,81,78,11,11,12
S01003159,Toryglen and Oatlands,Southside Central,Glasgow Rutherglen,80,89,87,15,12,13
S01003279,Parkhead West and Barrowfield,Calton,Glasgow Shettleston,65,143,93,10,23,14
S01003367,Govan and Linthouse,Govan,Glasgow Govan,23,60,94,5,8,15
S01003273,Parkhead West and Barrowfield,Calton,Glasgow Shettleston,294,191,95,62,34,16
S01003262,Tollcross,Shettleston,Glasgow Shettleston,463,612,96,99,113,17
S01003441,Govan and Linthouse,Govan,Glasgow Govan,158,136,102,29,21,18
S01003653,Milton West,Canal,Glasgow Maryhill,746,1229,109,174,229,19
S01003076,Carnwadric West,Newlands/Auldburn,Glasgow Cathcart,1555,314,111,311,60,20
S01003548,Barmulloch,Springburn,Glasgow Springburn,90,73,112,17,9,21
S01003466,Hillhead,Partick West,Glasgow Kelvin,443,250,119,94,48,22
S01003665,Maryhill East,Maryhill/Kelvin,Glasgow Maryhill,1007,404,120,217,73,23
S01003328,"Calton, Gallowgate and Bridgeton",Calton,Glasgow Shettleston,49,133,130,8,20,24
S01003416,City Centre East,Anderston/City,Glasgow Springburn,352,219,132,73,41,25
S01003043,Glenwood North,Linn,Glasgow Cathcart,407,344,134,86,65,26
S01003646,Knightswood Park East,Garscadden/Scotstounhill,Glasgow Anniesland,171,203,138,34,36,27
S01003176,Strathbungo,Southside Central,Glasgow Govan,74,146,145,14,24,28
S01003111,Nitshill,Greater Pollok,Glasgow Pollok,449,947,154,95,173,29
S01003285,Gorbals and Hutchesontown,Southside Central,Glasgow Shettleston,188,970,159,37,177,30
S01003263,Parkhead West and Barrowfield,Calton,Glasgow Shettleston,365,380,168,77,69,31
S01003303,Laurieston and Tradeston,Govan,Glasgow Govan,70,137,173,13,22,32
S01003270,"Calton, Gallowgate and Bridgeton",Calton,Glasgow Shettleston,229,429,175,46,78,33
S01003353,Carntyne West and Haghill,Calton,Glasgow Springburn,901,452,185,197,81,34
S01003389,Carntyne West and Haghill,East Centre,Glasgow Springburn,287,147,189,60,25,35
S01003223,Braidfauld,Shettleston,Glasgow Shettleston,264,393,194,55,70,36
S01003420,North Barlanark and Easterhouse South,North East,Glasgow Baillieston,170,117,196,33,18,37
S01003454,Woodlands,Hillhead,Glasgow Maryhill,1060,323,199,226,63,38
S01003531,Scotstoun South and West,Garscadden/Scotstounhill,Glasgow Kelvin,479,838,205,103,149,39
S01003221,Cardonald South and East,Craigton,Glasgow Pollok,469,602,215,100,111,40
S01003424,Drumoyne and Shieldhall,Govan,Glasgow Govan,1303,486,216,270,85,41
S01003582,Possil Park,Canal,Glasgow Maryhill,126,91,220,26,13,42
S01003313,Parkhead West and Barrowfield,Calton,Glasgow Shettleston,121,185,222,23,32,43
S01003327,Kinning Park and Festival Park,Govan,Glasgow Govan,419,992,238,90,182,44
S01003296,Parkhead West and Barrowfield,Shettleston,Glasgow Shettleston,81,225,242,16,43,45
S01003595,Possil Park,Canal,Glasgow Maryhill,157,190,243,28,33,46
S01003374,Barlanark,Baillieston,Glasgow Baillieston,1181,923,246,247,167,47
S01003605,Knightswood East,Garscadden/Scotstounhill,Glasgow Anniesland,553,165,254,127,26,48
S01003460,Hillhead,Partick West,Glasgow Kelvin,962,245,255,210,47,49
S01003044,Glenwood North,Linn,Glasgow Cathcart,106,271,259,20,50,50
S01003337,Old Shettleston and Parkhead North,East Centre,Glasgow Baillieston,609,361,261,139,68,51
S01003452,Riddrie and Hogganfield,East Centre,Glasgow Springburn,69,95,264,12,14,52
S01003491,Sighthill,Springburn,Glasgow Springburn,240,1377,266,51,260,53
S01003357,Ibrox,Govan,Glasgow Govan,100,294,269,19,54,54
S01003484,Kelvingrove and University,Hillhead,Glasgow Kelvin,535,487,272,122,86,55
S01003439,City Centre East,Anderston/City,Glasgow Kelvin,209,77,292,41,10,56
S01003707,Drumry West,Drumchapel/Anniesland,Glasgow Anniesland,167,256,295,31,49,57
S01003301,Tollcross,Shettleston,Glasgow Shettleston,539,708,301,124,123,58
S01003333,"Calton, Gallowgate and Bridgeton",Calton,Glasgow Shettleston,254,353,304,53,66,59
S01003604,Ruchill,Maryhill/Kelvin,Glasgow Maryhill,798,293,308,180,53,60
S01003584,Scotstoun South and West,Garscadden/Scotstounhill,Glasgow Kelvin,529,995,315,120,184,61
S01003673,Maryhill West,Maryhill/Kelvin,Glasgow Maryhill,341,115,320,69,17,62
S01003364,Govan and Linthouse,Govan,Glasgow Govan,120,169,324,22,28,63
S01003663,Maryhill West,Maryhill/Kelvin,Glasgow Maryhill,474,166,334,102,27,64
S01003088,Nitshill,Greater Pollok,Glasgow Pollok,732,924,345,171,168,65
S01003687,Milton East,Canal,Glasgow Maryhill,261,1213,346,54,225,66
S01003541,Petershill,Springburn,Glasgow Springburn,1010,1585,356,218,300,67
S01003403,Finnieston and Kelvinhaugh,Anderston/City,Glasgow Kelvin,364,175,358,76,31,68
S01003601,Springburn East and Cowlairs,Springburn,Glasgow Springburn,831,396,368,185,71,69
S01003562,Scotstoun South and West,Garscadden/Scotstounhill,Glasgow Kelvin,717,749,371,166,130,70
S01003157,Shawlands West,Pollokshields,Glasgow Govan,404,531,374,84,96,71
S01003390,North Barlanark and Easterhouse South,Baillieston,Glasgow Baillieston,728,558,375,169,101,72
S01003366,City Centre East,Anderston/City,Glasgow Kelvin,521,496,382,117,89,73
S01003473,Woodside,Hillhead,Glasgow Maryhill,666,543,389,157,98,74
S01003191,Govanhill West,Southside Central,Glasgow Shettleston,527,810,390,119,144,75
S01003208,Braidfauld,Calton,Glasgow Shettleston,438,798,391,93,140,76
S01003347,Carntyne West and Haghill,Calton,Glasgow Shettleston,774,1194,396,177,220,77
S01003617,Wyndford,Maryhill/Kelvin,Glasgow Maryhill,511,1222,403,114,228,78
S01003064,Carnwadric West,Newlands/Auldburn,Glasgow Cathcart,375,311,404,79,58,79
S01003206,Govanhill West,Southside Central,Glasgow Shettleston,651,1073,408,154,196,80
S01003401,"Cranhill, Lightburn and Queenslie South",East Centre,Glasgow Baillieston,1101,1201,417,233,222,81
S01003418,Govan and Linthouse,Govan,Glasgow Govan,1391,305,423,284,56,82
S01003336,Greenfield,Baillieston,Glasgow Baillieston,605,874,425,136,158,83
S01003253,Parkhead West and Barrowfield,Calton,Glasgow Shettleston,1014,1271,436,220,238,84
S01003226,Braidfauld,Calton,Glasgow Shettleston,673,2805,451,158,449,85
S01003316,Ibrox East and Cessnock,Govan,Glasgow Govan,652,466,461,155,82,86
S01003643,Maryhill West,Maryhill/Kelvin,Glasgow Maryhill,524,661,464,118,117,87
S01003619,Wyndford,Maryhill/Kelvin,Glasgow Maryhill,1304,751,471,271,132,88
S01003482,Firhill,Hillhead,Glasgow Maryhill,1528,873,473,305,157,89
S01003437,Finnieston and Kelvinhaugh,Anderston/City,Glasgow Kelvin,470,204,474,101,37,90
S01003593,Scotstoun South and West,Garscadden/Scotstounhill,Glasgow Anniesland,320,754,475,65,134,91
S01003596,Wyndford,Maryhill/Kelvin,Glasgow Maryhill,1144,1209,476,240,224,92
S01003419,Craigend and Ruchazie,East Centre,Glasgow Baillieston,308,213,485,64,39,93
S01003428,"Cranhill, Lightburn and Queenslie South",East Centre,Glasgow Baillieston,224,624,487,45,114,94
S01003356,Gallowgate North and Bellgrove,Calton,Glasgow Springburn,918,1199,488,203,221,95
S01003160,Crookston North,Greater Pollok,Glasgow Pollok,715,849,489,165,154,96
S01003342,Gallowgate North and Bellgrove,Calton,Glasgow Shettleston,405,525,494,85,94,97
S01003158,Toryglen and Oatlands,Southside Central,Glasgow Rutherglen,176,485,502,35,84,98
S01003028,Glenwood South,Linn,Glasgow Cathcart,2715,1485,508,467,281,99
S01003075,Kingspark South,Linn,Glasgow Cathcart,3135,974,520,519,178,100
S01003590,Yoker South,Garscadden/Scotstounhill,Glasgow Anniesland,507,964,522,112,175,101
S01003042,Glenwood North,Linn,Glasgow Cathcart,1540,1002,527,309,185,102
S01003457,"Roystonhill, Blochairn, and Provanmill",Springburn,Glasgow Springburn,1161,2576,535,243,419,103
S01003379,North Barlanark and Easterhouse South,Baillieston,Glasgow Baillieston,299,220,536,63,42,104
S01003387,Carntyne West and Haghill,East Centre,Glasgow Springburn,509,1311,544,113,246,105
S01003572,Springburn,Springburn,Glasgow Springburn,322,288,545,66,51,106
S01003414,Easterhouse East,North East,Glasgow Baillieston,506,578,546,111,107,107
S01003082,Nitshill,Greater Pollok,Glasgow Pollok,199,829,547,40,148,108
S01003519,Firhill,Hillhead,Glasgow Maryhill,220,289,555,44,52,109
S01003255,Cardonald South and East,Craigton,Glasgow Pollok,418,199,557,89,35,110
S01003172,Strathbungo,Southside Central,Glasgow Shettleston,1062,879,563,228,160,111
S01003567,Cowlairs and Port Dundas,Canal,Glasgow Maryhill,531,758,566,121,135,112
S01003402,Central Easterhouse,North East,Glasgow Baillieston,796,319,569,179,62,113
S01003297,Gorbals and Hutchesontown,Southside Central,Glasgow Shettleston,425,576,570,91,106,114
S01003269,Parkhead East and Braidfauld North,Shettleston,Glasgow Shettleston,1427,1840,577,290,330,115
S01003540,Keppochhill,Canal,Glasgow Maryhill,123,481,581,25,83,116
S01003249,Parkhead East and Braidfauld North,Shettleston,Glasgow Shettleston,1993,1777,586,380,323,117
S01003173,Strathbungo,Southside Central,Glasgow Govan,462,573,592,98,104,118
S01003669,Milton West,Canal,Glasgow Maryhill,1296,859,594,267,156,119
S01003521,Kelvingrove and University,Hillhead,Glasgow Kelvin,284,230,600,59,45,120
S01003708,Drumchapel North,Drumchapel/Anniesland,Glasgow Anniesland,413,313,603,88,59,121
S01003083,Nitshill,Greater Pollok,Glasgow Pollok,1227,1095,608,255,200,122
S01003444,"Garthamlock, Auchinlea and Gartloch",North East,Glasgow Baillieston,648,229,611,153,44,123
S01003470,Hillhead,Partick West,Glasgow Kelvin,1233,818,612,258,147,124
S01003198,Govanhill East and Aikenhead,Southside Central,Glasgow Shettleston,1596,1966,613,318,350,125
S01003501,Kelvingrove and University,Hillhead,Glasgow Kelvin,691,1103,622,162,201,126
S01003671,Anniesland West,Drumchapel/Anniesland,Glasgow Anniesland,2791,2761,623,482,441,127
S01003309,Old Shettleston and Parkhead North,Shettleston,Glasgow Shettleston,151,415,624,27,74,128
S01003495,Sighthill,Springburn,Glasgow Springburn,638,1596,626,149,303,129
S01003140,Crookston South,Greater Pollok,Glasgow Pollok,1613,1587,627,320,301,130
S01003672,Milton East,Canal,Glasgow Maryhill,409,503,631,87,90,131
S01003603,Knightswood East,Garscadden/Scotstounhill,Glasgow Anniesland,402,942,649,83,171,132
S01003644,Springburn,Springburn,Glasgow Springburn,1392,790,655,285,136,133
S01003435,Central Easterhouse,North East,Glasgow Baillieston,354,399,657,74,72,134
S01003222,Pollokshields East,Pollokshields,Glasgow Govan,2743,1241,659,472,232,135
S01003256,Pollokshields West,Pollokshields,Glasgow Govan,775,651,661,178,116,136
S01003706,Drumchapel South,Drumchapel/Anniesland,Glasgow Anniesland,1639,581,663,323,108,137
S01003271,"Calton, Gallowgate and Bridgeton",Calton,Glasgow Shettleston,350,704,667,72,122,138
S01003324,Ibrox East and Cessnock,Govan,Glasgow Govan,344,544,670,70,99,139
S01003469,Glasgow Harbour and  Partick South,Partick West,Glasgow Kelvin,1151,1559,673,242,298,140
S01003351,Ibrox East and Cessnock,Govan,Glasgow Govan,280,358,674,57,67,141
S01003459,Craigend and Ruchazie,North East,Glasgow Springburn,653,1376,675,156,259,142
S01003557,Barmulloch,North East,Glasgow Springburn,577,1351,682,132,252,143
S01003399,City Centre East,Anderston/City,Glasgow Kelvin,191,318,690,38,61,144
S01003650,Maryhill West,Maryhill/Kelvin,Glasgow Maryhill,930,732,692,205,128,145
S01003571,Scotstoun South and West,Garscadden/Scotstounhill,Glasgow Kelvin,1749,1109,694,338,202,146
S01003099,Nitshill,Greater Pollok,Glasgow Pollok,644,631,695,151,115,147
S01003376,Barlanark,Baillieston,Glasgow Baillieston,739,217,708,172,40,148
S01003711,Drumchapel North,Drumchapel/Anniesland,Glasgow Anniesland,587,436,709,133,80,149
S01003154,Shawlands East,Langside,Glasgow Govan,1889,1368,713,368,258,150
S01003705,Drumchapel South,Drumchapel/Anniesland,Glasgow Anniesland,1721,714,714,332,124,151
S01003322,Ibrox East and Cessnock,Govan,Glasgow Govan,573,530,718,131,95,152
S01003432,Finnieston and Kelvinhaugh,Anderston/City,Glasgow Kelvin,1302,1051,722,269,191,153
S01003239,Cardonald South and East,Craigton,Glasgow Pollok,2047,921,724,386,165,154
S01003056,Darnley East,Greater Pollok,Glasgow Pollok,589,985,737,134,180,155
S01003576,Kelvinside and Jordanhill,Hillhead,Glasgow Kelvin,1012,1501,744,219,286,156
S01003167,Pollok South and West,Greater Pollok,Glasgow Pollok,1120,1849,748,236,331,157
S01003635,Anniesland East,Drumchapel/Anniesland,Glasgow Anniesland,437,1040,750,92,189,158
S01003118,Pollokshaws,Newlands/Auldburn,Glasgow Govan,231,417,752,47,75,159
S01003290,Tollcross,Shettleston,Glasgow Shettleston,1631,1245,753,322,233,160
S01003456,Central Easterhouse,North East,Glasgow Baillieston,212,306,760,43,57,161
S01003515,Blackhill and Barmulloch East,North East,Glasgow Springburn,984,841,761,214,150,162
S01003683,Blairdardie East,Garscadden/Scotstounhill,Glasgow Anniesland,1491,1217,763,296,226,163
S01003217,Dalmarnock,Calton,Glasgow Shettleston,399,600,767,82,109,164
S01003504,Kelvingrove and University,Hillhead,Glasgow Kelvin,859,1301,769,189,244,165
S01003408,Anderston,Anderston/City,Glasgow Kelvin,1099,1938,771,232,345,166
S01003293,Shettleston North,Shettleston,Glasgow Shettleston,877,843,776,192,151,167
S01003272,Gorbals and Hutchesontown,Southside Central,Glasgow Shettleston,1439,1150,778,291,208,168
S01003204,Pollok North and East,Craigton,Glasgow Pollok,545,1133,789,126,203,169
S01003502,"Garthamlock, Auchinlea and Gartloch",North East,Glasgow Baillieston,368,1007,796,78,186,170
S01003629,Possil Park,Canal,Glasgow Maryhill,1724,1525,797,334,291,171
S01003200,Govanhill West,Southside Central,Glasgow Shettleston,233,606,808,48,112,172
S01003248,"Calton, Gallowgate and Bridgeton",Calton,Glasgow Shettleston,2329,1090,816,428,199,173
S01003246,Shettleston North,Shettleston,Glasgow Shettleston,1983,2257,833,377,386,174
S01003188,Govanhill West,Southside Central,Glasgow Shettleston,1098,1461,839,231,278,175
S01003514,Dowanhill,Hillhead,Glasgow Kelvin,635,1616,854,148,305,176
S01003205,Dalmarnock,Calton,Glasgow Shettleston,1384,1024,855,283,187,177
S01003702,Drumchapel South,Drumchapel/Anniesland,Glasgow Anniesland,1642,3779,857,324,569,178
S01003599,Possil Park,Canal,Glasgow Maryhill,625,806,862,144,143,179
S01003360,Barlanark,Baillieston,Glasgow Baillieston,1768,512,865,341,91,180
S01003445,"Roystonhill, Blochairn, and Provanmill",Springburn,Glasgow Springburn,1336,1711,869,276,314,181
S01003130,Mount Florida,Langside,Glasgow Cathcart,1562,298,870,312,55,182
S01003579,Keppochhill,Canal,Glasgow Maryhill,621,425,871,143,76,183
S01003577,Barmulloch,North East,Glasgow Springburn,1018,1762,874,223,320,184
S01003286,Kingston West and Dumbreck,Pollokshields,Glasgow Govan,965,677,876,211,119,185
S01003134,Toryglen and Oatlands,Southside Central,Glasgow Rutherglen,2944,2742,877,498,438,186
S01003189,Govanhill West,Southside Central,Glasgow Shettleston,283,547,886,58,100,187
S01003289,Parkhead East and Braidfauld North,Shettleston,Glasgow Shettleston,808,493,889,182,87,188
S01003245,Gorbals and Hutchesontown,Southside Central,Glasgow Shettleston,1882,1558,892,365,297,189
S01003187,Strathbungo,Pollokshields,Glasgow Govan,1803,793,896,349,138,190
S01003299,Parkhead East and Braidfauld North,Shettleston,Glasgow Shettleston,234,122,897,49,19,191
S01003666,Milton West,Canal,Glasgow Maryhill,1778,1662,905,344,311,192
S01003543,Keppochhill,Canal,Glasgow Maryhill,355,208,913,75,38,193
S01003388,Ibrox,Govan,Glasgow Govan,501,572,918,109,103,194
S01003486,Riddrie and Hogganfield,North East,Glasgow Springburn,161,752,922,30,133,195
S01003551,Petershill,Springburn,Glasgow Springburn,2253,2819,924,417,453,196
S01003365,Ibrox,Govan,Glasgow Govan,238,1056,928,50,192,197
S01003054,Castlemilk,Linn,Glasgow Cathcart,824,575,936,183,105,198
S01003179,Govanhill West,Southside Central,Glasgow Shettleston,1822,2292,937,352,388,199
S01003227,Pollokshields East,Pollokshields,Glasgow Govan,689,1346,938,161,251,200
S01003192,Strathbungo,Southside Central,Glasgow Govan,178,1180,939,36,217,201
S01003194,Braidfauld,Shettleston,Glasgow Shettleston,912,1640,953,200,309,202
S01003280,Kingston West and Dumbreck,Govan,Glasgow Govan,557,976,960,128,179,203
S01003462,"Garthamlock, Auchinlea and Gartloch",North East,Glasgow Baillieston,1520,427,966,303,77,204
S01003443,"Roystonhill, Blochairn, and Provanmill",Springburn,Glasgow Springburn,886,917,976,194,164,205
S01003713,Drumry East,Drumchapel/Anniesland,Glasgow Anniesland,1276,1344,996,264,250,206
S01003332,Barlanark,Baillieston,Glasgow Baillieston,1175,241,999,246,46,207
S01003717,Drumry East,Drumchapel/Anniesland,Glasgow Anniesland,606,993,1004,137,183,208
S01003211,Pollokshields East,Pollokshields,Glasgow Govan,4529,3206,1018,635,497,209
S01003396,Govan and Linthouse,Govan,Glasgow Govan,876,1878,1028,191,336,210
S01003430,Anderston,Anderston/City,Glasgow Kelvin,1519,1399,1029,302,266,211
S01003518,Whiteinch,Partick West,Glasgow Kelvin,960,1274,1038,209,240,212
S01003474,Woodlands,Hillhead,Glasgow Maryhill,1460,3175,1041,294,492,213
S01003523,Craigend and Ruchazie,North East,Glasgow Baillieston,1806,1594,1049,350,302,214
S01003442,"Roystonhill, Blochairn, and Provanmill",Springburn,Glasgow Springburn,951,431,1070,207,79,215
S01003440,Riddrie and Hogganfield,East Centre,Glasgow Springburn,480,1773,1073,104,322,216
S01003680,Milton East,Canal,Glasgow Maryhill,627,1447,1081,145,274,217
S01003305,Shettleston North,Baillieston,Glasgow Baillieston,1246,933,1088,261,170,218
S01003534,Petershill,Springburn,Glasgow Springburn,1538,1954,1092,308,348,219
S01003202,Toryglen and Oatlands,Southside Central,Glasgow Shettleston,1880,3178,1095,364,493,220
S01003670,Maryhill East,Maryhill/Kelvin,Glasgow Maryhill,768,1989,1100,176,354,221
S01003063,Castlemilk,Linn,Glasgow Cathcart,3902,2860,1102,586,456,222
S01003703,Drumchapel South,Drumchapel/Anniesland,Glasgow Anniesland,1016,1442,1109,221,273,223
S01003029,Carmunnock South,Linn,Glasgow Cathcart,2583,1293,1126,452,241,224
S01003640,Milton West,Canal,Glasgow Maryhill,1443,1488,1146,292,282,225
S01003036,Glenwood South,Linn,Glasgow Cathcart,3296,1380,1150,532,261,226
S01003611,Springburn East and Cowlairs,Springburn,Glasgow Springburn,1364,1523,1153,280,290,227
S01003493,Whiteinch,Partick West,Glasgow Kelvin,2641,804,1159,460,142,228
S01003413,"Cranhill, Lightburn and Queenslie South",East Centre,Glasgow Baillieston,801,1824,1163,181,327,229
S01003475,Woodside,Hillhead,Glasgow Maryhill,1829,1490,1175,353,283,230
S01003464,Woodlands,Hillhead,Glasgow Maryhill,1189,1456,1179,249,276,231
S01003478,Hillhead,Partick West,Glasgow Kelvin,3267,3214,1184,529,500,232
S01003166,Shawlands West,Pollokshields,Glasgow Govan,854,725,1188,188,127,233
S01003045,Darnley East,Greater Pollok,Glasgow Pollok,1269,1179,1193,262,216,234
S01003628,Balornock,North East,Glasgow Springburn,1055,325,1194,225,64,235
S01003489,Blackhill and Barmulloch East,North East,Glasgow Springburn,491,674,1195,105,118,236
S01003580,Springburn East and Cowlairs,Springburn,Glasgow Springburn,2010,3112,1201,382,484,237
S01003656,Maryhill East,Maryhill/Kelvin,Glasgow Maryhill,2177,2471,1202,402,410,238
S01003320,Kinning Park and Festival Park,Govan,Glasgow Govan,1576,3392,1204,314,528,239
S01003250,Mosspark,Craigton,Glasgow Pollok,1061,1512,1211,227,287,240
S01003215,Pollok North and East,Craigton,Glasgow Pollok,1573,2992,1212,313,470,241
S01003624,Possil Park,Canal,Glasgow Maryhill,1745,1088,1220,337,198,242
S01003492,Cowlairs and Port Dundas,Springburn,Glasgow Springburn,541,519,1224,125,93,243
S01003693,Blairdardie East,Drumchapel/Anniesland,Glasgow Anniesland,2246,3520,1228,415,542,244
S01003033,Glenwood South,Linn,Glasgow Cathcart,3721,2008,1230,570,356,245
S01003055,Carnwadric West,Newlands/Auldburn,Glasgow Cathcart,1123,1850,1231,238,332,246
S01003404,"Cranhill, Lightburn and Queenslie South",East Centre,Glasgow Baillieston,2159,1981,1234,398,353,247
S01003067,Carmunnock North,Linn,Glasgow Cathcart,753,1667,1239,175,312,248
S01003471,Riddrie and Hogganfield,North East,Glasgow Springburn,122,907,1251,24,162,249
S01003052,Castlemilk,Linn,Glasgow Cathcart,639,1257,1253,150,235,250
S01003247,Parkhead East and Braidfauld North,Calton,Glasgow Shettleston,1608,2330,1255,319,392,251
S01003500,Firhill,Hillhead,Glasgow Maryhill,1357,2005,1264,279,355,252
S01003340,Greenfield,Baillieston,Glasgow Baillieston,568,1157,1266,130,209,253
S01003463,Sighthill,Springburn,Glasgow Springburn,844,1622,1267,186,306,254
S01003084,Nitshill,Greater Pollok,Glasgow Pollok,1171,1950,1272,245,346,255
S01003101,Crookston South,Greater Pollok,Glasgow Pollok,1369,2178,1286,281,374,256
S01003352,Barlanark,Baillieston,Glasgow Baillieston,976,1166,1287,213,215,257
S01003468,Woodlands,Hillhead,Glasgow Maryhill,1759,2110,1292,340,367,258
S01003116,Cathcart,Langside,Glasgow Cathcart,2338,2930,1299,431,463,259
S01003383,"Cranhill, Lightburn and Queenslie South",East Centre,Glasgow Baillieston,903,2529,1303,198,416,260
S01003446,City Centre West,Anderston/City,Glasgow Kelvin,1701,1910,1304,331,342,261
S01003329,Greenfield,Baillieston,Glasgow Baillieston,384,958,1305,80,174,262
S01003146,Shawlands East,Langside,Glasgow Govan,2217,2815,1318,412,451,263
S01003213,Braidfauld,Shettleston,Glasgow Shettleston,1504,748,1324,298,129,264
S01003281,Tollcross,Shettleston,Glasgow Shettleston,1682,1352,1342,328,253,265
S01003487,Woodlands,Hillhead,Glasgow Maryhill,1184,1429,1349,248,270,266
S01003563,Barmulloch,North East,Glasgow Springburn,2578,1540,1354,450,293,267
S01003047,Carmunnock South,Linn,Glasgow Cathcart,1348,1247,1355,278,234,268
S01003507,Firhill,Hillhead,Glasgow Maryhill,1648,2450,1360,325,406,269
S01003151,Shettleston South,Shettleston,Glasgow Baillieston,1149,1925,1376,241,343,270
S01003712,Drumry West,Drumchapel/Anniesland,Glasgow Anniesland,1272,1067,1377,263,195,271
S01003026,Carmunnock South,Linn,Glasgow Cathcart,2302,750,1378,424,131,272
S01003183,Strathbungo,Southside Central,Glasgow Govan,453,541,1382,96,97,273
S01003634,Balornock,North East,Glasgow Springburn,2245,2018,1383,414,358,274
S01003662,Knightswood Park West,Garscadden/Scotstounhill,Glasgow Anniesland,1077,811,1390,230,145,275
S01003382,Anderston,Anderston/City,Glasgow Kelvin,1951,1769,1409,373,321,276
S01003561,Keppochhill,Canal,Glasgow Maryhill,1068,922,1418,229,166,277
S01003046,Glenwood North,Linn,Glasgow Cathcart,2582,1357,1423,451,256,278
S01003274,Laurieston and Tradeston,Southside Central,Glasgow Shettleston,95,803,1434,18,141,279
S01003510,Cowlairs and Port Dundas,Springburn,Glasgow Springburn,596,897,1436,135,161,280
S01003566,Ruchill,Canal,Glasgow Maryhill,2099,1457,1440,393,277,281
S01003535,Whiteinch,Partick West,Glasgow Kelvin,1169,1430,1445,244,271,282
S01003449,City Centre West,Anderston/City,Glasgow Kelvin,3596,1298,1458,562,243,283
S01003412,Govan and Linthouse,Govan,Glasgow Govan,1216,988,1462,253,181,284
S01003610,Yoker South,Garscadden/Scotstounhill,Glasgow Anniesland,2847,1139,1474,487,205,285
S01003411,Drumoyne and Shieldhall,Govan,Glasgow Govan,1773,702,1479,342,121,286
S01003600,Wyndford,Maryhill/Kelvin,Glasgow Maryhill,2978,1355,1484,500,254,287
S01003426,Dennistoun North and Alexandra Parade,East Centre,Glasgow Springburn,968,1240,1490,212,231,288
S01003349,Drumoyne and Shieldhall,Govan,Glasgow Govan,1337,1963,1492,277,349,289
S01003378,Carntyne West and Haghill,East Centre,Glasgow Springburn,2294,2012,1500,422,357,290
S01003348,Kinning Park and Festival Park,Govan,Glasgow Govan,647,1542,1505,152,294,291
S01003627,Springburn East and Cowlairs,Springburn,Glasgow Springburn,2777,2463,1508,479,409,292
S01003494,Woodside,Hillhead,Glasgow Maryhill,1966,1547,1509,376,296,293
S01003107,Crookston South,Greater Pollok,Glasgow Pollok,2065,1813,1511,390,325,294
S01003220,Pollokshields East,Pollokshields,Glasgow Govan,2384,1625,1522,432,307,295
S01003304,Kingston West and Dumbreck,Govan,Glasgow Govan,938,2218,1532,206,377,296
S01003391,Dennistoun,East Centre,Glasgow Springburn,326,1518,1536,67,289,297
S01003409,Dennistoun North and Alexandra Parade,East Centre,Glasgow Springburn,386,1148,1538,81,207,298
S01003397,North Barlanark and Easterhouse South,Baillieston,Glasgow Baillieston,278,716,1539,56,125,299
S01003415,City Centre East,Anderston/City,Glasgow Kelvin,2594,2235,1541,453,382,300
S01003164,Battlefield,Southside Central,Glasgow Shettleston,827,1651,1552,184,310,301
S01003555,North Kelvin,Canal,Glasgow Maryhill,2768,2430,1559,476,403,302
S01003131,Battlefield,Langside,Glasgow Cathcart,1225,2802,1568,254,448,303
S01003549,Petershill,Springburn,Glasgow Springburn,2325,3726,1573,427,563,304
S01003490,Woodside,Hillhead,Glasgow Maryhill,1672,2413,1576,326,401,305
S01003592,Ruchill,Canal,Glasgow Maryhill,628,1494,1577,146,284,306
S01003704,Drumry West,Drumchapel/Anniesland,Glasgow Anniesland,1232,1146,1578,257,206,307
S01003398,Easterhouse East,North East,Glasgow Baillieston,1121,1084,1585,237,197,308
S01003251,Dalmarnock,Calton,Glasgow Shettleston,1784,1038,1586,346,188,309
S01003150,Toryglen and Oatlands,Southside Central,Glasgow Rutherglen,1675,2227,1590,327,381,310
S01003035,Glenwood South,Linn,Glasgow Cathcart,210,561,1606,42,102,311
S01003346,Craigton,Govan,Glasgow Govan,1404,2078,1607,286,364,312
S01003586,Scotstoun North and East,Garscadden/Scotstounhill,Glasgow Kelvin,1846,1827,1616,354,328,313
S01003184,Pollok North and East,Craigton,Glasgow Pollok,685,792,1631,160,137,314
S01003630,Knightswood Park West,Garscadden/Scotstounhill,Glasgow Anniesland,2082,1382,1637,392,262,315
S01003104,Pollokshaws,Newlands/Auldburn,Glasgow Cathcart,1754,1331,1638,339,247,316
S01003690,Knightswood Park West,Drumchapel/Anniesland,Glasgow Anniesland,2225,3528,1653,413,543,317
S01003392,Dennistoun North and Alexandra Parade,East Centre,Glasgow Springburn,502,1181,1655,110,218,318
S01003546,Cowlairs and Port Dundas,Canal,Glasgow Maryhill,608,721,1657,138,126,319
S01003049,Castlemilk,Linn,Glasgow Cathcart,2212,2105,1661,410,366,320
S01003718,Drumry East,Drumchapel/Anniesland,Glasgow Anniesland,1534,943,1664,307,172,321
S01003512,Craigend and Ruchazie,North East,Glasgow Baillieston,1193,1236,1665,250,230,322
S01003355,Gallowgate North and Bellgrove,Calton,Glasgow Springburn,1105,1465,1666,234,279,323
S01003689,Blairdardie East,Drumchapel/Anniesland,Glasgow Anniesland,629,1395,1673,147,265,324
S01003480,Whiteinch,Partick West,Glasgow Kelvin,1529,795,1674,306,139,325
S01003695,Summerston North,Maryhill/Kelvin,Glasgow Maryhill,2160,1208,1682,399,223,326
S01003096,Kingspark South,Linn,Glasgow Cathcart,2182,1976,1690,404,352,327
S01003716,Drumchapel North,Drumchapel/Anniesland,Glasgow Anniesland,725,1363,1697,168,257,328
S01003062,Darnley North,Greater Pollok,Glasgow Pollok,698,1158,1701,163,210,329
S01003652,Maryhill East,Maryhill/Kelvin,Glasgow Maryhill,3431,1906,1705,549,341,330
S01003481,Partick,Partick West,Glasgow Kelvin,2407,2539,1711,434,417,331
S01003686,Summerston Central and West,Maryhill/Kelvin,Glasgow Maryhill,2021,1426,1716,383,269,332
S01003407,Carntyne,East Centre,Glasgow Springburn,910,3430,1721,199,533,333
S01003421,"Cranhill, Lightburn and Queenslie South",East Centre,Glasgow Baillieston,1497,1450,1736,297,275,334
S01003625,Wyndford,Maryhill/Kelvin,Glasgow Maryhill,499,1385,1740,108,263,335
S01003261,Cardonald West and Central,Craigton,Glasgow Pollok,2684,4106,1747,464,595,336
S01003386,Drumoyne and Shieldhall,Govan,Glasgow Govan,1902,875,1750,369,159,337
S01003710,Summerston Central and West,Canal,Glasgow Maryhill,2683,1334,1754,463,248,338
S01003098,Cathcart,Langside,Glasgow Cathcart,3335,3302,1761,535,514,339
S01003526,North Kelvin,Hillhead,Glasgow Kelvin,2638,1387,1773,459,264,340
S01003688,Summerston North,Maryhill/Kelvin,Glasgow Maryhill,928,692,1775,204,120,341
S01003701,Blairdardie East,Drumchapel/Anniesland,Glasgow Anniesland,2497,2528,1778,439,415,342
S01003199,Shettleston South,Shettleston,Glasgow Shettleston,1228,2782,1786,256,443,343
S01003185,Govanhill East and Aikenhead,Southside Central,Glasgow Shettleston,516,1063,1788,116,194,344
S01003300,Baillieston East,Baillieston,Glasgow Baillieston,3777,2907,1794,577,461,345
S01003127,Kingspark North,Langside,Glasgow Rutherglen,2263,3697,1796,418,560,346
S01003692,Blairdardie East,Drumchapel/Anniesland,Glasgow Anniesland,2931,2650,1806,497,425,347
S01003228,Braidfauld,Shettleston,Glasgow Shettleston,1506,1637,1835,299,308,348
S01003696,Blairdardie East,Drumchapel/Anniesland,Glasgow Anniesland,2893,4611,1838,493,637,349
S01003455,Craigend and Ruchazie,North East,Glasgow Baillieston,346,844,1839,71,152,350
S01003243,Cardonald West and Central,Craigton,Glasgow Pollok,1848,1564,1842,355,299,351
S01003207,Pollokshields East,Pollokshields,Glasgow Govan,3236,2367,1850,528,395,352
S01003331,"Calton, Gallowgate and Bridgeton",Calton,Glasgow Shettleston,1318,1161,1884,274,213,353
S01003174,Govanhill West,Southside Central,Glasgow Shettleston,852,1337,1889,187,249,354
S01003451,Hillhead,Partick West,Glasgow Kelvin,2401,2494,1892,433,412,355
S01003368,Gallowgate North and Bellgrove,Calton,Glasgow Shettleston,1211,3023,1895,252,474,356
S01003137,Shawlands East,Langside,Glasgow Govan,3494,2933,1897,554,464,357
S01003144,Crookston North,Greater Pollok,Glasgow Pollok,1507,1272,1901,300,239,358
S01003265,Cardonald West and Central,Craigton,Glasgow Pollok,1795,1530,1912,348,292,359
S01003298,Hillington,Craigton,Glasgow Pollok,1876,3044,1917,363,476,360
S01003254,Dalmarnock,Calton,Glasgow Shettleston,1855,1970,1919,358,351,361
S01003268,Gorbals and Hutchesontown,Southside Central,Glasgow Shettleston,1371,2226,1920,282,380,362
S01003165,Govanhill East and Aikenhead,Southside Central,Glasgow Shettleston,1313,1219,1928,273,227,363
S01003506,Firhill,Hillhead,Glasgow Maryhill,1989,2373,1931,378,397,364
S01003225,Gorbals and Hutchesontown,Southside Central,Glasgow Shettleston,2168,3310,1936,400,516,365
S01003450,Finnieston and Kelvinhaugh,Anderston/City,Glasgow Kelvin,561,1162,1937,129,214,366
S01003553,Keppochhill,Canal,Glasgow Maryhill,1917,494,1941,370,88,367
S01003497,Kelvingrove and University,Partick West,Glasgow Kelvin,4739,3682,1944,652,557,368
S01003575,Scotstoun North and East,Garscadden/Scotstounhill,Glasgow Kelvin,2190,1875,1954,407,335,369
S01003060,Glenwood North,Linn,Glasgow Cathcart,2183,2713,1966,405,433,370
S01003585,Ruchill,Maryhill/Kelvin,Glasgow Maryhill,1851,2335,1967,357,393,371
S01003136,Mount Florida,Langside,Glasgow Cathcart,1585,2236,1976,317,383,372
S01003472,Sighthill,Springburn,Glasgow Springburn,1285,3081,1982,266,481,373
S01003190,Govanhill East and Aikenhead,Southside Central,Glasgow Shettleston,720,1356,1983,167,255,374
S01003058,Darnley West,Greater Pollok,Glasgow Pollok,538,1689,1989,123,313,375
S01003171,Maxwell Park,Pollokshields,Glasgow Govan,2067,3993,1991,391,585,376
S01003655,Balornock,North East,Glasgow Springburn,1244,1897,1993,260,340,377
S01003275,Shettleston North,Shettleston,Glasgow Shettleston,454,914,1998,97,163,378
S01003334,Penilee,Craigton,Glasgow Pollok,1790,1416,2008,347,267,379
S01003121,Crookston South,Greater Pollok,Glasgow Pollok,1458,1189,2016,293,219,380
S01003175,Govanhill East and Aikenhead,Southside Central,Glasgow Shettleston,2553,2618,2018,446,423,381
S01003032,Glenwood South,Linn,Glasgow Cathcart,513,1159,2027,115,211,382
S01003684,Blairdardie East,Drumchapel/Anniesland,Glasgow Anniesland,1277,2719,2030,265,435,383
S01003372,"Cranhill, Lightburn and Queenslie South",Baillieston,Glasgow Baillieston,1017,847,2033,222,153,384
S01003079,Muirend and Old Cathcart,Linn,Glasgow Cathcart,3856,3065,2039,582,478,385
S01003115,Pollokshaws,Newlands/Auldburn,Glasgow Cathcart,1210,2085,2040,251,365,386
S01003308,Penilee,Craigton,Glasgow Pollok,1580,515,2041,315,92,387
S01003039,Darnley East,Greater Pollok,Glasgow Pollok,1139,1885,2049,239,338,388
S01003645,Knightswood Park West,Garscadden/Scotstounhill,Glasgow Anniesland,2516,2788,2052,442,445,389
S01003581,Ruchill,Canal,Glasgow Maryhill,3121,3166,2059,516,489,390
S01003465,Glasgow Harbour and  Partick South,Partick West,Glasgow Kelvin,862,2221,2062,190,378,391
S01003338,Kinning Park and Festival Park,Govan,Glasgow Govan,2576,2302,2068,449,389,392
S01003267,Shettleston North,Shettleston,Glasgow Shettleston,4059,2926,2072,602,462,393
S01003380,Dennistoun,East Centre,Glasgow Springburn,1524,965,2085,304,176,394
S01003126,Pollokshaws,Newlands/Auldburn,Glasgow Govan,115,1755,2090,21,319,395
S01003425,Finnieston and Kelvinhaugh,Anderston/City,Glasgow Kelvin,2540,3372,2095,445,526,396
S01003431,Riddrie and Hogganfield,East Centre,Glasgow Springburn,2876,4534,2107,489,627,397
S01003097,Crookston South,Greater Pollok,Glasgow Pollok,2180,3859,2116,403,573,398
S01003326,Cardonald North,Craigton,Glasgow Pollok,2507,2495,2121,441,413,399
S01003511,Partickhill and Hyndland,Partick West,Glasgow Kelvin,2902,3228,2122,494,502,400
S01003277,Baillieston East,Baillieston,Glasgow Baillieston,2171,2304,2138,401,390,401
S01003186,Maxwell Park,Pollokshields,Glasgow Govan,2046,1048,2139,385,190,402
S01003057,Castlemilk,Linn,Glasgow Cathcart,2336,2240,2141,429,384,403
S01003508,Partick,Partick West,Glasgow Kelvin,2689,2575,2174,465,418,404
S01003236,Pollokshields West,Pollokshields,Glasgow Govan,1955,1515,2186,375,288,405
S01003377,"Cranhill, Lightburn and Queenslie South",Baillieston,Glasgow Baillieston,745,2245,2189,173,385,406
S01003181,Pollok North and East,Craigton,Glasgow Pollok,2272,2022,2194,420,359,407
S01003698,Blairdardie West,Drumchapel/Anniesland,Glasgow Anniesland,2144,4398,2198,396,617,408
S01003636,Milton West,Canal,Glasgow Maryhill,991,1260,2208,215,236,409
S01003282,Cardonald West and Central,Craigton,Glasgow Pollok,617,1928,2211,142,344,410
S01003488,"Roystonhill, Blochairn, and Provanmill",Springburn,Glasgow Springburn,1508,2822,2213,301,454,411
S01003142,Toryglen and Oatlands,Southside Central,Glasgow Rutherglen,1997,1749,2226,381,318,412
S01003230,Mosspark,Craigton,Glasgow Pollok,2840,3918,2231,486,578,413
S01003533,Petershill,Springburn,Glasgow Springburn,1722,2979,2239,333,466,414
S01003606,Springburn,Springburn,Glasgow Springburn,1730,2659,2250,335,427,415
S01003161,Crookston North,Greater Pollok,Glasgow Pollok,2731,3068,2266,469,479,416
S01003065,Muirend and Old Cathcart,Linn,Glasgow Cathcart,4165,3639,2285,611,554,417
S01003294,Craigton,Govan,Glasgow Pollok,328,1308,2287,68,245,418
S01003114,Mount Florida,Langside,Glasgow Cathcart,2878,2736,2299,490,436,419
S01003677,Milton East,Canal,Glasgow Maryhill,1781,2795,2307,345,447,420
S01003138,Pollokshaws,Newlands/Auldburn,Glasgow Govan,1692,3359,2313,330,523,421
S01003559,Scotstoun North and East,Garscadden/Scotstounhill,Glasgow Kelvin,899,3210,2319,196,499,422
S01003139,Shawlands West,Pollokshields,Glasgow Govan,2247,2473,2321,416,411,423
S01003573,Springburn,Springburn,Glasgow Springburn,3193,4012,2326,527,587,424
S01003072,Carnwadric West,Newlands/Auldburn,Glasgow Cathcart,2298,2348,2329,423,394,425
S01003361,Greenfield,Baillieston,Glasgow Baillieston,913,1747,2334,201,317,426
S01003113,Kingspark North,Langside,Glasgow Rutherglen,4582,4471,2335,639,620,427
S01003315,Kinning Park and Festival Park,Govan,Glasgow Govan,3142,2059,2345,520,362,428
S01003371,Dennistoun,East Centre,Glasgow Springburn,879,2689,2352,193,430,429
S01003259,Baillieston East,Baillieston,Glasgow Baillieston,2562,2745,2362,447,439,430
S01003086,Newlands,Newlands/Auldburn,Glasgow Cathcart,1234,3367,2369,259,525,431
S01003117,Battlefield,Langside,Glasgow Cathcart,3911,3872,2376,587,575,432
S01003651,Knightswood Park East,Garscadden/Scotstounhill,Glasgow Anniesland,898,3350,2377,195,521,433
S01003714,Drumchapel North,Drumchapel/Anniesland,Glasgow Anniesland,1416,1160,2378,288,212,434
S01003077,Carnwadric East,Newlands/Auldburn,Glasgow Cathcart,1929,2281,2384,371,387,435
S01003343,Barlanark,Baillieston,Glasgow Baillieston,495,854,2388,107,155,436
S01003244,Baillieston East,Baillieston,Glasgow Baillieston,2517,2984,2396,443,467,437
S01003370,Dennistoun,East Centre,Glasgow Springburn,729,2593,2400,170,420,438
S01003400,Carntyne,East Centre,Glasgow Springburn,2477,2756,2402,438,440,439
S01003163,Maxwell Park,Pollokshields,Glasgow Govan,5011,4306,2433,669,613,440
S01003108,Cathcart,Langside,Glasgow Cathcart,3173,4340,2449,524,614,441
S01003664,Maryhill East,Maryhill/Kelvin,Glasgow Maryhill,2817,1951,2460,483,347,442
S01003538,Blackhill and Barmulloch East,North East,Glasgow Springburn,1625,3765,2461,321,568,443
S01003310,Cardonald North,Craigton,Glasgow Pollok,3411,3171,2475,543,490,444
S01003345,Hillington,Craigton,Glasgow Pollok,4302,3234,2479,626,503,445
S01003679,Knightswood West,Garscadden/Scotstounhill,Glasgow Anniesland,2192,2690,2487,408,431,446
S01003030,Glenwood South,Linn,Glasgow Cathcart,3978,3478,2512,589,538,447
S01003182,Pollok North and East,Greater Pollok,Glasgow Pollok,610,1543,2513,140,295,448
S01003633,Yoker South,Garscadden/Scotstounhill,Glasgow Anniesland,1543,1418,2516,310,268,449
S01003094,Merrylee and Millbrae,Newlands/Auldburn,Glasgow Cathcart,2872,2699,2519,488,432,450
S01003128,Mount Florida,Langside,Glasgow Cathcart,3054,4466,2520,510,619,451
S01003681,Knightswood Park West,Garscadden/Scotstounhill,Glasgow Anniesland,4749,5030,2521,654,666,452
S01003106,Newlands,Newlands/Auldburn,Glasgow Cathcart,3667,2809,2523,567,450,453
S01003547,North Kelvin,Canal,Glasgow Maryhill,3418,3351,2527,545,522,454
S01003657,Milton East,Canal,Glasgow Maryhill,1300,2119,2531,268,368,455
S01003427,Carntyne,East Centre,Glasgow Springburn,1115,1784,2538,235,324,456
S01003089,Newlands,Newlands/Auldburn,Glasgow Cathcart,2337,3545,2575,430,545,457
S01003678,Yoker North,Garscadden/Scotstounhill,Glasgow Anniesland,2063,4013,2588,389,588,458
S01003583,Blackhill and Barmulloch East,North East,Glasgow Springburn,2313,2372,2616,426,396,459
S01003423,Anderston,Anderston/City,Glasgow Kelvin,3187,3238,2619,525,504,460
S01003524,Broomhill,Partick West,Glasgow Kelvin,3430,4431,2624,548,618,461
S01003658,Knightswood West,Garscadden/Scotstounhill,Glasgow Anniesland,3741,3949,2629,574,582,462
S01003458,"Roystonhill, Blochairn, and Provanmill",Springburn,Glasgow Springburn,3562,2062,2638,558,363,463
S01003453,Woodlands,Anderston/City,Glasgow Kelvin,1329,1435,2642,275,272,464
S01003556,Scotstoun North and East,Garscadden/Scotstounhill,Glasgow Kelvin,1423,4779,2660,289,651,465
S01003231,Baillieston West,Baillieston,Glasgow Baillieston,1813,3363,2668,351,524,466
S01003120,Pollok South and West,Greater Pollok,Glasgow Pollok,1731,3965,2671,336,583,467
S01003291,Penilee,Craigton,Glasgow Pollok,3033,2024,2677,505,360,468
S01003193,Baillieston East,Baillieston,Glasgow Baillieston,3768,3114,2679,576,485,469
S01003051,Darnley North,Greater Pollok,Glasgow Pollok,1415,2435,2680,287,405,470
S01003574,Ruchill,Canal,Glasgow Maryhill,4007,4100,2712,592,594,471
S01003306,Craigton,Govan,Glasgow Pollok,3347,2871,2730,536,458,472
S01003598,Barmulloch,North East,Glasgow Springburn,2728,2612,2750,468,422,473
S01003608,Yoker South,Garscadden/Scotstounhill,Glasgow Anniesland,2498,4907,2780,440,658,474
S01003647,Anniesland West,Drumchapel/Anniesland,Glasgow Anniesland,1310,2425,2803,272,402,475
S01003069,Carnwadric East,Newlands/Auldburn,Glasgow Cathcart,4681,4107,2822,648,596,476
S01003542,Dowanhill,Hillhead,Glasgow Kelvin,2969,2794,2826,499,446,477
S01003384,Drumoyne and Shieldhall,Govan,Glasgow Govan,2651,2146,2835,461,370,478
S01003615,Yoker South,Garscadden/Scotstounhill,Glasgow Anniesland,954,814,2836,208,146,479
S01003422,Dennistoun North and Alexandra Parade,East Centre,Glasgow Springburn,1868,3387,2838,360,527,480
S01003565,Springburn,Springburn,Glasgow Springburn,1888,1865,2865,367,334,481
S01003040,Castlemilk,Linn,Glasgow Cathcart,3134,3530,2877,518,544,482
S01003307,Cardonald North,Craigton,Glasgow Pollok,1875,3457,2881,362,536,483
S01003498,Broomhill,Partick West,Glasgow Kelvin,4270,2222,2905,621,379,484
S01003214,Baillieston West,Baillieston,Glasgow Baillieston,4022,4644,2906,595,639,485
S01003618,Knightswood Park East,Garscadden/Scotstounhill,Glasgow Anniesland,4066,3511,2909,603,541,486
S01003284,Craigton,Govan,Glasgow Pollok,2154,3409,2923,397,532,487
S01003626,Robroyston and Millerston,North East,Glasgow Springburn,1953,2966,2924,374,465,488
S01003674,Knightswood East,Garscadden/Scotstounhill,Glasgow Anniesland,2776,3252,2943,478,507,489
S01003477,Glasgow Harbour and  Partick South,Partick West,Glasgow Kelvin,3746,3748,2947,575,567,490
S01003697,Blairdardie West,Drumchapel/Anniesland,Glasgow Anniesland,2416,3733,2949,435,565,491
S01003363,Greenfield,Baillieston,Glasgow Baillieston,1856,1821,2951,359,326,492
S01003350,Penilee,Craigton,Glasgow Pollok,3421,2206,2959,547,375,493
S01003381,Carntyne West and Haghill,East Centre,Glasgow Springburn,1874,2990,2961,361,469,494
S01003112,Cathcart,Langside,Glasgow Cathcart,4173,4109,2962,613,597,495
S01003434,Central Easterhouse,North East,Glasgow Baillieston,1490,1881,2969,295,337,496
S01003483,Craigend and Ruchazie,North East,Glasgow Baillieston,614,2050,2971,141,361,497
S01003177,Strathbungo,Pollokshields,Glasgow Govan,4702,4158,2972,651,600,498
S01003621,Possil Park,Canal,Glasgow Maryhill,3291,4477,2988,531,622,499
S01003287,Cardonald North,Craigton,Glasgow Pollok,3637,1828,2991,565,329,500
S01003496,Partick,Partick West,Glasgow Kelvin,2880,2156,2995,491,372,501
S01003385,Dennistoun,East Centre,Glasgow Springburn,2186,3153,2996,406,488,502
S01003073,Kingspark South,Linn,Glasgow Cathcart,4368,2148,2999,630,371,503
S01003517,Firhill,Hillhead,Glasgow Maryhill,2434,2773,3057,437,442,504
S01003152,Battlefield,Southside Central,Glasgow Cathcart,2138,2377,3058,395,398,505
S01003685,Yoker North,Garscadden/Scotstounhill,Glasgow Anniesland,3361,4789,3062,539,652,506
S01003694,Blairdardie West,Drumchapel/Anniesland,Glasgow Anniesland,2038,4380,3068,384,616,507
S01003210,Maxwell Park,Pollokshields,Glasgow Govan,2048,601,3079,387,110,508
S01003162,Carmyle and Mount Vernon South,Shettleston,Glasgow Baillieston,3390,3473,3083,542,537,509
S01003537,Firhill,Canal,Glasgow Maryhill,3105,4211,3085,514,605,510
S01003587,Kelvinside and Jordanhill,Partick West,Glasgow Anniesland,3051,4133,3088,509,598,511
S01003119,Kingspark North,Langside,Glasgow Rutherglen,5017,3298,3094,670,513,512
S01003394,Easterhouse East,North East,Glasgow Baillieston,2780,3340,3120,480,519,513
S01003637,Anniesland West,Drumchapel/Anniesland,Glasgow Anniesland,1043,3502,3139,224,539,514
S01003578,Barmulloch,North East,Glasgow Springburn,2198,931,3145,409,169,515
S01003034,Darnley East,Greater Pollok,Glasgow Pollok,4558,4776,3201,637,650,516
S01003513,Kelvingrove and University,Hillhead,Glasgow Kelvin,2213,2816,3223,411,452,517
S01003467,Craigend and Ruchazie,North East,Glasgow Baillieston,995,3940,3225,216,581,518
S01003602,Balornock,North East,Glasgow Springburn,3049,2396,3228,508,400,519
S01003218,Cardonald South and East,Craigton,Glasgow Pollok,3561,2904,3229,557,460,520
S01003292,Garrowhill West,Baillieston,Glasgow Baillieston,1936,1057,3238,372,193,521
S01003212,Mount Vernon North and Sandyhills,Baillieston,Glasgow Baillieston,4278,5016,3243,623,664,522
S01003362,Penilee,Craigton,Glasgow Pollok,3474,3251,3248,551,506,523
S01003393,Carntyne,East Centre,Glasgow Springburn,3128,2664,3251,517,429,524
S01003102,Kingspark North,Langside,Glasgow Rutherglen,4272,3506,3252,622,540,525
S01003312,Penilee,Craigton,Glasgow Pollok,2429,1601,3262,436,304,526
S01003278,Cardonald North,Craigton,Glasgow Pollok,1581,1890,3271,316,339,527
S01003654,Yoker North,Garscadden/Scotstounhill,Glasgow Anniesland,3045,3227,3281,507,501,528
S01003103,Kingspark North,Langside,Glasgow Cathcart,4782,4672,3299,658,641,529
S01003447,City Centre East,Anderston/City,Glasgow Kelvin,714,1294,3300,164,242,530
S01003609,Kelvinside and Jordanhill,Partick West,Glasgow Anniesland,3360,4587,3303,538,633,531
S01003092,Carnwadric East,Newlands/Auldburn,Glasgow Cathcart,2904,4508,3305,495,625,532
S01003048,Castlemilk,Linn,Glasgow Cathcart,2607,1261,3310,454,237,533
S01003124,Battlefield,Langside,Glasgow Cathcart,3370,1727,3324,540,316,534
S01003196,Maxwell Park,Pollokshields,Glasgow Govan,2740,1134,3334,471,204,535
S01003476,"Garthamlock, Auchinlea and Gartloch",North East,Glasgow Baillieston,1683,2317,3336,329,391,536
S01003516,Blackhill and Barmulloch East,North East,Glasgow Springburn,3677,5681,3338,568,687,537
S01003242,Kingston West and Dumbreck,Govan,Glasgow Govan,3312,3806,3348,533,571,538
S01003080,Kingspark South,Linn,Glasgow Cathcart,2304,2892,3349,425,459,539
S01003264,Mosspark,Govan,Glasgow Pollok,4044,4497,3353,599,623,540
S01003070,Carnwadric East,Newlands/Auldburn,Glasgow Cathcart,4983,4022,3362,667,590,541
S01003417,Dennistoun North and Alexandra Parade,East Centre,Glasgow Springburn,915,3138,3365,202,487,542
S01003203,Mosspark,Craigton,Glasgow Pollok,3799,4141,3368,580,599,543
S01003429,Finnieston and Kelvinhaugh,Anderston/City,Glasgow Kelvin,3852,3890,3376,581,576,544
S01003105,Kingspark North,Langside,Glasgow Rutherglen,2985,2210,3407,502,376,545
S01003499,Partick,Partick West,Glasgow Kelvin,4403,4535,3431,631,628,546
S01003283,Garrowhill West,Baillieston,Glasgow Baillieston,4517,5313,3435,634,675,547
S01003170,Maxwell Park,Pollokshields,Glasgow Govan,3044,3716,3447,506,562,548
S01003339,Hillington,Craigton,Glasgow Pollok,3415,4869,3450,544,654,549
S01003659,Anniesland West,Drumchapel/Anniesland,Glasgow Anniesland,4185,5425,3451,615,680,550
S01003155,Pollok South and West,Greater Pollok,Glasgow Pollok,2573,4923,3466,448,659,551
S01003238,Cardonald West and Central,Craigton,Glasgow Pollok,2763,3586,3468,474,548,552
S01003091,Kingspark South,Linn,Glasgow Cathcart,4293,2604,3474,625,421,553
S01003406,Dennistoun North and Alexandra Parade,East Centre,Glasgow Springburn,2881,2995,3505,492,471,554
S01003235,Shettleston South,Shettleston,Glasgow Shettleston,3440,5712,3523,550,688,555
S01003597,Kelvinside and Jordanhill,Partick West,Glasgow Anniesland,4304,2456,3535,627,408,556
S01003149,Shawlands East,Langside,Glasgow Govan,3867,5054,3542,583,668,557
S01003668,Anniesland West,Garscadden/Scotstounhill,Glasgow Anniesland,3022,3000,3544,504,472,558
S01003638,Kelvindale,Maryhill/Kelvin,Glasgow Anniesland,5052,3247,3547,672,505,559
S01003530,Firhill,Canal,Glasgow Maryhill,3324,3630,3553,534,552,560
S01003613,Robroyston and Millerston,North East,Glasgow Springburn,2264,3393,3558,419,529,561
S01003237,Baillieston West,Baillieston,Glasgow Baillieston,3113,3553,3615,515,546,562
S01003661,Anniesland East,Maryhill/Kelvin,Glasgow Anniesland,4817,4297,3618,661,612,563
S01003234,Pollokshields West,Pollokshields,Glasgow Govan,2738,1863,3623,470,333,564
S01003093,Newlands,Newlands/Auldburn,Glasgow Cathcart,4024,3402,3633,596,531,565
S01003648,Anniesland West,Drumchapel/Anniesland,Glasgow Anniesland,2633,4507,3646,457,624,566
S01003147,Crookston North,Greater Pollok,Glasgow Pollok,4252,3182,3668,620,494,567
S01003085,Cathcart,Linn,Glasgow Cathcart,2764,4360,3670,475,615,568
S01003527,Victoria Park,Partick West,Glasgow Anniesland,3706,3190,3677,569,495,569
S01003522,Dowanhill,Hillhead,Glasgow Kelvin,3736,3102,3678,573,483,570
S01003532,Victoria Park,Partick West,Glasgow Kelvin,3278,3093,3680,530,482,571
S01003642,Knightswood East,Garscadden/Scotstounhill,Glasgow Anniesland,4199,3625,3688,616,551,572
S01003122,Toryglen and Oatlands,Southside Central,Glasgow Rutherglen,4077,4703,3702,607,645,573
S01003318,Garrowhill East and Swinton,Baillieston,Glasgow Baillieston,4046,3938,3729,600,580,574
S01003087,Kingspark South,Linn,Glasgow Cathcart,2135,2652,3738,394,426,575
S01003129,Langside,Langside,Glasgow Govan,3488,2661,3741,552,428,576
S01003317,Barlanark,Baillieston,Glasgow Baillieston,2782,3255,3749,481,508,577
S01003037,Darnley West,Greater Pollok,Glasgow Pollok,3615,4728,3759,564,647,578
S01003325,Hillington,Craigton,Glasgow Pollok,2706,2868,3761,466,457,579
S01003682,Summerston North,Maryhill/Kelvin,Glasgow Maryhill,2281,2740,3766,421,437,580
S01003195,Carmyle and Mount Vernon South,Shettleston,Glasgow Baillieston,3188,5132,3778,526,669,581
S01003631,Knightswood Park East,Garscadden/Scotstounhill,Glasgow Anniesland,3563,3570,3791,559,547,582
S01003132,Pollokshaws,Newlands/Auldburn,Glasgow Govan,2775,3399,3798,477,530,583
S01003178,Mosspark,Craigton,Glasgow Pollok,3092,2787,3810,513,444,584
S01003169,Pollok South and West,Greater Pollok,Glasgow Pollok,3079,3665,3814,512,555,585
S01003623,Kelvindale,Maryhill/Kelvin,Glasgow Anniesland,3796,4686,3818,579,644,586
S01003558,Dowanhill,Hillhead,Glasgow Kelvin,4745,3291,3824,653,512,587
S01003691,Summerston Central and West,Maryhill/Kelvin,Glasgow Maryhill,4514,4794,3828,633,653,588
S01003675,Anniesland East,Drumchapel/Anniesland,Glasgow Anniesland,2983,2125,3847,501,369,589
S01003229,Pollokshields West,Pollokshields,Glasgow Govan,4750,3691,3860,655,559,590
S01003053,Darnley North,Greater Pollok,Glasgow Pollok,3733,2385,3863,572,399,591
S01003148,Carmyle and Mount Vernon South,Shettleston,Glasgow Baillieston,2524,4027,3864,444,591,592
S01003485,Woodlands,Hillhead,Glasgow Maryhill,2929,3449,3866,496,535,593
S01003341,Garrowhill East and Swinton,Baillieston,Glasgow Baillieston,3565,3334,3883,560,518,594
S01003620,Kelvindale,Maryhill/Kelvin,Glasgow Anniesland,5131,5322,3954,675,676,595
S01003041,Darnley West,Greater Pollok,Glasgow Pollok,5020,3969,3979,671,584,596
S01003257,Pollokshields West,Pollokshields,Glasgow Govan,3612,3268,3990,563,510,597
S01003632,Anniesland East,Maryhill/Kelvin,Glasgow Anniesland,4223,3687,4036,618,558,598
S01003568,Kelvindale,Maryhill/Kelvin,Glasgow Anniesland,6177,2715,4048,693,434,599
S01003141,Langside,Langside,Glasgow Govan,3575,2431,4051,561,404,600
S01003594,Kelvindale,Maryhill/Kelvin,Glasgow Anniesland,2636,1720,4054,458,315,601
S01003197,Mount Vernon North and Sandyhills,Shettleston,Glasgow Baillieston,5074,4752,4060,673,648,602
S01003641,Robroyston and Millerston,North East,Glasgow Springburn,5370,5277,4066,680,674,603
S01003359,Garrowhill East and Swinton,Baillieston,Glasgow Baillieston,5406,4551,4089,682,630,604
S01003622,Knightswood East,Garscadden/Scotstounhill,Glasgow Anniesland,4150,4181,4105,610,602,605
S01003090,Merrylee and Millbrae,Newlands/Auldburn,Glasgow Cathcart,5622,4009,4125,686,586,606
S01003560,Broomhill,Partick West,Glasgow Kelvin,4237,3074,4128,619,480,607
S01003375,Drumoyne and Shieldhall,Govan,Glasgow Govan,4537,3714,4143,636,561,608
S01003649,Springburn East and Cowlairs,Canal,Glasgow Maryhill,4883,4273,4148,663,611,609
S01003715,Drumry West,Drumchapel/Anniesland,Glasgow Anniesland,4314,3308,4163,628,515,610
S01003266,Tollcross,Shettleston,Glasgow Shettleston,4012,3592,4166,594,549,611
S01003395,Dennistoun North and Alexandra Parade,East Centre,Glasgow Springburn,1849,3903,4167,356,577,612
S01003448,Riddrie and Hogganfield,East Centre,Glasgow Springburn,3883,4887,4172,584,655,613
S01003509,Kelvingrove and University,Hillhead,Glasgow Kelvin,4799,4569,4175,659,631,614
S01003074,Newlands,Newlands/Auldburn,Glasgow Cathcart,4140,4893,4179,609,656,615
S01003525,Partickhill and Hyndland,Partick West,Glasgow Kelvin,5535,3054,4199,685,477,616
S01003438,Finnieston and Kelvinhaugh,Anderston/City,Glasgow Kelvin,4183,2633,4238,614,424,617
S01003216,Cardonald West and Central,Craigton,Glasgow Pollok,2674,4968,4248,462,662,618
S01003201,Dalmarnock,Calton,Glasgow Shettleston,1774,4267,4250,343,610,619
S01003143,Mount Florida,Langside,Glasgow Cathcart,3155,2170,4257,522,373,620
S01003545,Dowanhill,Hillhead,Glasgow Kelvin,4596,3738,4281,641,566,621
S01003607,Balornock,North East,Glasgow Springburn,3371,3431,4314,541,534,622
S01003095,Newlands,Newlands/Auldburn,Glasgow Cathcart,3420,3672,4316,546,556,623
S01003125,Langside,Langside,Glasgow Cathcart,4100,3632,4317,608,553,624
S01003589,Kelvindale,Maryhill/Kelvin,Glasgow Anniesland,4031,3785,4321,597,570,625
S01003479,Hillhead,Partick West,Glasgow Kelvin,4914,4996,4323,664,663,626
S01003536,Partickhill and Hyndland,Hillhead,Glasgow Kelvin,5256,5033,4332,678,667,627
S01003295,Greenfield,Shettleston,Glasgow Baillieston,4068,3834,4335,604,572,628
S01003240,Cardonald West and Central,Craigton,Glasgow Pollok,3785,1468,4355,578,280,629
S01003133,Langside,Langside,Glasgow Govan,4048,4058,4364,601,592,630
S01003219,Mosspark,Craigton,Glasgow Pollok,4594,4233,4385,640,608,631
S01003168,Shawlands West,Pollokshields,Glasgow Govan,3987,5672,4395,590,686,632
S01003153,Maxwell Park,Pollokshields,Glasgow Govan,3947,3174,4397,588,491,633
S01003461,Riddrie and Hogganfield,East Centre,Glasgow Springburn,2628,5568,4401,456,683,634
S01003135,Toryglen and Oatlands,Southside Central,Glasgow Rutherglen,4698,4197,4411,650,604,635
S01003354,Old Shettleston and Parkhead North,East Centre,Glasgow Baillieston,3152,2825,4425,521,455,636
S01003078,Muirend and Old Cathcart,Newlands/Auldburn,Glasgow Cathcart,4874,5538,4460,662,682,637
S01003614,Kelvinside and Jordanhill,Partick West,Glasgow Anniesland,4008,3010,4481,593,473,638
S01003025,Carmunnock South,Linn,Glasgow Cathcart,4070,3208,4491,605,498,639
S01003071,Muirend and Old Cathcart,Newlands/Auldburn,Glasgow Cathcart,4771,5025,4492,657,665,640
S01003311,Garrowhill West,Baillieston,Glasgow Baillieston,1991,2452,4502,379,407,641
S01003344,Penilee,Craigton,Glasgow Pollok,3068,2987,4509,511,468,642
S01003529,Petershill,Springburn,Glasgow Springburn,3356,5258,4514,537,673,643
S01003528,"Garthamlock, Auchinlea and Gartloch",North East,Glasgow Baillieston,3493,3204,4533,553,496,644
S01003123,Pollok South and West,Greater Pollok,Glasgow Pollok,4621,5407,4538,643,679,645
S01003639,Knightswood West,Garscadden/Scotstounhill,Glasgow Anniesland,3730,3032,4548,571,475,646
S01003109,Merrylee and Millbrae,Newlands/Auldburn,Glasgow Cathcart,4675,4653,4600,647,640,647
S01003110,Merrylee and Millbrae,Newlands/Auldburn,Glasgow Cathcart,4811,4759,4668,660,649,648
S01003544,North Kelvin,Canal,Glasgow Maryhill,3999,3124,4676,591,486,649
S01003145,Carmyle and Mount Vernon South,Shettleston,Glasgow Baillieston,5133,4018,4683,676,589,650
S01003321,Garrowhill East and Swinton,Baillieston,Glasgow Baillieston,4488,3860,4686,632,574,651
S01003288,Garrowhill West,Baillieston,Glasgow Baillieston,2987,6070,4806,503,691,652
S01003233,Mount Vernon North and Sandyhills,Shettleston,Glasgow Baillieston,5652,4178,4819,687,601,653
S01003100,Newlands,Newlands/Auldburn,Glasgow Cathcart,3888,4185,4826,585,603,654
S01003038,Darnley West,Greater Pollok,Glasgow Pollok,5684,5226,4828,688,671,655
S01003369,Old Shettleston and Parkhead North,East Centre,Glasgow Baillieston,4034,4232,4853,598,607,656
S01003616,Robroyston and Millerston,North East,Glasgow Springburn,4926,5405,4870,665,678,657
S01003570,Scotstoun North and East,Garscadden/Scotstounhill,Glasgow Kelvin,3518,5213,4911,555,670,658
S01003503,Hillhead,Partick West,Glasgow Kelvin,4625,4582,4924,644,632,659
S01003252,Baillieston West,Baillieston,Glasgow Baillieston,6277,6103,4943,694,692,660
S01003323,Garrowhill West,Baillieston,Glasgow Baillieston,2059,5253,4985,388,672,661
S01003258,Baillieston West,Baillieston,Glasgow Baillieston,2825,4597,5028,484,635,662
S01003520,Partickhill and Hyndland,Hillhead,Glasgow Kelvin,4601,3927,5094,642,579,663
S01003552,Kelvinside and Jordanhill,Hillhead,Glasgow Kelvin,5098,4594,5122,674,634,664
S01003554,North Kelvin,Canal,Glasgow Maryhill,5509,4059,5143,684,593,665
S01003224,Mount Vernon North and Sandyhills,Shettleston,Glasgow Baillieston,4688,5444,5147,649,681,666
S01003209,Mosspark,Craigton,Glasgow Pollok,2760,4631,5172,473,638,667
S01003061,Carmunnock North,Linn,Glasgow Cathcart,5799,3617,5178,689,550,668
S01003569,Victoria Park,Partick West,Glasgow Anniesland,4564,4520,5190,638,626,669
S01003539,Broomhill,Partick West,Glasgow Kelvin,4633,4957,5204,645,661,670
S01003676,Anniesland West,Drumchapel/Anniesland,Glasgow Anniesland,4172,3731,5296,612,564,671
S01003591,Kelvinside and Jordanhill,Partick West,Glasgow Anniesland,5257,5577,5364,679,684,672
S01003066,Muirend and Old Cathcart,Linn,Glasgow Cathcart,6018,5354,5371,692,677,673
S01003027,Darnley East,Greater Pollok,Glasgow Pollok,4645,5606,5408,646,685,674
S01003260,Mount Vernon North and Sandyhills,Shettleston,Glasgow Baillieston,2832,4906,5444,485,657,675
S01003276,Garrowhill West,Baillieston,Glasgow Baillieston,3160,4684,5606,523,643,676
S01003612,Anniesland East,Maryhill/Kelvin,Glasgow Anniesland,4940,2525,5609,666,414,677
S01003550,Robroyston and Millerston,North East,Glasgow Springburn,5832,3316,5642,690,517,678
S01003667,Yoker North,Garscadden/Scotstounhill,Glasgow Anniesland,3647,4472,5688,566,621,679
S01003588,Robroyston and Millerston,North East,Glasgow Springburn,4761,4602,5690,656,636,680
S01003059,Muirend and Old Cathcart,Newlands/Auldburn,Glasgow Cathcart,5437,4925,5700,683,660,681
S01003700,Summerston North,Maryhill/Kelvin,Glasgow Maryhill,3546,3258,5765,556,509,682
S01003068,Carmunnock North,Linn,Glasgow Cathcart,2624,3280,5868,455,511,683
S01003699,Summerston Central and West,Maryhill/Kelvin,Glasgow Maryhill,5387,5726,5931,681,689,684
S01003180,Shettleston South,Shettleston,Glasgow Shettleston,4334,4236,6012,629,609,685
S01003081,Carnwadric West,Newlands/Auldburn,Glasgow Cathcart,4072,4679,6024,606,642,686
S01003241,Shettleston South,Shettleston,Glasgow Shettleston,5212,4536,6062,677,629,687
S01003660,Robroyston and Millerston,North East,Glasgow Springburn,5969,6409,6075,691,693,688
S01003050,Carmunnock North,Linn,Glasgow Cathcart,4288,4212,6161,624,606,689
S01003330,Garrowhill East and Swinton,Baillieston,Glasgow Baillieston,5007,5919,6381,668,690,690
S01003405,Easterhouse East,North East,Glasgow Baillieston,4201,4709,6439,617,646,691
S01003031,Glenwood South,Linn,Glasgow Cathcart,1884,6493,6487,366,694,692
S01003319,Craigton,Govan,Glasgow Govan,195,1496,6487,39,285,692
S01003505,Sighthill,Springburn,Glasgow Springburn,679,3346,6487,159,520,692
