Datazone,Intermediate geography name,Multi-member ward name,2011 Scottish Parliamentary Constituencies,employment_deprivation_rank_2004,employment_deprivation_rank_2006,employment_deprivation_rank_2009,employment_deprivation_rank_2012,employment_local_rank_2004,employment_local_rank_2006,employment_local_rank_2009,employment_local_rank_2012
S01003253,Parkhead West and Barrowfield,Calton,Glasgow Shettleston,22,2,1,1,17,1,1,1
S01003582,Possil Park,Canal,Glasgow Maryhill,8,4,2,4,7,3,2,2
S01003279,Parkhead West and Barrowfield,Calton,Glasgow Shettleston,100,329,3,5,72,157,3,3
S01003709,Drumry East,Drumchapel/Anniesland,Glasgow Anniesland,29,17,11,6,23,12,7,4
S01003246,Shettleston North,Shettleston,Glasgow Shettleston,56,41,16,7,42,28,11,5
S01003708,Drumchapel North,Drumchapel/Anniesland,Glasgow Anniesland,16,10,14,9,13,7,10,6
S01003564,Keppochhill,Canal,Glasgow Maryhill,24,16,4,10,19,11,4,7
S01003273,Parkhead West and Barrowfield,Calton,Glasgow Shettleston,19,12,12,12,15,8,8,8
S01003687,Milton East,Canal,Glasgow Maryhill,114,156,39,13,82,83,22,9
S01003596,Wyndford,Maryhill/Kelvin,Glasgow Maryhill,37,13,27,17,29,9,16,10
S01003313,Parkhead West and Barrowfield,Calton,Glasgow Shettleston,1,326,30,19,1,156,17,11
S01003666,Milton West,Canal,Glasgow Maryhill,207,64,67,20,143,42,42,12
S01003314,Parkhead West and Barrowfield,Calton,Glasgow Shettleston,43,3,9,22,31,2,6,13
S01003428,"Cranhill, Lightburn and Queenslie South",East Centre,Glasgow Baillieston,35,25,6,23,27,17,5,14
S01003455,Craigend and Ruchazie,North East,Glasgow Baillieston,36,143,78,26,28,76,47,15
S01003217,Dalmarnock,Calton,Glasgow Shettleston,17,8,17,27,14,5,12,16
S01003036,Glenwood South,Linn,Glasgow Cathcart,21,61,63,30,16,41,39,17
S01003673,Maryhill West,Maryhill/Kelvin,Glasgow Maryhill,68,18,25,31,53,13,15,18
S01003402,Central Easterhouse,North East,Glasgow Baillieston,139,30,82,33,100,21,50,19
S01003379,North Barlanark and Easterhouse South,Baillieston,Glasgow Baillieston,31,60,59,35,25,40,37,20
S01003665,Maryhill East,Maryhill/Kelvin,Glasgow Maryhill,64,36,37,37,49,24,21,21
S01003076,Carnwadric West,Newlands/Auldburn,Glasgow Cathcart,277,402,69,38,178,186,43,22
S01003337,Old Shettleston and Parkhead North,East Centre,Glasgow Baillieston,44,22,23,41,32,15,13,23
S01003600,Wyndford,Maryhill/Kelvin,Glasgow Maryhill,144,78,49,43,104,46,30,24
S01003296,Parkhead West and Barrowfield,Shettleston,Glasgow Shettleston,54,38,41,44,40,25,23,25
S01003309,Old Shettleston and Parkhead North,Shettleston,Glasgow Shettleston,34,21,42,45,26,14,24,26
S01003401,"Cranhill, Lightburn and Queenslie South",East Centre,Glasgow Baillieston,269,283,109,47,175,140,59,27
S01003595,Possil Park,Canal,Glasgow Maryhill,15,70,13,50,12,43,9,28
S01003049,Castlemilk,Linn,Glasgow Cathcart,60,139,97,51,45,74,56,29
S01003617,Wyndford,Maryhill/Kelvin,Glasgow Maryhill,79,92,71,52,60,52,44,30
S01003367,Govan and Linthouse,Govan,Glasgow Govan,27,15,45,53,22,10,27,31
S01003232,Laurieston and Tradeston,Southside Central,Glasgow Shettleston,3,9,33,55,3,6,18,32
S01003347,Carntyne West and Haghill,Calton,Glasgow Shettleston,30,5,61,56,24,4,38,33
S01003397,North Barlanark and Easterhouse South,Baillieston,Glasgow Baillieston,128,44,85,59,92,31,51,34
S01003390,North Barlanark and Easterhouse South,Baillieston,Glasgow Baillieston,116,24,43,60,84,16,25,35
S01003672,Milton East,Canal,Glasgow Maryhill,186,176,51,61,130,92,32,36
S01003646,Knightswood Park East,Garscadden/Scotstounhill,Glasgow Anniesland,143,154,112,63,103,81,61,37
S01003444,"Garthamlock, Auchinlea and Gartloch",North East,Glasgow Baillieston,86,42,46,64,63,29,28,38
S01003042,Glenwood North,Linn,Glasgow Cathcart,136,115,120,66,98,62,63,39
S01003663,Maryhill West,Maryhill/Kelvin,Glasgow Maryhill,260,200,189,67,170,101,90,40
S01003605,Knightswood East,Garscadden/Scotstounhill,Glasgow Anniesland,191,153,332,68,133,80,148,41
S01003205,Dalmarnock,Calton,Glasgow Shettleston,4,43,58,69,4,30,36,42
S01003579,Keppochhill,Canal,Glasgow Maryhill,82,40,65,70,61,27,40,43
S01003603,Knightswood East,Garscadden/Scotstounhill,Glasgow Anniesland,193,207,139,74,135,106,66,44
S01003553,Keppochhill,Canal,Glasgow Maryhill,52,47,44,76,38,33,26,45
S01003434,Central Easterhouse,North East,Glasgow Baillieston,132,149,207,77,95,78,97,46
S01003376,Barlanark,Baillieston,Glasgow Baillieston,325,181,150,78,202,94,72,47
S01003043,Glenwood North,Linn,Glasgow Cathcart,155,29,34,80,110,20,19,48
S01003208,Braidfauld,Calton,Glasgow Shettleston,63,28,53,82,48,19,33,49
S01003044,Glenwood North,Linn,Glasgow Cathcart,70,83,89,87,55,49,53,50
S01003336,Greenfield,Baillieston,Glasgow Baillieston,74,54,99,88,57,38,57,51
S01003251,Dalmarnock,Calton,Glasgow Shettleston,87,107,153,91,64,58,74,52
S01003419,Craigend and Ruchazie,East Centre,Glasgow Baillieston,129,52,48,93,93,36,29,53
S01003297,Gorbals and Hutchesontown,Southside Central,Glasgow Shettleston,69,82,167,94,54,48,81,54
S01003482,Firhill,Hillhead,Glasgow Maryhill,66,129,55,96,51,67,34,55
S01003356,Gallowgate North and Bellgrove,Calton,Glasgow Springburn,319,221,145,99,198,113,68,56
S01003627,Springburn East and Cowlairs,Springburn,Glasgow Springburn,149,370,350,104,106,173,155,57
S01003515,Blackhill and Barmulloch East,North East,Glasgow Springburn,161,197,182,119,115,98,87,58
S01003404,"Cranhill, Lightburn and Queenslie South",East Centre,Glasgow Baillieston,176,225,191,122,123,114,91,59
S01003391,Dennistoun,East Centre,Glasgow Springburn,490,182,168,123,255,95,82,60
S01003650,Maryhill West,Maryhill/Kelvin,Glasgow Maryhill,97,213,178,130,71,109,85,61
S01003439,City Centre East,Anderston/City,Glasgow Kelvin,5,32,88,131,5,22,52,62
S01003653,Milton West,Canal,Glasgow Maryhill,137,50,81,132,99,35,49,63
S01003064,Carnwadric West,Newlands/Auldburn,Glasgow Cathcart,134,198,329,136,97,99,147,64
S01003690,Knightswood Park West,Drumchapel/Anniesland,Glasgow Anniesland,309,249,208,138,195,124,98,65
S01003489,Blackhill and Barmulloch East,North East,Glasgow Springburn,106,46,66,141,77,32,41,66
S01003701,Blairdardie East,Drumchapel/Anniesland,Glasgow Anniesland,152,136,123,144,109,71,64,67
S01003717,Drumry East,Drumchapel/Anniesland,Glasgow Anniesland,270,356,326,145,176,167,145,68
S01003140,Crookston South,Greater Pollok,Glasgow Pollok,185,344,287,154,129,164,128,69
S01003048,Castlemilk,Linn,Glasgow Cathcart,338,351,185,155,207,166,89,70
S01003331,"Calton, Gallowgate and Bridgeton",Calton,Glasgow Shettleston,26,33,57,156,21,23,35,71
S01003493,Whiteinch,Partick West,Glasgow Kelvin,249,237,219,162,164,119,101,72
S01003223,Braidfauld,Shettleston,Glasgow Shettleston,178,311,232,163,124,150,109,73
S01003414,Easterhouse East,North East,Glasgow Baillieston,416,201,327,164,235,102,146,74
S01003480,Whiteinch,Partick West,Glasgow Kelvin,231,337,104,166,154,160,58,75
S01003441,Govan and Linthouse,Govan,Glasgow Govan,90,166,311,169,66,86,136,76
S01003500,Firhill,Hillhead,Glasgow Maryhill,574,453,202,170,283,205,95,77
S01003293,Shettleston North,Shettleston,Glasgow Shettleston,91,165,230,171,67,85,107,78
S01003418,Govan and Linthouse,Govan,Glasgow Govan,119,173,146,173,86,89,69,79
S01003301,Tollcross,Shettleston,Glasgow Shettleston,511,255,353,174,263,127,157,80
S01003471,Riddrie and Hogganfield,North East,Glasgow Springburn,159,305,399,175,113,146,173,81
S01003225,Gorbals and Hutchesontown,Southside Central,Glasgow Shettleston,88,167,158,176,65,87,78,82
S01003462,"Garthamlock, Auchinlea and Gartloch",North East,Glasgow Baillieston,520,228,148,179,266,116,71,83
S01003254,Dalmarnock,Calton,Glasgow Shettleston,65,27,111,180,50,18,60,84
S01003711,Drumchapel North,Drumchapel/Anniesland,Glasgow Anniesland,180,206,174,184,126,105,84,85
S01003055,Carnwadric West,Newlands/Auldburn,Glasgow Cathcart,124,324,285,185,89,155,127,86
S01003194,Braidfauld,Shettleston,Glasgow Shettleston,94,101,220,187,68,56,102,87
S01003567,Cowlairs and Port Dundas,Canal,Glasgow Maryhill,133,175,268,191,96,91,118,88
S01003028,Glenwood South,Linn,Glasgow Cathcart,102,204,355,196,74,104,158,89
S01003508,Partick,Partick West,Glasgow Kelvin,303,121,79,198,192,65,48,90
S01003352,Barlanark,Baillieston,Glasgow Baillieston,243,79,75,207,160,47,46,91
S01003680,Milton East,Canal,Glasgow Maryhill,255,399,211,210,168,185,100,92
S01003274,Laurieston and Tradeston,Southside Central,Glasgow Shettleston,7,299,282,216,6,143,125,93
S01003416,City Centre East,Anderston/City,Glasgow Springburn,61,112,92,219,46,60,54,94
S01003456,Central Easterhouse,North East,Glasgow Baillieston,23,39,50,220,18,26,31,95
S01003565,Springburn,Springburn,Glasgow Springburn,111,196,194,229,80,97,92,96
S01003557,Barmulloch,North East,Glasgow Springburn,412,259,165,237,232,128,79,97
S01003583,Blackhill and Barmulloch East,North East,Glasgow Springburn,209,436,276,238,144,197,122,98
S01003421,"Cranhill, Lightburn and Queenslie South",East Centre,Glasgow Baillieston,179,246,151,239,125,123,73,99
S01003389,Carntyne West and Haghill,East Centre,Glasgow Springburn,351,319,321,240,212,154,141,100
S01003184,Pollok North and East,Craigton,Glasgow Pollok,170,404,525,241,120,187,204,101
S01003190,Govanhill East and Aikenhead,Southside Central,Glasgow Shettleston,444,219,241,242,243,111,112,102
S01003269,Parkhead East and Braidfauld North,Shettleston,Glasgow Shettleston,615,379,348,246,286,176,153,103
S01003354,Old Shettleston and Parkhead North,East Centre,Glasgow Baillieston,58,134,224,247,44,69,105,104
S01003369,Old Shettleston and Parkhead North,East Centre,Glasgow Baillieston,117,155,287,253,85,82,128,105
S01003706,Drumchapel South,Drumchapel/Anniesland,Glasgow Anniesland,308,382,509,257,194,178,201,106
S01003644,Springburn,Springburn,Glasgow Springburn,285,503,227,258,182,219,106,107
S01003256,Pollokshields West,Pollokshields,Glasgow Govan,254,313,352,261,167,151,156,108
S01003343,Barlanark,Baillieston,Glasgow Baillieston,210,174,324,262,145,90,143,109
S01003107,Crookston South,Greater Pollok,Glasgow Pollok,569,730,626,263,281,264,229,110
S01003636,Milton West,Canal,Glasgow Maryhill,158,282,362,264,112,139,160,111
S01003270,"Calton, Gallowgate and Bridgeton",Calton,Glasgow Shettleston,692,160,349,270,303,84,154,112
S01003435,Central Easterhouse,North East,Glasgow Baillieston,156,146,204,271,111,77,96,113
S01003342,Gallowgate North and Bellgrove,Calton,Glasgow Shettleston,57,89,74,272,43,51,45,114
S01003572,Springburn,Springburn,Glasgow Springburn,192,109,147,274,134,59,70,115
S01003601,Springburn East and Cowlairs,Springburn,Glasgow Springburn,482,842,417,282,253,286,176,116
S01003486,Riddrie and Hogganfield,North East,Glasgow Springburn,292,281,280,283,186,138,124,117
S01003052,Castlemilk,Linn,Glasgow Cathcart,139,135,262,286,100,70,115,118
S01003221,Cardonald South and East,Craigton,Glasgow Pollok,240,346,325,288,159,165,144,119
S01003099,Nitshill,Greater Pollok,Glasgow Pollok,203,406,484,292,140,189,194,120
S01003226,Braidfauld,Calton,Glasgow Shettleston,221,444,263,293,150,201,116,121
S01003291,Penilee,Craigton,Glasgow Pollok,131,152,172,294,94,79,83,122
S01003424,Drumoyne and Shieldhall,Govan,Glasgow Govan,529,397,367,296,270,184,163,123
S01003088,Nitshill,Greater Pollok,Glasgow Pollok,252,340,343,298,166,162,152,124
S01003033,Glenwood South,Linn,Glasgow Cathcart,164,194,293,300,117,96,130,125
S01003047,Carmunnock South,Linn,Glasgow Cathcart,282,492,312,308,180,215,137,126
S01003523,Craigend and Ruchazie,North East,Glasgow Baillieston,85,216,237,310,62,110,111,127
S01003111,Nitshill,Greater Pollok,Glasgow Pollok,273,364,209,311,177,170,99,128
S01003150,Toryglen and Oatlands,Southside Central,Glasgow Rutherglen,167,306,397,312,118,147,172,129
S01003160,Crookston North,Greater Pollok,Glasgow Pollok,554,438,635,315,278,199,231,130
S01003035,Glenwood South,Linn,Glasgow Cathcart,151,376,372,323,108,175,165,131
S01003546,Cowlairs and Port Dundas,Canal,Glasgow Maryhill,371,465,335,324,220,210,149,132
S01003045,Darnley East,Greater Pollok,Glasgow Pollok,263,268,269,327,173,134,119,133
S01003374,Barlanark,Baillieston,Glasgow Baillieston,281,548,407,328,179,229,174,134
S01003670,Maryhill East,Maryhill/Kelvin,Glasgow Maryhill,216,244,428,329,148,121,179,135
S01003531,Scotstoun South and West,Garscadden/Scotstounhill,Glasgow Kelvin,246,300,274,335,163,144,121,136
S01003427,Carntyne,East Centre,Glasgow Springburn,212,225,374,336,146,114,167,137
S01003519,Firhill,Hillhead,Glasgow Maryhill,374,253,273,339,222,126,120,138
S01003704,Drumry West,Drumchapel/Anniesland,Glasgow Anniesland,232,365,583,340,155,171,218,139
S01003030,Glenwood South,Linn,Glasgow Cathcart,107,474,368,346,78,213,164,140
S01003562,Scotstoun South and West,Garscadden/Scotstounhill,Glasgow Kelvin,244,264,478,347,161,131,192,141
S01003056,Darnley East,Greater Pollok,Glasgow Pollok,335,290,552,348,206,142,209,142
S01003093,Newlands,Newlands/Auldburn,Glasgow Cathcart,417,430,284,349,236,194,126,143
S01003302,Laurieston and Tradeston,Southside Central,Glasgow Shettleston,25,49,506,350,20,34,200,144
S01003281,Tollcross,Shettleston,Glasgow Shettleston,522,383,1237,352,268,179,319,145
S01003549,Petershill,Springburn,Glasgow Springburn,370,371,492,354,219,174,198,146
S01003512,Craigend and Ruchazie,North East,Glasgow Baillieston,245,179,200,355,162,93,94,147
S01003431,Riddrie and Hogganfield,East Centre,Glasgow Springburn,378,261,157,356,223,129,77,148
S01003364,Govan and Linthouse,Govan,Glasgow Govan,13,55,307,364,11,39,133,149
S01003619,Wyndford,Maryhill/Kelvin,Glasgow Maryhill,329,231,337,366,203,117,150,150
S01003611,Springburn East and Cowlairs,Springburn,Glasgow Springburn,49,336,267,374,36,159,117,151
S01003084,Nitshill,Greater Pollok,Glasgow Pollok,110,85,130,381,79,50,65,152
S01003634,Balornock,North East,Glasgow Springburn,424,560,486,384,239,231,195,153
S01003629,Possil Park,Canal,Glasgow Maryhill,215,359,465,386,147,169,188,154
S01003716,Drumchapel North,Drumchapel/Anniesland,Glasgow Anniesland,287,242,294,387,184,120,131,155
S01003396,Govan and Linthouse,Govan,Glasgow Govan,222,128,156,388,151,66,76,156
S01003361,Greenfield,Baillieston,Glasgow Baillieston,200,441,459,390,139,200,186,157
S01003679,Knightswood West,Garscadden/Scotstounhill,Glasgow Anniesland,400,452,366,391,229,204,162,158
S01003245,Gorbals and Hutchesontown,Southside Central,Glasgow Shettleston,51,142,315,392,37,75,139,159
S01003388,Ibrox,Govan,Glasgow Govan,101,208,221,393,73,107,103,160
S01003710,Summerston Central and West,Canal,Glasgow Maryhill,188,220,180,398,132,112,86,161
S01003543,Keppochhill,Canal,Glasgow Maryhill,115,130,113,400,83,68,62,162
S01003326,Cardonald North,Craigton,Glasgow Pollok,851,794,522,402,336,279,203,163
S01003029,Carmunnock South,Linn,Glasgow Cathcart,67,137,259,405,52,72,114,164
S01003702,Drumchapel South,Drumchapel/Anniesland,Glasgow Anniesland,581,564,528,412,284,232,205,165
S01003121,Crookston South,Greater Pollok,Glasgow Pollok,307,456,342,421,193,207,151,166
S01003387,Carntyne West and Haghill,East Centre,Glasgow Springburn,714,471,427,423,309,212,178,167
S01003705,Drumchapel South,Drumchapel/Anniesland,Glasgow Anniesland,204,313,410,426,141,151,175,168
S01003333,"Calton, Gallowgate and Bridgeton",Calton,Glasgow Shettleston,2,342,456,427,2,163,185,169
S01003353,Carntyne West and Haghill,Calton,Glasgow Springburn,105,76,140,430,76,44,67,170
S01003206,Govanhill West,Southside Central,Glasgow Shettleston,233,232,309,436,156,118,135,171
S01003707,Drumry West,Drumchapel/Anniesland,Glasgow Anniesland,348,266,494,448,211,133,199,172
S01003386,Drumoyne and Shieldhall,Govan,Glasgow Govan,426,749,590,451,240,269,221,173
S01003040,Castlemilk,Linn,Glasgow Cathcart,631,903,595,453,290,297,222,174
S01003411,Drumoyne and Shieldhall,Govan,Glasgow Govan,701,938,579,461,304,304,216,175
S01003718,Drumry East,Drumchapel/Anniesland,Glasgow Anniesland,234,546,487,464,157,228,196,176
S01003563,Barmulloch,North East,Glasgow Springburn,650,1045,729,468,293,322,251,177
S01003162,Carmyle and Mount Vernon South,Shettleston,Glasgow Baillieston,448,434,313,469,245,196,138,178
S01003664,Maryhill East,Maryhill/Kelvin,Glasgow Maryhill,630,331,558,481,289,158,212,179
S01003518,Whiteinch,Partick West,Glasgow Kelvin,983,961,628,483,357,310,230,180
S01003072,Carnwadric West,Newlands/Auldburn,Glasgow Cathcart,573,1155,721,490,282,341,248,181
S01003592,Ruchill,Canal,Glasgow Maryhill,510,509,581,491,262,221,217,182
S01003372,"Cranhill, Lightburn and Queenslie South",Baillieston,Glasgow Baillieston,364,276,461,495,216,136,187,183
S01003244,Baillieston East,Baillieston,Glasgow Baillieston,262,437,384,497,171,198,169,184
S01003712,Drumry West,Drumchapel/Anniesland,Glasgow Anniesland,484,738,419,499,254,266,177,185
S01003540,Keppochhill,Canal,Glasgow Maryhill,45,53,155,500,33,37,75,186
S01003142,Toryglen and Oatlands,Southside Central,Glasgow Rutherglen,173,358,373,511,121,168,166,187
S01003272,Gorbals and Hutchesontown,Southside Central,Glasgow Shettleston,42,170,356,520,30,88,159,188
S01003175,Govanhill East and Aikenhead,Southside Central,Glasgow Shettleston,380,410,377,521,224,192,168,189
S01003307,Cardonald North,Craigton,Glasgow Pollok,288,647,469,522,185,245,190,190
S01003640,Milton West,Canal,Glasgow Maryhill,443,391,437,525,242,182,181,191
S01003299,Parkhead East and Braidfauld North,Shettleston,Glasgow Shettleston,55,894,36,528,41,295,20,192
S01003262,Tollcross,Shettleston,Glasgow Shettleston,342,728,838,530,208,263,266,193
S01003443,"Roystonhill, Blochairn, and Provanmill",Springburn,Glasgow Springburn,150,118,184,535,107,64,88,194
S01003703,Drumchapel South,Drumchapel/Anniesland,Glasgow Anniesland,816,829,1305,536,326,284,326,195
S01003483,Craigend and Ruchazie,North East,Glasgow Baillieston,409,271,395,537,231,135,171,196
S01003577,Barmulloch,North East,Glasgow Springburn,737,467,616,538,313,211,227,197
S01003083,Nitshill,Greater Pollok,Glasgow Pollok,952,489,666,539,350,214,235,198
S01003039,Darnley East,Greater Pollok,Glasgow Pollok,313,505,318,548,196,220,140,199
S01003467,Craigend and Ruchazie,North East,Glasgow Baillieston,300,339,432,553,190,161,180,200
S01003689,Blairdardie East,Drumchapel/Anniesland,Glasgow Anniesland,217,309,447,555,149,148,183,201
S01003202,Toryglen and Oatlands,Southside Central,Glasgow Shettleston,48,95,96,556,35,53,55,202
S01003082,Nitshill,Greater Pollok,Glasgow Pollok,447,455,748,567,244,206,254,203
S01003158,Toryglen and Oatlands,Southside Central,Glasgow Rutherglen,11,97,24,570,9,54,14,204
S01003654,Yoker North,Garscadden/Scotstounhill,Glasgow Anniesland,500,586,619,572,258,237,228,205
S01003373,City Centre West,Anderston/City,Glasgow Kelvin,46,114,303,574,34,61,132,206
S01003377,"Cranhill, Lightburn and Queenslie South",Baillieston,Glasgow Baillieston,479,304,549,576,251,145,207,207
S01003457,"Roystonhill, Blochairn, and Provanmill",Springburn,Glasgow Springburn,122,405,699,585,88,188,244,208
S01003621,Possil Park,Canal,Glasgow Maryhill,146,386,308,591,105,181,134,209
S01003182,Pollok North and East,Greater Pollok,Glasgow Pollok,298,451,1308,599,188,203,327,210
S01003657,Milton East,Canal,Glasgow Maryhill,196,545,677,603,137,227,239,211
S01003213,Braidfauld,Shettleston,Glasgow Shettleston,913,892,751,616,344,294,255,212
S01003578,Barmulloch,North East,Glasgow Springburn,237,202,223,622,158,103,104,213
S01003450,Finnieston and Kelvinhaugh,Anderston/City,Glasgow Kelvin,690,571,475,628,301,234,191,214
S01003228,Braidfauld,Shettleston,Glasgow Shettleston,194,537,589,636,136,224,220,215
S01003590,Yoker South,Garscadden/Scotstounhill,Glasgow Anniesland,918,430,1116,642,345,194,303,216
S01003248,"Calton, Gallowgate and Bridgeton",Calton,Glasgow Shettleston,286,106,166,648,183,57,80,217
S01003275,Shettleston North,Shettleston,Glasgow Shettleston,262,464,571,651,171,209,214,218
S01003349,Drumoyne and Shieldhall,Govan,Glasgow Govan,96,251,550,652,70,125,208,219
S01003284,Craigton,Govan,Glasgow Pollok,850,872,1143,669,335,292,307,220
S01003181,Pollok North and East,Craigton,Glasgow Pollok,399,676,839,675,228,249,267,221
S01003393,Carntyne,East Centre,Glasgow Springburn,412,943,734,676,232,305,253,222
S01003346,Craigton,Govan,Glasgow Govan,420,626,603,677,238,241,225,223
S01003340,Greenfield,Baillieston,Glasgow Baillieston,521,702,489,678,267,256,197,224
S01003405,Easterhouse East,North East,Glasgow Baillieston,683,912,895,680,299,298,277,225
S01003584,Scotstoun South and West,Garscadden/Scotstounhill,Glasgow Kelvin,535,590,322,683,271,238,142,226
S01003363,Greenfield,Baillieston,Glasgow Baillieston,418,816,801,685,237,282,259,227
S01003384,Drumoyne and Shieldhall,Govan,Glasgow Govan,749,786,924,690,316,276,281,228
S01003237,Baillieston West,Baillieston,Glasgow Baillieston,621,499,688,701,287,217,242,229
S01003662,Knightswood Park West,Garscadden/Scotstounhill,Glasgow Anniesland,160,724,363,704,114,261,161,230
S01003538,Blackhill and Barmulloch East,North East,Glasgow Springburn,691,681,1056,705,302,251,295,231
S01003290,Tollcross,Shettleston,Glasgow Shettleston,1131,1056,680,707,379,324,240,232
S01003398,Easterhouse East,North East,Glasgow Baillieston,1010,1116,1221,709,363,335,317,233
S01003263,Parkhead West and Barrowfield,Calton,Glasgow Shettleston,206,265,438,711,142,132,182,234
S01003466,Hillhead,Partick West,Glasgow Kelvin,368,277,278,714,218,137,123,235
S01003635,Anniesland East,Drumchapel/Anniesland,Glasgow Anniesland,1779,1065,917,718,435,325,279,236
S01003606,Springburn,Springburn,Glasgow Springburn,763,1352,1352,727,319,367,331,237
S01003459,Craigend and Ruchazie,North East,Glasgow Springburn,1016,1067,751,731,364,326,255,238
S01003498,Broomhill,Partick West,Glasgow Kelvin,912,1014,733,736,343,318,252,239
S01003655,Balornock,North East,Glasgow Springburn,676,424,468,743,298,193,189,240
S01003488,"Roystonhill, Blochairn, and Provanmill",Springburn,Glasgow Springburn,62,100,248,749,47,55,113,241
S01003308,Penilee,Craigton,Glasgow Pollok,514,715,860,750,264,258,272,242
S01003573,Springburn,Springburn,Glasgow Springburn,463,744,568,751,249,268,213,243
S01003628,Balornock,North East,Glasgow Springburn,331,675,676,759,204,248,238,244
S01003286,Kingston West and Dumbreck,Pollokshields,Glasgow Govan,545,725,547,763,273,262,206,245
S01003267,Shettleston North,Shettleston,Glasgow Shettleston,836,943,960,768,328,305,288,246
S01003610,Yoker South,Garscadden/Scotstounhill,Glasgow Anniesland,1136,944,812,769,381,307,261,247
S01003287,Cardonald North,Craigton,Glasgow Pollok,971,771,1043,775,355,272,293,248
S01003167,Pollok South and West,Greater Pollok,Glasgow Pollok,227,646,724,776,152,244,250,249
S01003571,Scotstoun South and West,Garscadden/Scotstounhill,Glasgow Kelvin,841,1318,1209,779,331,363,315,250
S01003602,Balornock,North East,Glasgow Springburn,847,618,862,785,333,240,273,251
S01003312,Penilee,Craigton,Glasgow Pollok,344,787,936,793,209,277,283,252
S01003442,"Roystonhill, Blochairn, and Provanmill",Springburn,Glasgow Springburn,76,318,613,794,58,153,226,253
S01003104,Pollokshaws,Newlands/Auldburn,Glasgow Cathcart,567,655,723,796,280,246,249,254
S01003247,Parkhead East and Braidfauld North,Calton,Glasgow Shettleston,323,641,696,807,201,243,243,255
S01003144,Crookston North,Greater Pollok,Glasgow Pollok,866,929,671,808,338,301,236,256
S01003624,Possil Park,Canal,Glasgow Maryhill,175,517,833,814,122,223,265,257
S01003412,Govan and Linthouse,Govan,Glasgow Govan,381,1003,1110,823,225,315,302,258
S01003351,Ibrox East and Cessnock,Govan,Glasgow Govan,345,1210,842,834,210,347,268,259
S01003185,Govanhill East and Aikenhead,Southside Central,Glasgow Shettleston,181,117,231,837,127,63,108,260
S01003440,Riddrie and Hogganfield,East Centre,Glasgow Springburn,546,1305,1408,848,274,360,337,261
S01003677,Milton East,Canal,Glasgow Maryhill,956,1242,1448,856,351,351,342,262
S01003630,Knightswood Park West,Garscadden/Scotstounhill,Glasgow Anniesland,352,542,602,861,213,226,224,263
S01003585,Ruchill,Maryhill/Kelvin,Glasgow Maryhill,187,380,1013,864,131,177,292,264
S01003132,Pollokshaws,Newlands/Auldburn,Glasgow Govan,95,262,674,883,69,130,237,265
S01003294,Craigton,Govan,Glasgow Pollok,439,576,685,886,241,236,241,266
S01003357,Ibrox,Govan,Glasgow Govan,53,138,199,890,39,73,93,267
S01003615,Yoker South,Garscadden/Scotstounhill,Glasgow Anniesland,403,1032,703,893,230,319,245,268
S01003394,Easterhouse East,North East,Glasgow Baillieston,1370,1507,1064,896,403,383,297,269
S01003639,Knightswood West,Garscadden/Scotstounhill,Glasgow Anniesland,688,868,822,897,300,291,263,270
S01003365,Ibrox,Govan,Glasgow Govan,394,839,1418,899,227,285,340,271
S01003575,Scotstoun North and East,Garscadden/Scotstounhill,Glasgow Kelvin,334,556,904,907,205,230,278,272
S01003472,Sighthill,Springburn,Glasgow Springburn,491,817,553,915,256,283,210,273
S01003551,Petershill,Springburn,Glasgow Springburn,284,950,1129,924,181,308,306,274
S01003490,Woodside,Hillhead,Glasgow Maryhill,1348,1183,1610,940,402,344,364,275
S01003101,Crookston South,Greater Pollok,Glasgow Pollok,722,1002,868,953,311,314,274,276
S01003198,Govanhill East and Aikenhead,Southside Central,Glasgow Shettleston,706,723,654,954,306,260,234,277
S01003032,Glenwood South,Linn,Glasgow Cathcart,268,1075,577,956,174,329,215,278
S01003191,Govanhill West,Southside Central,Glasgow Shettleston,669,448,1265,972,296,202,322,279
S01003713,Drumry East,Drumchapel/Anniesland,Glasgow Anniesland,362,458,586,981,215,208,219,280
S01003652,Maryhill East,Maryhill/Kelvin,Glasgow Maryhill,715,574,821,982,310,235,262,281
S01003134,Toryglen and Oatlands,Southside Central,Glasgow Rutherglen,709,858,1522,986,308,288,353,282
S01003231,Baillieston West,Baillieston,Glasgow Baillieston,525,570,716,991,269,233,247,283
S01003651,Knightswood Park East,Garscadden/Scotstounhill,Glasgow Anniesland,463,760,556,1002,249,271,211,284
S01003420,North Barlanark and Easterhouse South,North East,Glasgow Baillieston,103,408,391,1008,75,191,170,285
S01003400,Carntyne,East Centre,Glasgow Springburn,451,783,513,1033,247,274,202,286
S01003561,Keppochhill,Canal,Glasgow Maryhill,120,367,854,1034,87,172,271,287
S01003204,Pollok North and East,Craigton,Glasgow Pollok,1043,1354,1147,1049,369,368,308,288
S01003604,Ruchill,Maryhill/Kelvin,Glasgow Maryhill,1288,1371,959,1078,396,370,287,289
S01003108,Cathcart,Langside,Glasgow Cathcart,1405,1754,1402,1096,405,402,335,290
S01003306,Craigton,Govan,Glasgow Pollok,761,1520,1071,1100,318,386,299,291
S01003249,Parkhead East and Braidfauld North,Shettleston,Glasgow Shettleston,1329,1541,955,1106,399,388,285,292
S01003580,Springburn East and Cowlairs,Springburn,Glasgow Springburn,748,978,1433,1115,315,311,341,293
S01003656,Maryhill East,Maryhill/Kelvin,Glasgow Maryhill,391,689,653,1124,226,253,233,294
S01003608,Yoker South,Garscadden/Scotstounhill,Glasgow Anniesland,480,693,925,1127,252,254,282,295
S01003077,Carnwadric East,Newlands/Auldburn,Glasgow Cathcart,635,1387,1490,1130,291,372,350,296
S01003445,"Roystonhill, Blochairn, and Provanmill",Springburn,Glasgow Springburn,299,407,1180,1136,189,190,313,297
S01003316,Ibrox East and Cessnock,Govan,Glasgow Govan,1181,1906,1234,1145,384,413,318,298
S01003138,Pollokshaws,Newlands/Auldburn,Glasgow Govan,230,737,1091,1150,153,265,300,299
S01003214,Baillieston West,Baillieston,Glasgow Baillieston,987,1212,955,1152,358,348,285,300
S01003271,"Calton, Gallowgate and Bridgeton",Calton,Glasgow Shettleston,549,687,1065,1155,276,252,298,301
S01003266,Tollcross,Shettleston,Glasgow Shettleston,551,697,826,1157,277,255,264,302
S01003696,Blairdardie East,Drumchapel/Anniesland,Glasgow Anniesland,595,807,942,1160,285,280,284,303
S01003586,Scotstoun North and East,Garscadden/Scotstounhill,Glasgow Kelvin,673,1519,1296,1169,297,385,325,304
S01003598,Barmulloch,North East,Glasgow Springburn,876,1418,1158,1172,339,375,310,305
S01003469,Glasgow Harbour and  Partick South,Partick West,Glasgow Kelvin,1283,1209,806,1177,394,346,260,306
S01003407,Carntyne,East Centre,Glasgow Springburn,797,1165,1127,1178,324,342,305,307
S01003322,Ibrox East and Cessnock,Govan,Glasgow Govan,822,936,922,1193,327,303,280,308
S01003535,Whiteinch,Partick West,Glasgow Kelvin,1132,1273,1257,1199,380,354,321,309
S01003684,Blairdardie East,Drumchapel/Anniesland,Glasgow Anniesland,458,901,1106,1204,248,296,301,310
S01003678,Yoker North,Garscadden/Scotstounhill,Glasgow Anniesland,1044,1513,1161,1209,370,384,311,311
S01003408,Anderston,Anderston/City,Glasgow Kelvin,944,1053,1169,1235,348,323,312,312
S01003201,Dalmarnock,Calton,Glasgow Shettleston,12,775,1152,1239,10,273,309,313
S01003327,Kinning Park and Festival Park,Govan,Glasgow Govan,968,1281,1727,1242,354,357,378,314
S01003383,"Cranhill, Lightburn and Queenslie South",East Centre,Glasgow Baillieston,809,860,989,1253,325,289,291,315
S01003413,"Cranhill, Lightburn and Queenslie South",East Centre,Glasgow Baillieston,734,1010,852,1257,312,316,270,316
S01003693,Blairdardie East,Drumchapel/Anniesland,Glasgow Anniesland,654,934,650,1264,294,302,232,317
S01003362,Penilee,Craigton,Glasgow Pollok,840,1087,1368,1277,330,331,332,318
S01003159,Toryglen and Oatlands,Southside Central,Glasgow Rutherglen,142,199,234,1286,102,100,110,319
S01003674,Knightswood East,Garscadden/Scotstounhill,Glasgow Anniesland,887,1100,1471,1289,341,333,346,320
S01003599,Possil Park,Canal,Glasgow Maryhill,622,286,979,1293,288,141,290,321
S01003685,Yoker North,Garscadden/Scotstounhill,Glasgow Anniesland,1582,2134,2105,1295,421,431,410,322
S01003329,Greenfield,Baillieston,Glasgow Baillieston,1056,924,1488,1298,374,300,349,323
S01003215,Pollok North and East,Craigton,Glasgow Pollok,741,1594,1598,1303,314,391,362,324
S01003289,Parkhead East and Braidfauld North,Shettleston,Glasgow Shettleston,315,77,1972,1306,197,45,400,325
S01003448,Riddrie and Hogganfield,East Centre,Glasgow Springburn,367,515,707,1329,217,222,246,326
S01003334,Penilee,Craigton,Glasgow Pollok,506,634,848,1331,261,242,269,327
S01003378,Carntyne West and Haghill,East Centre,Glasgow Springburn,258,1071,1393,1344,169,328,334,328
S01003688,Summerston North,Maryhill/Kelvin,Glasgow Maryhill,707,679,1453,1353,307,250,343,329
S01003345,Hillington,Craigton,Glasgow Pollok,2020,2024,1659,1355,453,421,370,330
S01003422,Dennistoun North and Alexandra Parade,East Centre,Glasgow Springburn,183,498,793,1377,128,216,258,331
S01003242,Kingston West and Dumbreck,Govan,Glasgow Govan,1282,1927,1595,1382,393,415,360,332
S01003607,Balornock,North East,Glasgow Springburn,1427,1098,1721,1385,409,332,377,333
S01003145,Carmyle and Mount Vernon South,Shettleston,Glasgow Baillieston,1104,1131,1516,1387,378,339,352,334
S01003200,Govanhill West,Southside Central,Glasgow Shettleston,1091,1133,1044,1413,377,340,294,335
S01003277,Baillieston East,Baillieston,Glasgow Baillieston,1059,891,1062,1418,375,293,296,336
S01003178,Mosspark,Craigton,Glasgow Pollok,540,1040,1715,1440,272,321,375,337
S01003714,Drumchapel North,Drumchapel/Anniesland,Glasgow Anniesland,502,863,1933,1441,260,290,394,338
S01003051,Darnley North,Greater Pollok,Glasgow Pollok,989,1376,1458,1445,359,371,344,339
S01003332,Barlanark,Baillieston,Glasgow Baillieston,372,595,973,1456,221,239,289,340
S01003537,Firhill,Canal,Glasgow Maryhill,855,1102,1412,1468,337,334,338,341
S01003060,Glenwood North,Linn,Glasgow Cathcart,127,739,1348,1475,91,267,330,342
S01003458,"Roystonhill, Blochairn, and Provanmill",Springburn,Glasgow Springburn,565,1033,1403,1477,279,320,336,343
S01003192,Strathbungo,Southside Central,Glasgow Govan,1073,1246,1617,1481,376,352,367,344
S01003426,Dennistoun North and Alexandra Parade,East Centre,Glasgow Springburn,1196,1585,1744,1483,386,390,380,345
S01003669,Milton West,Canal,Glasgow Maryhill,301,790,879,1486,191,278,276,346
S01003147,Crookston North,Greater Pollok,Glasgow Pollok,1053,1444,1862,1499,373,378,386,347
S01003686,Summerston Central and West,Maryhill/Kelvin,Glasgow Maryhill,750,923,1243,1504,317,299,320,348
S01003128,Mount Florida,Langside,Glasgow Cathcart,1162,1240,1311,1507,383,350,328,349
S01003692,Blairdardie East,Drumchapel/Anniesland,Glasgow Anniesland,926,1250,1524,1509,346,353,354,350
S01003473,Woodside,Hillhead,Glasgow Maryhill,702,1283,1470,1520,305,358,345,351
S01003239,Cardonald South and East,Craigton,Glasgow Pollok,1294,2050,1968,1528,397,426,399,352
S01003046,Glenwood North,Linn,Glasgow Cathcart,941,1439,1871,1542,347,377,389,353
S01003541,Petershill,Springburn,Glasgow Springburn,769,1450,784,1551,321,379,257,354
S01003054,Castlemilk,Linn,Glasgow Cathcart,2268,1924,1613,1554,473,414,365,355
S01003355,Gallowgate North and Bellgrove,Calton,Glasgow Springburn,960,1179,1200,1560,353,343,314,356
S01003461,Riddrie and Hogganfield,East Centre,Glasgow Springburn,1303,1326,1374,1579,398,365,333,357
S01003058,Darnley West,Greater Pollok,Glasgow Pollok,449,1129,1697,1582,246,338,373,358
S01003335,"Calton, Gallowgate and Bridgeton",Calton,Glasgow Shettleston,839,754,868,1598,329,270,274,359
S01003310,Cardonald North,Craigton,Glasgow Pollok,1335,1708,1596,1607,401,397,361,360
S01003161,Crookston North,Greater Pollok,Glasgow Pollok,1036,1952,1972,1608,366,417,400,361
S01003643,Maryhill West,Maryhill/Kelvin,Glasgow Maryhill,994,2917,2808,1632,360,489,461,362
S01003188,Govanhill West,Southside Central,Glasgow Shettleston,981,995,1692,1645,356,312,372,363
S01003152,Battlefield,Southside Central,Glasgow Cathcart,1046,1322,1526,1663,371,364,355,364
S01003406,Dennistoun North and Alexandra Parade,East Centre,Glasgow Springburn,1381,1469,1942,1671,404,380,396,365
S01003695,Summerston North,Maryhill/Kelvin,Glasgow Maryhill,1414,1759,1606,1678,408,403,363,366
S01003700,Summerston North,Maryhill/Kelvin,Glasgow Maryhill,1207,1362,1717,1689,387,369,376,367
S01003238,Cardonald West and Central,Craigton,Glasgow Pollok,2453,2453,1980,1694,486,465,402,368
S01003671,Anniesland West,Drumchapel/Anniesland,Glasgow Anniesland,883,1309,1868,1739,340,361,388,369
S01003203,Mosspark,Craigton,Glasgow Pollok,1408,2292,2080,1748,406,448,407,370
S01003117,Battlefield,Langside,Glasgow Cathcart,2194,2388,2351,1751,468,457,430,371
S01003216,Cardonald West and Central,Craigton,Glasgow Pollok,1511,2449,1932,1764,415,463,393,372
S01003148,Carmyle and Mount Vernon South,Shettleston,Glasgow Baillieston,1433,1575,1346,1767,411,389,329,373
S01003381,Carntyne West and Haghill,East Centre,Glasgow Springburn,1267,1292,1658,1787,390,359,369,374
S01003494,Woodside,Hillhead,Glasgow Maryhill,1491,1651,1574,1793,414,393,359,375
S01003098,Cathcart,Langside,Glasgow Cathcart,1008,1806,1796,1796,362,405,384,376
S01003255,Cardonald South and East,Craigton,Glasgow Pollok,2109,2173,2180,1801,461,436,417,377
S01003143,Mount Florida,Langside,Glasgow Cathcart,2042,2359,2010,1807,456,454,404,378
S01003622,Knightswood East,Garscadden/Scotstounhill,Glasgow Anniesland,1042,1126,1275,1861,368,337,324,379
S01003026,Carmunnock South,Linn,Glasgow Cathcart,1611,1725,599,1869,426,400,223,380
S01003375,Drumoyne and Shieldhall,Govan,Glasgow Govan,1005,1739,2144,1874,361,401,415,381
S01003199,Shettleston South,Shettleston,Glasgow Shettleston,1943,1711,1795,1875,444,398,383,382
S01003436,Drumoyne and Shieldhall,Govan,Glasgow Govan,2855,1329,1266,1910,508,366,323,383
S01003642,Knightswood East,Garscadden/Scotstounhill,Glasgow Anniesland,1273,1218,1547,1915,391,349,357,384
S01003350,Penilee,Craigton,Glasgow Pollok,412,385,1683,1917,232,180,371,385
S01003135,Toryglen and Oatlands,Southside Central,Glasgow Rutherglen,639,1493,1483,1932,292,381,348,386
S01003668,Anniesland West,Garscadden/Scotstounhill,Glasgow Anniesland,1048,658,1214,1936,372,247,316,387
S01003454,Woodlands,Hillhead,Glasgow Maryhill,2740,3018,2303,1945,500,497,427,388
S01003218,Cardonald South and East,Craigton,Glasgow Pollok,2034,2372,2190,1950,454,456,418,389
S01003475,Woodside,Hillhead,Glasgow Maryhill,1211,2030,1960,1951,388,423,397,390
S01003092,Carnwadric East,Newlands/Auldburn,Glasgow Cathcart,1411,1987,2003,1961,407,420,403,391
S01003243,Cardonald West and Central,Craigton,Glasgow Pollok,1882,1951,1753,1968,438,416,382,392
S01003116,Cathcart,Langside,Glasgow Cathcart,1985,2237,2433,1969,449,443,437,393
S01003165,Govanhill East and Aikenhead,Southside Central,Glasgow Shettleston,1431,1275,1698,1975,410,355,374,394
S01003122,Toryglen and Oatlands,Southside Central,Glasgow Rutherglen,1568,1534,1923,2015,420,387,392,395
S01003090,Merrylee and Millbrae,Newlands/Auldburn,Glasgow Cathcart,2405,2560,1863,2021,483,470,387,396
S01003502,"Garthamlock, Auchinlea and Gartloch",North East,Glasgow Baillieston,547,209,1413,2058,275,108,339,397
S01003268,Gorbals and Hutchesontown,Southside Central,Glasgow Shettleston,1539,1692,2295,2065,418,396,425,398
S01003360,Barlanark,Baillieston,Glasgow Baillieston,1610,2269,2385,2066,425,447,434,399
S01003492,Cowlairs and Port Dundas,Springburn,Glasgow Springburn,849,1068,2245,2087,334,327,422,400
S01003220,Pollokshields East,Pollokshields,Glasgow Govan,1921,2168,1859,2096,441,435,385,401
S01003645,Knightswood Park West,Garscadden/Scotstounhill,Glasgow Anniesland,957,1724,1613,2111,352,399,365,402
S01003324,Ibrox East and Cessnock,Govan,Glasgow Govan,162,310,1124,2152,116,149,304,403
S01003236,Pollokshields West,Pollokshields,Glasgow Govan,1595,2568,2115,2158,422,473,412,404
S01003303,Laurieston and Tradeston,Govan,Glasgow Govan,894,722,1557,2175,342,259,358,405
S01003070,Carnwadric East,Newlands/Auldburn,Glasgow Cathcart,1694,2524,2912,2199,432,468,471,406
S01003280,Kingston West and Dumbreck,Govan,Glasgow Govan,2500,2234,2086,2201,488,442,408,407
S01003495,Sighthill,Springburn,Glasgow Springburn,518,1398,1748,2204,265,374,381,408
S01003647,Anniesland West,Drumchapel/Anniesland,Glasgow Anniesland,1740,1495,1892,2218,433,382,390,409
S01003069,Carnwadric East,Newlands/Auldburn,Glasgow Cathcart,1276,2036,2111,2227,392,424,411,410
S01003278,Cardonald North,Craigton,Glasgow Pollok,2377,3027,2547,2278,480,498,445,411
S01003118,Pollokshaws,Newlands/Auldburn,Glasgow Govan,71,245,450,2311,56,122,184,412
S01003499,Partick,Partick West,Glasgow Kelvin,2735,2520,2369,2314,499,467,432,413
S01003691,Summerston Central and West,Maryhill/Kelvin,Glasgow Maryhill,1857,2155,2465,2322,437,433,440,414
S01003534,Petershill,Springburn,Glasgow Springburn,1756,2250,2455,2334,434,446,438,415
S01003250,Mosspark,Craigton,Glasgow Pollok,1472,1904,1895,2346,413,412,391,416
S01003094,Merrylee and Millbrae,Newlands/Auldburn,Glasgow Cathcart,3280,2946,2841,2351,539,491,467,417
S01003235,Shettleston South,Shettleston,Glasgow Shettleston,1612,2449,2074,2354,427,463,406,418
S01003478,Hillhead,Partick West,Glasgow Kelvin,2232,1826,2358,2358,471,406,431,419
S01003176,Strathbungo,Southside Central,Glasgow Govan,1669,814,1941,2364,430,281,395,420
S01003264,Mosspark,Govan,Glasgow Pollok,1183,1873,2999,2370,385,409,477,421
S01003476,"Garthamlock, Auchinlea and Gartloch",North East,Glasgow Baillieston,2005,2219,2211,2371,450,441,419,422
S01003481,Partick,Partick West,Glasgow Kelvin,2167,1840,2457,2378,465,407,439,423
S01003477,Glasgow Harbour and  Partick South,Partick West,Glasgow Kelvin,2785,2321,2534,2386,502,452,442,424
S01003593,Scotstoun South and West,Garscadden/Scotstounhill,Glasgow Anniesland,781,849,1740,2396,322,287,379,425
S01003625,Wyndford,Maryhill/Kelvin,Glasgow Maryhill,112,2127,2540,2399,81,430,443,426
S01003189,Govanhill West,Southside Central,Glasgow Shettleston,1645,2150,2642,2405,428,432,452,427
S01003164,Battlefield,Southside Central,Glasgow Shettleston,2012,1428,2300,2432,452,376,426,428
S01003300,Baillieston East,Baillieston,Glasgow Baillieston,2278,2118,2611,2436,474,427,448,429
S01003658,Knightswood West,Garscadden/Scotstounhill,Glasgow Anniesland,2005,2368,2542,2455,450,455,444,430
S01003151,Shettleston South,Shettleston,Glasgow Baillieston,2233,1846,3009,2458,472,408,478,431
S01003338,Kinning Park and Festival Park,Govan,Glasgow Govan,1464,2187,2167,2464,412,438,416,432
S01003633,Yoker South,Garscadden/Scotstounhill,Glasgow Anniesland,2318,2194,2378,2473,476,439,433,433
S01003317,Barlanark,Baillieston,Glasgow Baillieston,2834,2651,2848,2483,506,476,468,434
S01003100,Newlands,Newlands/Auldburn,Glasgow Cathcart,1907,2204,2255,2484,439,440,423,435
S01003451,Hillhead,Partick West,Glasgow Kelvin,2128,2668,2619,2509,462,477,449,436
S01003715,Drumry West,Drumchapel/Anniesland,Glasgow Anniesland,1550,2304,2799,2512,419,450,459,437
S01003305,Shettleston North,Baillieston,Glasgow Baillieston,3676,3883,3284,2518,571,561,506,438
S01003034,Darnley East,Greater Pollok,Glasgow Pollok,3015,3103,2661,2528,518,504,453,439
S01003698,Blairdardie West,Drumchapel/Anniesland,Glasgow Anniesland,2201,2438,2935,2533,469,462,474,440
S01003637,Anniesland West,Drumchapel/Anniesland,Glasgow Anniesland,1827,2157,2212,2553,436,434,420,441
S01003358,City Centre East,Anderston/City,Glasgow Kelvin,1607,1001,1504,2555,424,313,351,442
S01003463,Sighthill,Springburn,Glasgow Springburn,665,1012,1473,2571,295,317,347,443
S01003681,Knightswood Park West,Garscadden/Scotstounhill,Glasgow Anniesland,765,1393,2234,2580,320,373,421,444
S01003174,Govanhill West,Southside Central,Glasgow Shettleston,1912,2027,2135,2589,440,422,413,445
S01003403,Finnieston and Kelvinhaugh,Anderston/City,Glasgow Kelvin,322,1978,3029,2635,200,419,479,446
S01003207,Pollokshields East,Pollokshields,Glasgow Govan,2511,2562,2820,2662,489,471,466,447
S01003683,Blairdardie East,Garscadden/Scotstounhill,Glasgow Anniesland,1680,2175,1963,2672,431,437,398,448
S01003392,Dennistoun North and Alexandra Parade,East Centre,Glasgow Springburn,1333,2249,2042,2679,400,445,405,449
S01003547,North Kelvin,Canal,Glasgow Maryhill,2396,2565,2501,2680,482,472,441,450
S01003154,Shawlands East,Langside,Glasgow Govan,2518,2644,2279,2681,490,475,424,451
S01003057,Castlemilk,Linn,Glasgow Cathcart,3562,2906,3074,2698,563,487,486,452
S01003126,Pollokshaws,Newlands/Auldburn,Glasgow Govan,199,538,2852,2702,138,225,470,453
S01003614,Kelvinside and Jordanhill,Partick West,Glasgow Anniesland,2381,1974,2418,2709,481,418,435,454
S01003075,Kingspark South,Linn,Glasgow Cathcart,2698,2962,2637,2723,496,493,451,455
S01003065,Muirend and Old Cathcart,Linn,Glasgow Cathcart,3141,3044,3158,2724,529,500,492,456
S01003227,Pollokshields East,Pollokshields,Glasgow Govan,2967,2295,2940,2725,515,449,475,457
S01003470,Hillhead,Partick West,Glasgow Kelvin,1525,2319,2810,2743,417,451,463,458
S01003222,Pollokshields East,Pollokshields,Glasgow Govan,2185,2500,2753,2754,466,466,456,459
S01003528,"Garthamlock, Auchinlea and Gartloch",North East,Glasgow Baillieston,2164,2755,3030,2761,464,480,480,460
S01003265,Cardonald West and Central,Craigton,Glasgow Pollok,2576,1685,2559,2766,493,395,446,461
S01003479,Hillhead,Partick West,Glasgow Kelvin,2085,2120,2818,2769,459,428,465,462
S01003510,Cowlairs and Port Dundas,Springburn,Glasgow Springburn,1034,1312,3228,2787,365,362,497,463
S01003259,Baillieston East,Baillieston,Glasgow Baillieston,2818,3494,3283,2790,504,530,505,464
S01003063,Castlemilk,Linn,Glasgow Cathcart,2655,3694,3086,2806,495,543,487,465
S01003348,Kinning Park and Festival Park,Govan,Glasgow Govan,3189,3301,2813,2807,533,521,464,466
S01003127,Kingspark North,Langside,Glasgow Rutherglen,3434,3144,3638,2809,555,509,532,467
S01003187,Strathbungo,Pollokshields,Glasgow Govan,3679,3835,3150,2840,572,559,490,468
S01003209,Mosspark,Craigton,Glasgow Pollok,1255,1677,2137,2862,389,394,414,469
S01003219,Mosspark,Craigton,Glasgow Pollok,1514,2880,2782,2863,416,485,457,470
S01003195,Carmyle and Mount Vernon South,Shettleston,Glasgow Baillieston,2190,3070,3073,2871,467,502,485,471
S01003130,Mount Florida,Langside,Glasgow Cathcart,2935,3429,2705,2884,513,526,454,472
S01003169,Pollok South and West,Greater Pollok,Glasgow Pollok,796,1277,2624,2891,323,356,450,473
S01003173,Strathbungo,Southside Central,Glasgow Govan,3046,3813,3445,2901,520,555,515,474
S01003149,Shawlands East,Langside,Glasgow Govan,2858,2407,2334,2927,509,459,428,475
S01003230,Mosspark,Craigton,Glasgow Pollok,1039,1636,2425,2936,367,392,436,476
S01003667,Yoker North,Garscadden/Scotstounhill,Glasgow Anniesland,1953,2416,2809,2938,445,460,462,477
S01003096,Kingspark South,Linn,Glasgow Cathcart,2873,2814,3218,2947,510,482,496,478
S01003062,Darnley North,Greater Pollok,Glasgow Pollok,2452,2424,3068,2959,485,461,484,479
S01003694,Blairdardie West,Drumchapel/Anniesland,Glasgow Anniesland,2734,3230,3175,2966,498,513,493,480
S01003105,Kingspark North,Langside,Glasgow Rutherglen,3576,3747,3426,2970,564,546,513,481
S01003078,Muirend and Old Cathcart,Newlands/Auldburn,Glasgow Cathcart,3647,3768,3845,3001,567,548,547,482
S01003053,Darnley North,Greater Pollok,Glasgow Pollok,3201,3576,3646,3016,534,534,533,483
S01003417,Dennistoun North and Alexandra Parade,East Centre,Glasgow Springburn,2046,2918,2915,3022,457,490,472,484
S01003415,City Centre East,Anderston/City,Glasgow Kelvin,1956,1878,2806,3028,446,410,460,485
S01003087,Kingspark South,Linn,Glasgow Cathcart,3358,3820,3618,3031,545,556,528,486
S01003129,Langside,Langside,Glasgow Govan,3119,3537,3265,3068,527,532,502,487
S01003080,Kingspark South,Linn,Glasgow Cathcart,4516,4328,4075,3071,626,600,573,488
S01003292,Garrowhill West,Baillieston,Glasgow Baillieston,3352,3218,3703,3097,543,511,540,489
S01003648,Anniesland West,Drumchapel/Anniesland,Glasgow Anniesland,3242,3268,3432,3107,535,518,514,490
S01003659,Anniesland West,Drumchapel/Anniesland,Glasgow Anniesland,3038,3273,3258,3117,519,519,501,491
S01003371,Dennistoun,East Centre,Glasgow Springburn,1284,2871,3967,3123,395,484,558,492
S01003304,Kingston West and Dumbreck,Govan,Glasgow Govan,2037,2759,3633,3126,455,481,530,493
S01003618,Knightswood Park East,Garscadden/Scotstounhill,Glasgow Anniesland,1930,2395,2342,3129,443,458,429,494
S01003649,Springburn East and Cowlairs,Canal,Glasgow Maryhill,3013,2947,3152,3131,517,492,491,495
S01003339,Hillington,Craigton,Glasgow Pollok,2344,3039,3394,3146,479,499,512,496
S01003449,City Centre West,Anderston/City,Glasgow Kelvin,2428,3131,3973,3148,484,507,560,497
S01003125,Langside,Langside,Glasgow Cathcart,3100,3458,3032,3160,525,528,481,498
S01003086,Newlands,Newlands/Auldburn,Glasgow Cathcart,2546,3373,3127,3244,491,523,489,499
S01003157,Shawlands West,Pollokshields,Glasgow Govan,2096,2557,3305,3248,460,469,507,500
S01003321,Garrowhill East and Swinton,Baillieston,Glasgow Baillieston,2218,2995,3046,3256,470,496,482,501
S01003385,Dennistoun,East Centre,Glasgow Springburn,2806,3799,4016,3257,503,553,566,502
S01003430,Anderston,Anderston/City,Glasgow Kelvin,2881,3248,3955,3264,511,515,554,503
S01003516,Blackhill and Barmulloch East,North East,Glasgow Springburn,2339,2978,3448,3271,478,494,516,504
S01003395,Dennistoun North and Alexandra Parade,East Centre,Glasgow Springburn,1927,2855,3537,3305,442,483,521,505
S01003517,Firhill,Hillhead,Glasgow Maryhill,3506,3142,2929,3318,557,508,473,506
S01003097,Crookston South,Greater Pollok,Glasgow Pollok,361,3120,3987,3321,214,505,561,507
S01003468,Woodlands,Hillhead,Glasgow Maryhill,2987,3820,4054,3324,516,556,569,508
S01003410,City Centre West,Anderston/City,Glasgow Kelvin,2319,2915,2849,3326,477,488,469,509
S01003073,Kingspark South,Linn,Glasgow Cathcart,4133,4315,3472,3327,602,599,517,510
S01003315,Kinning Park and Festival Park,Govan,Glasgow Govan,3717,4210,3616,3328,574,590,527,511
S01003496,Partick,Partick West,Glasgow Kelvin,2913,3219,3213,3329,512,512,495,512
S01003676,Anniesland West,Drumchapel/Anniesland,Glasgow Anniesland,844,2327,2600,3332,332,453,447,513
S01003123,Pollok South and West,Greater Pollok,Glasgow Pollok,2936,3803,3636,3343,514,554,531,514
S01003382,Anderston,Anderston/City,Glasgow Kelvin,495,955,2089,3369,257,309,409,515
S01003183,Strathbungo,Southside Central,Glasgow Govan,2312,2993,4844,3376,475,495,622,516
S01003091,Kingspark South,Linn,Glasgow Cathcart,3522,3993,3273,3404,560,570,504,517
S01003114,Mount Florida,Langside,Glasgow Cathcart,3106,3701,3916,3408,526,544,550,518
S01003119,Kingspark North,Langside,Glasgow Rutherglen,4145,4244,3630,3409,603,595,529,519
S01003298,Hillington,Craigton,Glasgow Pollok,3616,2893,3787,3421,566,486,543,520
S01003325,Hillington,Craigton,Glasgow Pollok,4076,3763,4161,3435,597,547,579,521
S01003211,Pollokshields East,Pollokshields,Glasgow Govan,2594,3681,3743,3447,494,541,542,522
S01003285,Gorbals and Hutchesontown,Southside Central,Glasgow Shettleston,321,502,483,3455,199,218,193,523
S01003124,Battlefield,Langside,Glasgow Cathcart,3900,3475,4263,3493,585,529,585,524
S01003295,Greenfield,Shettleston,Glasgow Baillieston,3142,3820,3249,3498,530,556,499,525
S01003380,Dennistoun,East Centre,Glasgow Springburn,1603,2238,3123,3510,423,444,488,526
S01003328,"Calton, Gallowgate and Bridgeton",Calton,Glasgow Shettleston,1966,1889,2787,3515,448,411,458,527
S01003497,Kelvingrove and University,Partick West,Glasgow Kelvin,3779,3422,3247,3520,577,525,498,528
S01003146,Shawlands East,Langside,Glasgow Govan,4057,4416,3904,3541,596,604,548,529
S01003240,Cardonald West and Central,Craigton,Glasgow Pollok,3916,3971,3935,3546,588,569,551,530
S01003172,Strathbungo,Southside Central,Glasgow Shettleston,1958,3101,3614,3558,447,503,526,531
S01003425,Finnieston and Kelvinhaugh,Anderston/City,Glasgow Kelvin,3096,3356,3256,3580,524,522,500,532
S01003136,Mount Florida,Langside,Glasgow Cathcart,3362,3929,4470,3588,546,565,600,533
S01003638,Kelvindale,Maryhill/Kelvin,Glasgow Anniesland,3401,3234,3333,3597,551,514,508,534
S01003487,Woodlands,Hillhead,Glasgow Maryhill,2700,3254,3544,3609,497,517,522,535
S01003344,Penilee,Craigton,Glasgow Pollok,944,3902,3675,3626,348,562,538,536
S01003588,Robroyston and Millerston,North East,Glasgow Springburn,3914,3950,3807,3641,587,567,545,537
S01003283,Garrowhill West,Baillieston,Glasgow Baillieston,3383,3655,3987,3644,548,538,561,538
S01003581,Ruchill,Canal,Glasgow Maryhill,4019,3952,3801,3651,594,568,544,539
S01003446,City Centre West,Anderston/City,Glasgow Kelvin,2759,3276,3345,3657,501,520,509,540
S01003484,Kelvingrove and University,Hillhead,Glasgow Kelvin,4186,2741,3193,3667,607,479,494,541
S01003258,Baillieston West,Baillieston,Glasgow Baillieston,3061,3785,4025,3677,522,549,567,542
S01003452,Riddrie and Hogganfield,East Centre,Glasgow Springburn,3245,3791,4073,3701,536,551,572,543
S01003041,Darnley West,Greater Pollok,Glasgow Pollok,3907,4044,4115,3706,586,574,575,544
S01003566,Ruchill,Canal,Glasgow Maryhill,3923,4720,3353,3724,589,629,510,545
S01003067,Carmunnock North,Linn,Glasgow Cathcart,3320,4007,3516,3725,542,572,520,546
S01003241,Shettleston South,Shettleston,Glasgow Shettleston,2061,2682,3057,3728,458,478,483,547
S01003532,Victoria Park,Partick West,Glasgow Kelvin,3927,4056,4231,3732,590,575,583,548
S01003112,Cathcart,Langside,Glasgow Cathcart,3786,4009,3553,3740,578,573,523,549
S01003320,Kinning Park and Festival Park,Govan,Glasgow Govan,2824,3871,4460,3743,505,560,598,550
S01003465,Glasgow Harbour and  Partick South,Partick West,Glasgow Kelvin,2575,2122,2746,3751,492,429,455,551
S01003318,Garrowhill East and Swinton,Baillieston,Glasgow Baillieston,3267,3677,3939,3754,537,540,552,552
S01003102,Kingspark North,Langside,Glasgow Rutherglen,3832,3590,3573,3767,582,536,524,553
S01003212,Mount Vernon North and Sandyhills,Baillieston,Glasgow Baillieston,3079,3127,4210,3775,523,506,582,554
S01003137,Shawlands East,Langside,Glasgow Govan,3392,3586,3699,3777,550,535,539,555
S01003409,Dennistoun North and Alexandra Parade,East Centre,Glasgow Springburn,1142,2048,3360,3800,382,425,511,556
S01003061,Carmunnock North,Linn,Glasgow Cathcart,3881,3689,4277,3818,584,542,586,557
S01003197,Mount Vernon North and Sandyhills,Shettleston,Glasgow Baillieston,3414,4145,4162,3837,553,582,580,558
S01003166,Shawlands West,Pollokshields,Glasgow Govan,3805,3671,4683,3844,580,539,611,559
S01003038,Darnley West,Greater Pollok,Glasgow Pollok,4610,4759,4148,3867,631,631,577,560
S01003682,Summerston North,Maryhill/Kelvin,Glasgow Maryhill,3276,3515,3578,3910,538,531,525,561
S01003323,Garrowhill West,Baillieston,Glasgow Baillieston,4272,3787,3481,3925,610,550,519,562
S01003282,Cardonald West and Central,Craigton,Glasgow Pollok,3659,3794,3960,3943,570,552,556,563
S01003501,Kelvingrove and University,Hillhead,Glasgow Kelvin,3052,4242,3958,3950,521,594,555,564
S01003170,Maxwell Park,Pollokshields,Glasgow Govan,3709,3914,4398,3986,573,563,595,565
S01003261,Cardonald West and Central,Craigton,Glasgow Pollok,3460,4005,3972,3993,556,571,559,566
S01003288,Garrowhill West,Baillieston,Glasgow Baillieston,4345,4445,4294,4041,617,607,587,567
S01003180,Shettleston South,Shettleston,Glasgow Shettleston,3354,4139,4204,4053,544,581,581,568
S01003179,Govanhill West,Southside Central,Glasgow Shettleston,2464,3059,2980,4057,487,501,476,569
S01003193,Baillieston East,Baillieston,Glasgow Baillieston,2150,3249,4029,4064,463,516,568,570
S01003675,Anniesland East,Drumchapel/Anniesland,Glasgow Anniesland,4569,4684,3662,4075,630,623,536,571
S01003506,Firhill,Hillhead,Glasgow Maryhill,3363,3935,3655,4082,547,566,534,572
S01003631,Knightswood Park East,Garscadden/Scotstounhill,Glasgow Anniesland,1654,3447,3666,4102,429,527,537,573
S01003626,Robroyston and Millerston,North East,Glasgow Springburn,4303,5097,4455,4110,615,646,597,574
S01003699,Summerston Central and West,Maryhill/Kelvin,Glasgow Maryhill,4663,4490,4428,4116,636,611,596,575
S01003252,Baillieston West,Baillieston,Glasgow Baillieston,3403,3746,4062,4123,552,545,571,576
S01003447,City Centre East,Anderston/City,Glasgow Kelvin,501,1798,3270,4143,259,404,503,577
S01003632,Anniesland East,Maryhill/Kelvin,Glasgow Anniesland,5330,4674,4735,4173,662,622,615,578
S01003276,Garrowhill West,Baillieston,Glasgow Baillieston,4821,4489,4720,4175,641,610,614,579
S01003550,Robroyston and Millerston,North East,Glasgow Springburn,3652,4125,3991,4184,569,580,563,580
S01003260,Mount Vernon North and Sandyhills,Shettleston,Glasgow Baillieston,2846,3376,3479,4191,507,524,518,581
S01003464,Woodlands,Hillhead,Glasgow Maryhill,4841,5288,5433,4192,645,653,656,582
S01003613,Robroyston and Millerston,North East,Glasgow Springburn,3383,4197,3966,4199,548,588,557,583
S01003089,Newlands,Newlands/Auldburn,Glasgow Cathcart,4748,4435,3844,4205,639,606,546,584
S01003079,Muirend and Old Cathcart,Linn,Glasgow Cathcart,4414,4585,4348,4252,621,615,592,585
S01003529,Petershill,Springburn,Glasgow Springburn,3168,4301,4824,4256,532,597,620,586
S01003311,Garrowhill West,Baillieston,Glasgow Baillieston,3521,4240,3994,4281,559,593,564,587
S01003177,Strathbungo,Pollokshields,Glasgow Govan,4150,4253,4557,4298,604,596,605,588
S01003504,Kelvingrove and University,Hillhead,Glasgow Kelvin,3650,4083,4057,4299,568,578,570,589
S01003522,Dowanhill,Hillhead,Glasgow Kelvin,4163,4058,4155,4300,606,576,578,590
S01003641,Robroyston and Millerston,North East,Glasgow Springburn,5722,5023,4334,4307,672,643,588,591
S01003234,Pollokshields West,Pollokshields,Glasgow Govan,3287,4200,3728,4323,540,589,541,592
S01003612,Anniesland East,Maryhill/Kelvin,Glasgow Anniesland,4826,4217,3660,4329,644,591,535,593
S01003438,Finnieston and Kelvinhaugh,Anderston/City,Glasgow Kelvin,3153,4090,3946,4337,531,579,553,594
S01003661,Anniesland East,Maryhill/Kelvin,Glasgow Anniesland,3541,4646,4510,4338,562,620,602,595
S01003257,Pollokshields West,Pollokshields,Glasgow Govan,4029,4166,4545,4364,595,584,604,596
S01003131,Battlefield,Langside,Glasgow Cathcart,4101,4775,5321,4374,599,632,648,597
S01003224,Mount Vernon North and Sandyhills,Shettleston,Glasgow Baillieston,4507,4073,4586,4393,625,577,607,598
S01003120,Pollok South and West,Greater Pollok,Glasgow Pollok,4424,4466,4896,4443,622,608,624,599
S01003113,Kingspark North,Langside,Glasgow Rutherglen,4477,4157,4094,4458,623,583,574,600
S01003548,Barmulloch,Springburn,Glasgow Springburn,9,394,1653,4467,8,183,368,601
S01003233,Mount Vernon North and Sandyhills,Shettleston,Glasgow Baillieston,4127,4706,4900,4474,601,627,625,602
S01003050,Carmunnock North,Linn,Glasgow Cathcart,3420,3649,4125,4482,554,537,576,603
S01003433,City Centre West,Anderston/City,Glasgow Kelvin,5049,2594,4775,4485,653,474,617,604
S01003196,Maxwell Park,Pollokshields,Glasgow Govan,5342,6040,5014,4542,663,683,630,605
S01003168,Shawlands West,Pollokshields,Glasgow Govan,3731,3916,4886,4580,575,564,623,606
S01003156,Battlefield,Langside,Glasgow Cathcart,3578,4562,4359,4640,565,614,593,607
S01003620,Kelvindale,Maryhill/Kelvin,Glasgow Anniesland,4999,4186,4600,4677,651,586,609,608
S01003370,Dennistoun,East Centre,Glasgow Springburn,3776,4301,4693,4678,576,597,613,609
S01003574,Ruchill,Canal,Glasgow Maryhill,4285,4167,5025,4680,612,585,631,610
S01003341,Garrowhill East and Swinton,Baillieston,Glasgow Baillieston,4108,4377,5193,4681,600,603,636,611
S01003423,Anderston,Anderston/City,Glasgow Kelvin,4642,4539,4904,4696,633,613,626,612
S01003359,Garrowhill East and Swinton,Baillieston,Glasgow Baillieston,4824,5760,5378,4704,643,671,653,613
S01003491,Sighthill,Springburn,Glasgow Springburn,293,1192,4341,4710,187,345,590,614
S01003081,Carnwadric West,Newlands/Auldburn,Glasgow Cathcart,5019,5460,5062,4722,652,660,633,615
S01003520,Partickhill and Hyndland,Hillhead,Glasgow Kelvin,4903,4428,4565,4738,647,605,606,616
S01003559,Scotstoun North and East,Garscadden/Scotstounhill,Glasgow Kelvin,4565,5403,5496,4751,629,656,663,617
S01003513,Kelvingrove and University,Hillhead,Glasgow Kelvin,3877,4821,4382,4775,583,634,594,618
S01003623,Kelvindale,Maryhill/Kelvin,Glasgow Anniesland,5061,4616,5214,4779,654,619,637,619
S01003554,North Kelvin,Canal,Glasgow Maryhill,4539,4194,4938,4792,627,587,627,620
S01003115,Pollokshaws,Newlands/Auldburn,Glasgow Cathcart,3309,3162,4738,4793,541,510,616,621
S01003460,Hillhead,Partick West,Glasgow Kelvin,4009,4909,4517,4797,593,637,603,622
S01003103,Kingspark North,Langside,Glasgow Cathcart,3977,4611,4339,4826,592,617,589,623
S01003025,Carmunnock South,Linn,Glasgow Cathcart,3930,4717,4243,4834,591,628,584,624
S01003139,Shawlands West,Pollokshields,Glasgow Govan,4822,4700,4817,4861,642,626,619,625
S01003085,Cathcart,Linn,Glasgow Cathcart,4690,4648,4480,4871,637,621,601,626
S01003133,Langside,Langside,Glasgow Govan,4294,4347,4346,4890,614,602,591,627
S01003526,North Kelvin,Hillhead,Glasgow Kelvin,4276,4333,5305,4902,611,601,647,628
S01003453,Woodlands,Anderston/City,Glasgow Kelvin,3529,4238,4587,4904,561,592,608,629
S01003503,Hillhead,Partick West,Glasgow Kelvin,4931,5243,5244,4913,648,650,640,630
S01003609,Kelvinside and Jordanhill,Partick West,Glasgow Anniesland,4868,5483,4622,4927,646,661,610,631
S01003027,Darnley East,Greater Pollok,Glasgow Pollok,4947,4810,5619,4954,649,633,671,632
S01003544,North Kelvin,Canal,Glasgow Maryhill,5328,5632,4006,4971,661,666,565,633
S01003527,Victoria Park,Partick West,Glasgow Anniesland,5404,5266,4686,5021,665,652,612,634
S01003330,Garrowhill East and Swinton,Baillieston,Glasgow Baillieston,4658,5175,5282,5025,635,649,642,635
S01003437,Finnieston and Kelvinhaugh,Anderston/City,Glasgow Kelvin,4154,4693,5352,5026,605,625,649,636
S01003576,Kelvinside and Jordanhill,Hillhead,Glasgow Kelvin,3795,3542,4795,5041,579,533,618,637
S01003141,Langside,Langside,Glasgow Govan,5798,5341,5712,5044,677,654,672,638
S01003507,Firhill,Hillhead,Glasgow Maryhill,6013,5765,5453,5084,687,673,657,639
S01003037,Darnley West,Greater Pollok,Glasgow Pollok,3514,4469,5003,5113,558,609,629,640
S01003066,Muirend and Old Cathcart,Linn,Glasgow Cathcart,4395,5135,5553,5121,620,648,666,641
S01003542,Dowanhill,Hillhead,Glasgow Kelvin,5822,5501,5493,5135,679,662,662,642
S01003432,Finnieston and Kelvinhaugh,Anderston/City,Glasgow Kelvin,4289,5766,5261,5139,613,674,641,643
S01003533,Petershill,Springburn,Glasgow Springburn,78,785,1533,5148,59,275,356,644
S01003399,City Centre East,Anderston/City,Glasgow Kelvin,4729,4685,5073,5202,638,624,634,645
S01003570,Scotstoun North and East,Garscadden/Scotstounhill,Glasgow Kelvin,4491,5245,5240,5206,624,651,639,646
S01003524,Broomhill,Partick West,Glasgow Kelvin,4951,5035,5406,5263,650,644,654,647
S01003697,Blairdardie West,Drumchapel/Anniesland,Glasgow Anniesland,3814,4837,4836,5273,581,635,621,648
S01003109,Merrylee and Millbrae,Newlands/Auldburn,Glasgow Cathcart,5289,4931,5360,5281,660,638,651,649
S01003186,Maxwell Park,Pollokshields,Glasgow Govan,5119,5073,5301,5296,656,645,645,650
S01003485,Woodlands,Hillhead,Glasgow Maryhill,5163,5748,5840,5307,659,670,677,651
S01003155,Pollok South and West,Greater Pollok,Glasgow Pollok,5628,5548,5588,5357,668,664,669,652
S01003530,Firhill,Canal,Glasgow Maryhill,4643,4524,5470,5373,634,612,660,653
S01003525,Partickhill and Hyndland,Partick West,Glasgow Kelvin,4779,4846,5302,5406,640,636,646,654
S01003597,Kelvinside and Jordanhill,Partick West,Glasgow Anniesland,3122,4605,3912,5409,528,616,549,655
S01003071,Muirend and Old Cathcart,Newlands/Auldburn,Glasgow Cathcart,6132,6238,5297,5466,692,689,644,656
S01003474,Woodlands,Hillhead,Glasgow Maryhill,4360,4991,5473,5507,618,641,661,657
S01003074,Newlands,Newlands/Auldburn,Glasgow Cathcart,5636,6131,5896,5515,669,684,681,658
S01003660,Robroyston and Millerston,North East,Glasgow Springburn,5748,6351,5717,5535,673,692,673,659
S01003163,Maxwell Park,Pollokshields,Glasgow Govan,5117,5857,5511,5545,655,677,664,660
S01003171,Maxwell Park,Pollokshields,Glasgow Govan,5893,5645,5462,5547,682,667,659,661
S01003059,Muirend and Old Cathcart,Newlands/Auldburn,Glasgow Cathcart,4545,4723,5219,5563,628,630,638,662
S01003106,Newlands,Newlands/Auldburn,Glasgow Cathcart,5499,5344,5869,5565,666,655,679,663
S01003210,Maxwell Park,Pollokshields,Glasgow Govan,5810,5723,5353,5573,678,669,650,664
S01003068,Carmunnock North,Linn,Glasgow Cathcart,5123,5007,4942,5603,657,642,628,665
S01003616,Robroyston and Millerston,North East,Glasgow Springburn,5919,5609,5590,5668,684,665,670,666
S01003514,Dowanhill,Hillhead,Glasgow Kelvin,4078,4614,5282,5674,598,618,642,667
S01003545,Dowanhill,Hillhead,Glasgow Kelvin,5757,5418,5035,5687,674,658,632,668
S01003368,Gallowgate North and Bellgrove,Calton,Glasgow Shettleston,5872,1083,5829,5729,681,330,675,669
S01003560,Broomhill,Partick West,Glasgow Kelvin,5917,5445,5428,5742,683,659,655,670
S01003556,Scotstoun North and East,Garscadden/Scotstounhill,Glasgow Kelvin,4386,5698,5971,5755,619,668,682,671
S01003366,City Centre East,Anderston/City,Glasgow Kelvin,4341,5406,5566,5771,616,657,667,672
S01003591,Kelvinside and Jordanhill,Partick West,Glasgow Anniesland,6038,5841,6043,5780,688,676,683,673
S01003521,Kelvingrove and University,Hillhead,Glasgow Kelvin,4231,4953,5521,5785,608,639,665,674
S01003539,Broomhill,Partick West,Glasgow Kelvin,5948,5870,5813,5834,685,678,674,675
S01003153,Maxwell Park,Pollokshields,Glasgow Govan,4266,4972,5371,5852,609,640,652,676
S01003511,Partickhill and Hyndland,Partick West,Glasgow Kelvin,5649,5509,6072,5869,670,663,686,677
S01003110,Merrylee and Millbrae,Newlands/Auldburn,Glasgow Cathcart,5792,5964,5582,5878,676,681,668,678
S01003569,Victoria Park,Partick West,Glasgow Anniesland,4620,5875,5459,5883,632,679,658,679
S01003558,Dowanhill,Hillhead,Glasgow Kelvin,5842,6251,6242,5924,680,691,690,680
S01003552,Kelvinside and Jordanhill,Hillhead,Glasgow Kelvin,6330,6173,5849,6007,694,687,678,681
S01003568,Kelvindale,Maryhill/Kelvin,Glasgow Anniesland,6121,5883,6094,6023,691,680,687,682
S01003594,Kelvindale,Maryhill/Kelvin,Glasgow Anniesland,5127,5763,6182,6035,658,672,688,683
S01003429,Finnieston and Kelvinhaugh,Anderston/City,Glasgow Kelvin,6054,6161,6270,6056,689,686,691,684
S01003555,North Kelvin,Canal,Glasgow Maryhill,5662,5125,5833,6182,671,647,676,685
S01003509,Kelvingrove and University,Hillhead,Glasgow Kelvin,5532,5834,5875,6187,667,675,680,686
S01003589,Kelvindale,Maryhill/Kelvin,Glasgow Anniesland,6157,6236,6228,6249,693,688,689,687
S01003229,Pollokshields West,Pollokshields,Glasgow Govan,5353,6022,6046,6259,664,682,684,688
S01003536,Partickhill and Hyndland,Hillhead,Glasgow Kelvin,5780,6156,6066,6279,675,685,685,689
S01003587,Kelvinside and Jordanhill,Partick West,Glasgow Anniesland,6010,6396,6411,6308,686,693,692,690
S01003095,Newlands,Newlands/Auldburn,Glasgow Cathcart,6094,6248,6447,6318,690,690,693,691
S01003031,Glenwood South,Linn,Glasgow Cathcart,126,6490,6503,6503,90,694,694,692
S01003319,Craigton,Govan,Glasgow Govan,168,1123,5111,6504,119,336,635,693
S01003505,Sighthill,Springburn,Glasgow Springburn,250,705,4468,6505,165,257,599,694
