Datazone,Intermediate geography name,Multi-member ward name,2011 Scottish Parliamentary Constituencies,geographic_access_deprivation_rank_2004,geographic_access_deprivation_rank_2006,geographic_access_deprivation_rank_2009,geographic_access_deprivation_rank_2012,geographic_access_local_rank_2004,geographic_access_local_rank_2006,geographic_access_local_rank_2009,geographic_access_local_rank_2012
S01003710,Summerston Central and West,Canal,Glasgow Maryhill,2264,2092,1342,840,78,37,5,1
S01003196,Maxwell Park,Pollokshields,Glasgow Govan,1112,2043,1524,927,15,35,8,2
S01003171,Maxwell Park,Pollokshields,Glasgow Govan,908,2866,1594,939,6,83,12,3
S01003362,Penilee,Craigton,Glasgow Pollok,1295,2004,2351,982,19,33,45,4
S01003588,Robroyston and Millerston,North East,Glasgow Springburn,1908,1144,1582,1032,48,3,10,5
S01003076,Carnwadric West,Newlands/Auldburn,Glasgow Cathcart,2103,2864,2641,1090,66,82,63,6
S01003394,Easterhouse East,North East,Glasgow Baillieston,1711,1585,1834,1097,41,14,16,7
S01003193,Baillieston East,Baillieston,Glasgow Baillieston,1011,1873,1347,1104,10,24,6,8
S01003209,Mosspark,Craigton,Glasgow Pollok,4136,2622,1587,1174,276,66,11,9
S01003025,Carmunnock South,Linn,Glasgow Cathcart,3166,2172,1120,1176,163,41,2,10
S01003031,Glenwood South,Linn,Glasgow Cathcart,1276,2406,3015,1245,18,51,84,11
S01003229,Pollokshields West,Pollokshields,Glasgow Govan,842,2728,2168,1295,4,75,30,12
S01003037,Darnley West,Greater Pollok,Glasgow Pollok,3114,1005,1288,1363,158,2,4,13
S01003502,"Garthamlock, Auchinlea and Gartloch",North East,Glasgow Baillieston,1257,1496,1557,1368,17,9,9,14
S01003203,Mosspark,Craigton,Glasgow Pollok,3273,2662,1957,1409,170,72,22,15
S01003026,Carmunnock South,Linn,Glasgow Cathcart,2005,2610,1738,1461,58,65,15,16
S01003405,Easterhouse East,North East,Glasgow Baillieston,1884,2286,2823,1479,47,46,71,17
S01003669,Milton West,Canal,Glasgow Maryhill,2481,2137,2170,1494,93,39,31,18
S01003686,Summerston Central and West,Maryhill/Kelvin,Glasgow Maryhill,2774,1645,1872,1663,124,17,17,19
S01003656,Maryhill East,Maryhill/Kelvin,Glasgow Maryhill,3778,1726,2215,1667,228,19,35,20
S01003701,Blairdardie East,Drumchapel/Anniesland,Glasgow Anniesland,1445,1875,2562,1703,24,25,59,21
S01003350,Penilee,Craigton,Glasgow Pollok,2021,2956,3496,1760,59,90,123,22
S01003158,Toryglen and Oatlands,Southside Central,Glasgow Rutherglen,3453,2201,4107,1773,187,44,200,23
S01003660,Robroyston and Millerston,North East,Glasgow Springburn,873,1658,2086,1805,5,18,24,24
S01003696,Blairdardie East,Drumchapel/Anniesland,Glasgow Anniesland,2261,1801,1935,1817,77,23,19,25
S01003718,Drumry East,Drumchapel/Anniesland,Glasgow Anniesland,2750,3535,2237,1822,120,153,37,26
S01003666,Milton West,Canal,Glasgow Maryhill,3396,3501,3588,1875,184,150,136,27
S01003344,Penilee,Craigton,Glasgow Pollok,2129,3412,3954,1884,68,136,169,28
S01003202,Toryglen and Oatlands,Southside Central,Glasgow Shettleston,2188,1990,2210,1889,73,31,34,29
S01003613,Robroyston and Millerston,North East,Glasgow Springburn,1607,1479,1899,1925,33,8,18,30
S01003145,Carmyle and Mount Vernon South,Shettleston,Glasgow Baillieston,2461,2577,2147,1951,91,62,28,31
S01003082,Nitshill,Greater Pollok,Glasgow Pollok,5547,3076,3086,1957,472,103,91,32
S01003257,Pollokshields West,Pollokshields,Glasgow Govan,1138,3897,3498,1962,16,187,124,33
S01003374,Barlanark,Baillieston,Glasgow Baillieston,2779,3446,4901,1968,126,143,333,34
S01003715,Drumry West,Drumchapel/Anniesland,Glasgow Anniesland,1937,3908,2833,1969,53,190,72,35
S01003308,Penilee,Craigton,Glasgow Pollok,2507,3780,4120,1973,95,178,202,36
S01003250,Mosspark,Craigton,Glasgow Pollok,3909,3463,2300,2000,250,145,41,37
S01003699,Summerston Central and West,Maryhill/Kelvin,Glasgow Maryhill,827,778,1106,2001,3,1,1,38
S01003550,Robroyston and Millerston,North East,Glasgow Springburn,3008,2567,2109,2008,141,60,25,39
S01003693,Blairdardie East,Drumchapel/Anniesland,Glasgow Anniesland,2208,1731,2064,2031,75,20,23,40
S01003178,Mosspark,Craigton,Glasgow Pollok,976,2300,1942,2040,8,48,20,41
S01003317,Barlanark,Baillieston,Glasgow Baillieston,3300,2601,2864,2045,174,64,75,42
S01003330,Garrowhill East and Swinton,Baillieston,Glasgow Baillieston,3074,2465,2506,2051,153,52,53,43
S01003415,City Centre East,Anderston/City,Glasgow Kelvin,689,4782,3663,2076,1,313,147,44
S01003062,Darnley North,Greater Pollok,Glasgow Pollok,2885,1373,1684,2090,133,7,14,45
S01003214,Baillieston West,Baillieston,Glasgow Baillieston,2400,2193,2185,2098,86,42,32,46
S01003242,Kingston West and Dumbreck,Govan,Glasgow Govan,2736,3611,2425,2114,119,162,49,47
S01003212,Mount Vernon North and Sandyhills,Baillieston,Glasgow Baillieston,4532,2038,2354,2126,321,34,46,48
S01003607,Balornock,North East,Glasgow Springburn,1998,2658,2798,2135,57,71,70,49
S01003041,Darnley West,Greater Pollok,Glasgow Pollok,2712,1512,1274,2183,117,10,3,50
S01003695,Summerston North,Maryhill/Kelvin,Glasgow Maryhill,2304,1199,2428,2196,80,4,50,51
S01003681,Knightswood Park West,Garscadden/Scotstounhill,Glasgow Anniesland,5650,1767,2156,2198,492,21,29,52
S01003359,Garrowhill East and Swinton,Baillieston,Glasgow Baillieston,2452,2672,2187,2200,90,73,33,53
S01003653,Milton West,Canal,Glasgow Maryhill,2538,3345,4160,2252,101,127,213,54
S01003670,Maryhill East,Maryhill/Kelvin,Glasgow Maryhill,4540,1885,2720,2282,322,27,67,55
S01003109,Merrylee and Millbrae,Newlands/Auldburn,Glasgow Cathcart,3168,2551,2545,2297,164,59,57,56
S01003083,Nitshill,Greater Pollok,Glasgow Pollok,3551,2156,2589,2310,199,40,61,57
S01003058,Darnley West,Greater Pollok,Glasgow Pollok,4961,2628,2390,2325,387,68,48,58
S01003646,Knightswood Park East,Garscadden/Scotstounhill,Glasgow Anniesland,3295,2530,2911,2332,173,57,80,59
S01003641,Robroyston and Millerston,North East,Glasgow Springburn,1620,1790,2883,2336,34,22,76,60
S01003657,Milton East,Canal,Glasgow Maryhill,2652,3762,4209,2341,112,174,220,61
S01003680,Milton East,Canal,Glasgow Maryhill,3039,4184,4066,2394,148,220,188,62
S01003626,Robroyston and Millerston,North East,Glasgow Springburn,1912,1314,3024,2396,49,6,85,63
S01003705,Drumchapel South,Drumchapel/Anniesland,Glasgow Anniesland,2319,3356,4065,2400,81,129,187,64
S01003195,Carmyle and Mount Vernon South,Shettleston,Glasgow Baillieston,2286,1928,2338,2404,79,29,44,65
S01003376,Barlanark,Baillieston,Glasgow Baillieston,3340,4296,4767,2414,181,237,307,66
S01003360,Barlanark,Baillieston,Glasgow Baillieston,2983,2858,3224,2419,136,81,99,67
S01003032,Glenwood South,Linn,Glasgow Cathcart,1587,2947,3869,2427,32,88,160,68
S01003233,Mount Vernon North and Sandyhills,Shettleston,Glasgow Baillieston,3216,2570,2594,2433,167,61,62,69
S01003661,Anniesland East,Maryhill/Kelvin,Glasgow Anniesland,1996,1532,2217,2470,56,11,36,70
S01003708,Drumchapel North,Drumchapel/Anniesland,Glasgow Anniesland,2426,3546,4433,2479,87,155,255,71
S01003591,Kelvinside and Jordanhill,Partick West,Glasgow Anniesland,1696,3162,3352,2482,39,114,108,72
S01003672,Milton East,Canal,Glasgow Maryhill,2997,5633,5529,2483,138,453,445,73
S01003046,Glenwood North,Linn,Glasgow Cathcart,1541,1964,2122,2487,31,30,26,74
S01003204,Pollok North and East,Craigton,Glasgow Pollok,959,3140,3452,2496,7,112,121,75
S01003077,Carnwadric East,Newlands/Auldburn,Glasgow Cathcart,1990,2961,3379,2501,54,92,113,76
S01003110,Merrylee and Millbrae,Newlands/Auldburn,Glasgow Cathcart,3078,3307,3432,2508,154,124,117,77
S01003107,Crookston South,Greater Pollok,Glasgow Pollok,3012,2542,3293,2522,144,58,106,78
S01003456,Central Easterhouse,North East,Glasgow Baillieston,3969,3071,2661,2524,257,102,65,79
S01003332,Barlanark,Baillieston,Glasgow Baillieston,3853,4057,4282,2532,244,208,231,80
S01003674,Knightswood East,Garscadden/Scotstounhill,Glasgow Anniesland,5809,1879,3046,2544,524,26,88,81
S01003624,Possil Park,Canal,Glasgow Maryhill,2203,3711,4453,2568,74,168,258,82
S01003081,Carnwadric West,Newlands/Auldburn,Glasgow Cathcart,2614,3030,2955,2577,108,97,82,83
S01003623,Kelvindale,Maryhill/Kelvin,Glasgow Anniesland,2799,4424,3358,2586,127,262,109,84
S01003664,Maryhill East,Maryhill/Kelvin,Glasgow Maryhill,3768,3066,2656,2587,226,101,64,85
S01003476,"Garthamlock, Auchinlea and Gartloch",North East,Glasgow Baillieston,2375,3763,2925,2596,85,175,81,86
S01003230,Mosspark,Craigton,Glasgow Pollok,4018,4038,2964,2598,266,205,83,87
S01003694,Blairdardie West,Drumchapel/Anniesland,Glasgow Anniesland,2668,3627,3682,2599,114,163,149,88
S01003043,Glenwood North,Linn,Glasgow Cathcart,1636,1992,2313,2601,35,32,42,89
S01003323,Garrowhill West,Baillieston,Glasgow Baillieston,4627,3175,3064,2603,336,118,90,90
S01003436,Drumoyne and Shieldhall,Govan,Glasgow Govan,1756,2630,2794,2620,43,69,69,91
S01003123,Pollok South and West,Greater Pollok,Glasgow Pollok,1525,1582,2484,2648,30,12,51,92
S01003181,Pollok North and East,Craigton,Glasgow Pollok,1802,3440,3368,2656,44,141,111,93
S01003119,Kingspark North,Langside,Glasgow Rutherglen,3562,4346,4019,2688,201,247,179,94
S01003210,Maxwell Park,Pollokshields,Glasgow Govan,4574,5751,5106,2689,326,477,372,95
S01003677,Milton East,Canal,Glasgow Maryhill,3703,5682,5488,2693,215,461,437,96
S01003341,Garrowhill East and Swinton,Baillieston,Glasgow Baillieston,4669,3155,2135,2694,343,113,27,97
S01003029,Carmunnock South,Linn,Glasgow Cathcart,1432,2381,2289,2700,22,50,39,98
S01003414,Easterhouse East,North East,Glasgow Baillieston,2756,4056,4092,2709,121,207,196,99
S01003343,Barlanark,Baillieston,Glasgow Baillieston,3796,4108,4012,2722,232,213,178,100
S01003038,Darnley West,Greater Pollok,Glasgow Pollok,4066,3017,1416,2726,268,95,7,101
S01003042,Glenwood North,Linn,Glasgow Cathcart,1296,2126,3208,2731,20,38,97,102
S01003093,Newlands,Newlands/Auldburn,Glasgow Cathcart,2543,4843,4423,2741,103,321,252,103
S01003170,Maxwell Park,Pollokshields,Glasgow Govan,3828,5011,4243,2757,240,348,226,104
S01003645,Knightswood Park West,Garscadden/Scotstounhill,Glasgow Anniesland,4527,3396,3718,2763,320,134,152,105
S01003717,Drumry East,Drumchapel/Anniesland,Glasgow Anniesland,3095,4085,3673,2820,155,212,148,106
S01003180,Shettleston South,Shettleston,Glasgow Shettleston,1490,1903,2379,2830,28,28,47,107
S01003690,Knightswood Park West,Drumchapel/Anniesland,Glasgow Anniesland,3060,2624,3055,2834,152,67,89,108
S01003638,Kelvindale,Maryhill/Kelvin,Glasgow Anniesland,2187,2898,2863,2847,72,86,74,109
S01003621,Possil Park,Canal,Glasgow Maryhill,4336,3478,4226,2858,295,148,223,110
S01003224,Mount Vernon North and Sandyhills,Shettleston,Glasgow Baillieston,3189,3164,2532,2890,166,116,56,111
S01003080,Kingspark South,Linn,Glasgow Cathcart,3383,5047,4907,2895,183,353,335,112
S01003390,North Barlanark and Easterhouse South,Baillieston,Glasgow Baillieston,3274,4210,3941,2897,171,227,167,113
S01003711,Drumchapel North,Drumchapel/Anniesland,Glasgow Anniesland,1918,2825,3566,2904,51,79,132,114
S01003197,Mount Vernon North and Sandyhills,Shettleston,Glasgow Baillieston,4474,2294,2523,2908,313,47,54,115
S01003632,Anniesland East,Maryhill/Kelvin,Glasgow Anniesland,4311,4119,4825,2916,293,215,320,116
S01003226,Braidfauld,Calton,Glasgow Shettleston,3594,2745,2905,2918,205,77,78,117
S01003339,Hillington,Craigton,Glasgow Pollok,4387,3902,4058,2940,303,188,184,118
S01003215,Pollok North and East,Craigton,Glasgow Pollok,1481,3846,4426,2945,27,182,253,119
S01003629,Possil Park,Canal,Glasgow Maryhill,4181,3425,3969,2964,283,138,171,120
S01003549,Petershill,Springburn,Glasgow Springburn,3690,3590,3643,2982,213,159,142,121
S01003634,Balornock,North East,Glasgow Springburn,3104,3767,3556,2989,156,177,130,122
S01003259,Baillieston East,Baillieston,Glasgow Baillieston,3973,2828,2561,3003,258,80,58,123
S01003027,Darnley East,Greater Pollok,Glasgow Pollok,1107,2521,1641,3021,14,55,13,124
S01003692,Blairdardie East,Drumchapel/Anniesland,Glasgow Anniesland,3231,2968,3150,3035,168,94,95,125
S01003302,Laurieston and Tradeston,Southside Central,Glasgow Shettleston,3844,5268,4716,3042,242,388,301,126
S01003447,City Centre East,Anderston/City,Glasgow Kelvin,812,4905,3800,3044,2,328,157,127
S01003649,Springburn East and Cowlairs,Canal,Glasgow Maryhill,2101,3914,4217,3050,65,191,221,128
S01003483,Craigend and Ruchazie,North East,Glasgow Baillieston,3049,3888,3087,3063,150,186,92,129
S01003662,Knightswood Park West,Garscadden/Scotstounhill,Glasgow Anniesland,4187,2953,3121,3085,284,89,94,130
S01003219,Mosspark,Craigton,Glasgow Pollok,3501,4312,3114,3090,192,243,93,131
S01003516,Blackhill and Barmulloch East,North East,Glasgow Springburn,3040,2529,2329,3098,149,56,43,132
S01003159,Toryglen and Oatlands,Southside Central,Glasgow Rutherglen,2448,3128,4003,3101,89,109,177,133
S01003616,Robroyston and Millerston,North East,Glasgow Springburn,1491,1608,4064,3102,29,15,186,134
S01003655,Balornock,North East,Glasgow Springburn,3502,4256,4339,3104,193,232,239,135
S01003435,Central Easterhouse,North East,Glasgow Baillieston,4750,3041,2569,3107,355,99,60,136
S01003337,Old Shettleston and Parkhead North,East Centre,Glasgow Baillieston,4106,2880,3894,3117,272,84,163,137
S01003097,Crookston South,Greater Pollok,Glasgow Pollok,3334,2741,3995,3126,179,76,176,138
S01003528,"Garthamlock, Auchinlea and Gartloch",North East,Glasgow Baillieston,1826,2710,2529,3129,45,74,55,139
S01003050,Carmunnock North,Linn,Glasgow Cathcart,3608,5554,4604,3130,207,437,282,140
S01003452,Riddrie and Hogganfield,East Centre,Glasgow Springburn,3418,3173,5096,3150,186,117,369,141
S01003311,Garrowhill West,Baillieston,Glasgow Baillieston,5790,3441,3562,3155,521,142,131,142
S01003231,Baillieston West,Baillieston,Glasgow Baillieston,3959,3729,3264,3158,255,172,104,143
S01003689,Blairdardie East,Drumchapel/Anniesland,Glasgow Anniesland,2633,2311,2904,3162,109,49,77,144
S01003697,Blairdardie West,Drumchapel/Anniesland,Glasgow Anniesland,2468,3469,4247,3167,92,146,227,145
S01003716,Drumchapel North,Drumchapel/Anniesland,Glasgow Anniesland,3912,3309,3442,3170,251,125,118,146
S01003467,Craigend and Ruchazie,North East,Glasgow Baillieston,3484,4205,3448,3174,191,226,120,147
S01003650,Maryhill West,Maryhill/Kelvin,Glasgow Maryhill,4978,4332,4106,3182,388,246,199,148
S01003486,Riddrie and Hogganfield,North East,Glasgow Springburn,4286,4015,2299,3183,290,203,40,149
S01003419,Craigend and Ruchazie,East Centre,Glasgow Baillieston,2869,4262,3574,3195,131,233,133,150
S01003208,Braidfauld,Calton,Glasgow Shettleston,3985,3117,3418,3196,261,107,115,151
S01003090,Merrylee and Millbrae,Newlands/Auldburn,Glasgow Cathcart,2729,3243,3042,3213,118,122,87,152
S01003399,City Centre East,Anderston/City,Glasgow Kelvin,1059,5815,4076,3228,11,495,191,153
S01003092,Carnwadric East,Newlands/Auldburn,Glasgow Cathcart,2124,2913,3210,3258,67,87,98,154
S01003184,Pollok North and East,Craigton,Glasgow Pollok,2514,3403,3265,3275,97,135,105,155
S01003155,Pollok South and West,Greater Pollok,Glasgow Pollok,1916,3378,4311,3302,50,131,234,156
S01003428,"Cranhill, Lightburn and Queenslie South",East Centre,Glasgow Baillieston,3748,4768,3749,3304,221,308,155,157
S01003488,"Roystonhill, Blochairn, and Provanmill",Springburn,Glasgow Springburn,3160,3484,2499,3306,162,149,52,158
S01003569,Victoria Park,Partick West,Glasgow Anniesland,4217,4082,3514,3323,285,211,127,159
S01003381,Carntyne West and Haghill,East Centre,Glasgow Springburn,2836,3026,4649,3326,129,96,285,160
S01003636,Milton West,Canal,Glasgow Maryhill,4313,3417,4185,3347,294,137,215,161
S01003060,Glenwood North,Linn,Glasgow Cathcart,1480,2814,3309,3352,26,78,107,162
S01003053,Darnley North,Greater Pollok,Glasgow Pollok,994,2647,3617,3354,9,70,138,163
S01003321,Garrowhill East and Swinton,Baillieston,Glasgow Baillieston,5205,3042,2853,3375,425,100,73,164
S01003186,Maxwell Park,Pollokshields,Glasgow Govan,4653,5461,4503,3384,338,427,265,165
S01003352,Barlanark,Baillieston,Glasgow Baillieston,5460,4677,4509,3396,461,296,267,166
S01003706,Drumchapel South,Drumchapel/Anniesland,Glasgow Anniesland,3718,3813,4333,3410,218,180,237,167
S01003698,Blairdardie West,Drumchapel/Anniesland,Glasgow Anniesland,4015,4299,4068,3419,265,239,189,168
S01003334,Penilee,Craigton,Glasgow Pollok,4689,5274,5006,3430,348,390,353,169
S01003640,Milton West,Canal,Glasgow Maryhill,3715,3097,4464,3435,217,105,259,170
S01003345,Hillington,Craigton,Glasgow Pollok,5054,4912,4807,3436,403,331,314,171
S01003704,Drumry West,Drumchapel/Anniesland,Glasgow Anniesland,3976,5260,4810,3462,259,386,315,172
S01003095,Newlands,Newlands/Auldburn,Glasgow Cathcart,3776,3933,3874,3491,227,194,162,173
S01003162,Carmyle and Mount Vernon South,Shettleston,Glasgow Baillieston,3966,3866,4046,3494,256,184,181,174
S01003318,Garrowhill East and Swinton,Baillieston,Glasgow Baillieston,5084,3525,3578,3515,411,152,134,175
S01003221,Cardonald South and East,Craigton,Glasgow Pollok,3010,4375,3872,3527,142,252,161,176
S01003628,Balornock,North East,Glasgow Springburn,3726,4276,4632,3536,219,235,284,177
S01003643,Maryhill West,Maryhill/Kelvin,Glasgow Maryhill,5014,3678,3553,3545,395,166,129,178
S01003335,"Calton, Gallowgate and Bridgeton",Calton,Glasgow Shettleston,1704,5254,3859,3564,40,384,159,179
S01003303,Laurieston and Tradeston,Govan,Glasgow Govan,3579,4919,4817,3565,202,332,317,180
S01003279,Parkhead West and Barrowfield,Calton,Glasgow Shettleston,3706,4411,3579,3579,216,260,135,181
S01003274,Laurieston and Tradeston,Southside Central,Glasgow Shettleston,2563,4774,4698,3584,104,312,296,182
S01003127,Kingspark North,Langside,Glasgow Rutherglen,4870,3967,4786,3591,373,197,311,183
S01003620,Kelvindale,Maryhill/Kelvin,Glasgow Anniesland,2849,4156,3975,3613,130,219,173,184
S01003194,Braidfauld,Shettleston,Glasgow Shettleston,2594,3129,3982,3616,105,110,174,185
S01003120,Pollok South and West,Greater Pollok,Glasgow Pollok,2049,2196,3445,3632,61,43,119,186
S01003443,"Roystonhill, Blochairn, and Provanmill",Springburn,Glasgow Springburn,2511,4517,5011,3633,96,272,354,187
S01003700,Summerston North,Maryhill/Kelvin,Glasgow Maryhill,1738,1617,2280,3638,42,16,38,188
S01003372,"Cranhill, Lightburn and Queenslie South",Baillieston,Glasgow Baillieston,3979,3598,3365,3643,260,160,110,189
S01003085,Cathcart,Linn,Glasgow Cathcart,4598,3904,4063,3645,330,189,185,190
S01003034,Darnley East,Greater Pollok,Glasgow Pollok,2691,3037,3182,3647,115,98,96,191
S01003289,Parkhead East and Braidfauld North,Shettleston,Glasgow Shettleston,4850,5379,5067,3651,369,413,365,192
S01003665,Maryhill East,Maryhill/Kelvin,Glasgow Maryhill,4542,4423,3245,3658,323,261,102,193
S01003368,Gallowgate North and Bellgrove,Calton,Glasgow Shettleston,1060,5378,3641,3660,12,412,141,194
S01003560,Broomhill,Partick West,Glasgow Kelvin,5908,5298,3729,3661,544,395,153,195
S01003583,Blackhill and Barmulloch East,North East,Glasgow Springburn,4515,4984,4831,3664,318,344,321,196
S01003068,Carmunnock North,Linn,Glasgow Cathcart,3783,3567,3232,3676,229,156,101,197
S01003597,Kelvinside and Jordanhill,Partick West,Glasgow Anniesland,5602,4665,4863,3694,484,293,326,198
S01003714,Drumchapel North,Drumchapel/Anniesland,Glasgow Anniesland,3327,3106,3935,3706,178,106,166,199
S01003088,Nitshill,Greater Pollok,Glasgow Pollok,3519,1583,2747,3710,195,13,68,200
S01003606,Springburn,Springburn,Glasgow Springburn,3335,5232,4238,3718,180,380,224,201
S01003615,Yoker South,Garscadden/Scotstounhill,Glasgow Anniesland,4672,5408,5244,3720,344,420,392,202
S01003358,City Centre East,Anderston/City,Glasgow Kelvin,2371,5778,4978,3726,83,482,348,203
S01003071,Muirend and Old Cathcart,Newlands/Auldburn,Glasgow Cathcart,2164,3392,2908,3733,70,133,79,204
S01003587,Kelvinside and Jordanhill,Partick West,Glasgow Anniesland,4656,4426,4033,3747,340,263,180,205
S01003074,Newlands,Newlands/Auldburn,Glasgow Cathcart,3133,3984,3852,3769,161,200,158,206
S01003691,Summerston Central and West,Maryhill/Kelvin,Glasgow Maryhill,1437,1201,1948,3781,23,5,21,207
S01003401,"Cranhill, Lightburn and Queenslie South",East Centre,Glasgow Baillieston,2656,3929,4658,3792,113,193,288,208
S01003237,Baillieston West,Baillieston,Glasgow Baillieston,5122,4760,4560,3804,414,306,278,209
S01003249,Parkhead East and Braidfauld North,Shettleston,Glasgow Shettleston,3624,3599,3651,3807,210,161,144,210
S01003625,Wyndford,Maryhill/Kelvin,Glasgow Maryhill,5346,3709,4468,3808,449,167,260,211
S01003245,Gorbals and Hutchesontown,Southside Central,Glasgow Shettleston,2486,4131,4048,3813,94,216,182,212
S01003113,Kingspark North,Langside,Glasgow Rutherglen,5203,4300,4261,3832,423,240,228,213
S01003461,Riddrie and Hogganfield,East Centre,Glasgow Springburn,4732,3940,4169,3838,353,195,214,214
S01003523,Craigend and Ruchazie,North East,Glasgow Baillieston,3809,3540,3420,3853,237,154,116,215
S01003073,Kingspark South,Linn,Glasgow Cathcart,4604,5601,5388,3864,331,449,421,216
S01003421,"Cranhill, Lightburn and Queenslie South",East Centre,Glasgow Baillieston,4911,4452,3654,3884,378,266,145,217
S01003258,Baillieston West,Baillieston,Glasgow Baillieston,4419,4200,4535,3893,307,225,273,218
S01003527,Victoria Park,Partick West,Glasgow Anniesland,5214,4574,3370,3906,428,280,112,219
S01003602,Balornock,North East,Glasgow Springburn,3023,3353,3959,3912,147,128,170,220
S01003592,Ruchill,Canal,Glasgow Maryhill,3556,4750,4939,3915,200,305,342,221
S01003577,Barmulloch,North East,Glasgow Springburn,3889,3722,4146,3916,248,171,208,222
S01003379,North Barlanark and Easterhouse South,Baillieston,Glasgow Baillieston,2341,5102,5118,3918,82,365,374,223
S01003413,"Cranhill, Lightburn and Queenslie South",East Centre,Glasgow Baillieston,3401,4196,3624,3928,185,224,139,224
S01003354,Old Shettleston and Parkhead North,East Centre,Glasgow Baillieston,4225,3434,3229,3932,286,140,100,225
S01003100,Newlands,Newlands/Auldburn,Glasgow Cathcart,5068,4311,4715,3936,407,242,300,226
S01003541,Petershill,Springburn,Glasgow Springburn,2636,3431,3504,3942,110,139,125,227
S01003051,Darnley North,Greater Pollok,Glasgow Pollok,4001,2271,2712,3961,264,45,66,228
S01003630,Knightswood Park West,Garscadden/Scotstounhill,Glasgow Anniesland,4700,4374,5123,3976,350,251,375,229
S01003122,Toryglen and Oatlands,Southside Central,Glasgow Rutherglen,4859,5085,4883,3977,372,361,328,230
S01003703,Drumchapel South,Drumchapel/Anniesland,Glasgow Anniesland,3623,5131,4722,3978,209,368,302,231
S01003663,Maryhill West,Maryhill/Kelvin,Glasgow Maryhill,4886,3980,3658,3984,375,198,146,232
S01003533,Petershill,Springburn,Glasgow Springburn,1993,3382,3515,3986,55,132,128,233
S01003247,Parkhead East and Braidfauld North,Calton,Glasgow Shettleston,5622,4692,4444,3999,488,298,256,234
S01003458,"Roystonhill, Blochairn, and Provanmill",Springburn,Glasgow Springburn,2769,4390,3026,4005,123,256,86,235
S01003357,Ibrox,Govan,Glasgow Govan,6481,4625,4553,4006,685,286,276,236
S01003366,City Centre East,Anderston/City,Glasgow Kelvin,1658,5662,4318,4018,37,457,235,237
S01003272,Gorbals and Hutchesontown,Southside Central,Glasgow Shettleston,3700,4513,4725,4020,214,271,303,238
S01003489,Blackhill and Barmulloch East,North East,Glasgow Springburn,3924,5178,3926,4024,253,373,165,239
S01003388,Ibrox,Govan,Glasgow Govan,5213,4967,3913,4034,427,340,164,240
S01003099,Nitshill,Greater Pollok,Glasgow Pollok,4940,3577,4083,4035,382,157,193,241
S01003199,Shettleston South,Shettleston,Glasgow Shettleston,3004,3646,4087,4065,140,165,194,242
S01003651,Knightswood Park East,Garscadden/Scotstounhill,Glasgow Anniesland,4237,3581,3947,4070,288,158,168,243
S01003398,Easterhouse East,North East,Glasgow Baillieston,4163,4648,4403,4078,278,292,249,244
S01003462,"Garthamlock, Auchinlea and Gartloch",North East,Glasgow Baillieston,6314,5100,4899,4084,630,364,332,245
S01003631,Knightswood Park East,Garscadden/Scotstounhill,Glasgow Anniesland,4367,3629,3646,4111,301,164,143,246
S01003216,Cardonald West and Central,Craigton,Glasgow Pollok,3000,4195,4399,4116,139,223,248,247
S01003515,Blackhill and Barmulloch East,North East,Glasgow Springburn,4821,5305,4922,4118,365,398,338,248
S01003652,Maryhill East,Maryhill/Kelvin,Glasgow Maryhill,5046,4565,3390,4123,401,279,114,249
S01003387,Carntyne West and Haghill,East Centre,Glasgow Springburn,6380,6002,5681,4127,650,533,470,250
S01003365,Ibrox,Govan,Glasgow Govan,6366,4789,4147,4136,643,315,209,251
S01003548,Barmulloch,Springburn,Glasgow Springburn,3989,4629,4123,4143,263,288,203,252
S01003292,Garrowhill West,Baillieston,Glasgow Baillieston,5920,3799,4451,4175,546,179,257,253
S01003589,Kelvindale,Maryhill/Kelvin,Glasgow Anniesland,2539,4931,4242,4179,102,335,225,254
S01003576,Kelvinside and Jordanhill,Hillhead,Glasgow Kelvin,4084,4929,4700,4180,270,334,297,255
S01003061,Carmunnock North,Linn,Glasgow Cathcart,3751,5584,5049,4183,222,446,361,256
S01003169,Pollok South and West,Greater Pollok,Glasgow Pollok,2170,3231,4206,4190,71,120,219,257
S01003667,Yoker North,Garscadden/Scotstounhill,Glasgow Anniesland,3823,3083,3599,4200,239,104,137,258
S01003035,Glenwood South,Linn,Glasgow Cathcart,1075,2966,3507,4207,13,93,126,259
S01003084,Nitshill,Greater Pollok,Glasgow Pollok,3789,3130,4221,4208,230,111,222,260
S01003277,Baillieston East,Baillieston,Glasgow Baillieston,4957,3920,4151,4213,386,192,210,261
S01003164,Battlefield,Southside Central,Glasgow Shettleston,4804,5712,5307,4215,363,469,403,262
S01003460,Hillhead,Partick West,Glasgow Kelvin,5238,6045,5392,4219,430,542,422,263
S01003072,Carnwadric West,Newlands/Auldburn,Glasgow Cathcart,3843,4215,4911,4222,241,228,336,264
S01003280,Kingston West and Dumbreck,Govan,Glasgow Govan,4438,5283,5517,4225,309,392,443,265
S01003225,Gorbals and Hutchesontown,Southside Central,Glasgow Shettleston,2432,4603,4769,4235,88,285,308,266
S01003269,Parkhead East and Braidfauld North,Shettleston,Glasgow Shettleston,6269,5985,5672,4236,620,525,465,267
S01003567,Cowlairs and Port Dundas,Canal,Glasgow Maryhill,2991,5057,5576,4243,137,354,451,268
S01003675,Anniesland East,Drumchapel/Anniesland,Glasgow Anniesland,5944,5198,4964,4245,549,374,347,269
S01003201,Dalmarnock,Calton,Glasgow Shettleston,5729,4729,4869,4251,514,303,327,270
S01003608,Yoker South,Garscadden/Scotstounhill,Glasgow Anniesland,4846,5351,5332,4258,368,408,409,271
S01003683,Blairdardie East,Garscadden/Scotstounhill,Glasgow Anniesland,4757,3233,4057,4259,358,121,183,272
S01003069,Carnwadric East,Newlands/Auldburn,Glasgow Cathcart,4681,3208,3246,4261,346,119,103,273
S01003712,Drumry West,Drumchapel/Anniesland,Glasgow Anniesland,3602,5322,5034,4265,206,402,357,274
S01003286,Kingston West and Dumbreck,Pollokshields,Glasgow Govan,2046,4934,4193,4267,60,336,217,275
S01003618,Knightswood Park East,Garscadden/Scotstounhill,Glasgow Anniesland,3792,3983,4380,4269,231,199,245,276
S01003492,Cowlairs and Port Dundas,Springburn,Glasgow Springburn,1456,4373,4499,4271,25,250,263,277
S01003328,"Calton, Gallowgate and Bridgeton",Calton,Glasgow Shettleston,1837,5313,4101,4272,46,401,198,278
S01003094,Merrylee and Millbrae,Newlands/Auldburn,Glasgow Cathcart,3807,4320,4142,4273,236,245,207,279
S01003596,Wyndford,Maryhill/Kelvin,Glasgow Maryhill,4676,4555,4823,4291,345,276,319,280
S01003260,Mount Vernon North and Sandyhills,Shettleston,Glasgow Baillieston,4950,3947,4091,4295,384,196,195,281
S01003182,Pollok North and East,Greater Pollok,Glasgow Pollok,3179,3764,4326,4299,165,176,236,282
S01003654,Yoker North,Garscadden/Scotstounhill,Glasgow Anniesland,4881,3714,4138,4306,374,169,205,283
S01003512,Craigend and Ruchazie,North East,Glasgow Baillieston,4342,3461,3487,4328,297,144,122,284
S01003687,Milton East,Canal,Glasgow Maryhill,2062,5457,5745,4332,63,426,484,285
S01003234,Pollokshields West,Pollokshields,Glasgow Govan,3804,4960,4654,4333,235,339,287,286
S01003594,Kelvindale,Maryhill/Kelvin,Glasgow Anniesland,3916,5393,4531,4343,252,416,272,287
S01003599,Possil Park,Canal,Glasgow Maryhill,5018,4303,4384,4367,397,241,246,288
S01003427,Carntyne,East Centre,Glasgow Springburn,5013,4360,4731,4368,394,248,304,289
S01003086,Newlands,Newlands/Auldburn,Glasgow Cathcart,3011,4216,4152,4378,143,229,211,290
S01003167,Pollok South and West,Greater Pollok,Glasgow Pollok,3949,3831,4595,4381,254,181,281,291
S01003300,Baillieston East,Baillieston,Glasgow Baillieston,6126,4667,4476,4389,584,294,261,292
S01003244,Baillieston East,Baillieston,Glasgow Baillieston,5170,4546,4365,4394,420,274,242,293
S01003505,Sighthill,Springburn,Glasgow Springburn,2520,3854,5035,4399,98,183,358,294
S01003644,Springburn,Springburn,Glasgow Springburn,3019,3330,3991,4404,145,126,175,295
S01003117,Battlefield,Langside,Glasgow Cathcart,5670,4770,4284,4406,496,310,232,296
S01003373,City Centre West,Anderston/City,Glasgow Kelvin,4381,6047,5020,4409,302,544,355,297
S01003177,Strathbungo,Pollokshields,Glasgow Govan,5948,5948,5703,4411,550,519,475,298
S01003581,Ruchill,Canal,Glasgow Maryhill,5156,5571,5306,4427,417,443,402,299
S01003551,Petershill,Springburn,Glasgow Springburn,4772,4153,4574,4435,361,218,279,300
S01003557,Barmulloch,North East,Glasgow Springburn,5661,4149,4781,4438,494,217,310,301
S01003246,Shettleston North,Shettleston,Glasgow Shettleston,3059,4115,4095,4439,151,214,197,302
S01003291,Penilee,Craigton,Glasgow Pollok,5077,4749,5825,4447,409,304,498,303
S01003553,Keppochhill,Canal,Glasgow Maryhill,4082,4404,4584,4456,269,258,280,304
S01003538,Blackhill and Barmulloch East,North East,Glasgow Springburn,4625,4394,5133,4467,334,257,379,305
S01003679,Knightswood West,Garscadden/Scotstounhill,Glasgow Anniesland,4525,2076,5048,4472,319,36,360,306
S01003713,Drumry East,Drumchapel/Anniesland,Glasgow Anniesland,5034,5208,5430,4480,399,378,428,307
S01003540,Keppochhill,Canal,Glasgow Maryhill,3754,4521,4502,4481,224,273,264,308
S01003684,Blairdardie East,Drumchapel/Anniesland,Glasgow Anniesland,4491,4187,4272,4486,315,221,229,309
S01003148,Carmyle and Mount Vernon South,Shettleston,Glasgow Baillieston,3583,4429,4159,4499,203,264,212,310
S01003066,Muirend and Old Cathcart,Linn,Glasgow Cathcart,3131,4906,4691,4502,160,329,293,311
S01003325,Hillington,Craigton,Glasgow Pollok,6237,5970,5972,4507,609,523,533,312
S01003218,Cardonald South and East,Craigton,Glasgow Pollok,3543,4699,4127,4508,198,299,204,313
S01003573,Springburn,Springburn,Glasgow Springburn,5421,5405,4742,4511,458,419,305,314
S01003063,Castlemilk,Linn,Glasgow Cathcart,3797,5097,4905,4512,233,363,334,315
S01003347,Carntyne West and Haghill,Calton,Glasgow Shettleston,5148,5335,4850,4514,416,405,325,316
S01003578,Barmulloch,North East,Glasgow Springburn,5923,5107,5264,4519,547,366,396,317
S01003539,Broomhill,Partick West,Glasgow Kelvin,6063,5849,4075,4523,570,505,190,318
S01003404,"Cranhill, Lightburn and Queenslie South",East Centre,Glasgow Baillieston,4761,4054,3755,4525,359,206,156,319
S01003252,Baillieston West,Baillieston,Glasgow Baillieston,5564,3123,3974,4527,476,108,172,320
S01003617,Wyndford,Maryhill/Kelvin,Glasgow Maryhill,5596,4388,4932,4537,482,255,340,321
S01003612,Anniesland East,Maryhill/Kelvin,Glasgow Anniesland,5756,4876,4925,4547,518,324,339,322
S01003402,Central Easterhouse,North East,Glasgow Baillieston,3846,4925,4417,4550,243,333,251,323
S01003104,Pollokshaws,Newlands/Auldburn,Glasgow Cathcart,3302,4817,4373,4577,175,319,243,324
S01003369,Old Shettleston and Parkhead North,East Centre,Glasgow Baillieston,4498,4269,4109,4578,317,234,201,325
S01003087,Kingspark South,Linn,Glasgow Cathcart,4164,5923,6096,4579,279,517,565,326
S01003554,North Kelvin,Canal,Glasgow Maryhill,5279,5823,5102,4581,438,498,370,327
S01003297,Gorbals and Hutchesontown,Southside Central,Glasgow Shettleston,4425,5388,5800,4588,308,415,495,328
S01003563,Barmulloch,North East,Glasgow Springburn,5204,5073,5293,4597,424,358,400,329
S01003459,Craigend and Ruchazie,North East,Glasgow Springburn,3879,4628,4203,4598,246,287,218,330
S01003603,Knightswood East,Garscadden/Scotstounhill,Glasgow Anniesland,5201,4970,5481,4604,422,341,435,331
S01003407,Carntyne,East Centre,Glasgow Springburn,6077,5342,5094,4609,573,407,368,332
S01003133,Langside,Langside,Glasgow Govan,5693,4580,4338,4616,501,282,238,333
S01003096,Kingspark South,Linn,Glasgow Cathcart,4587,4499,4377,4627,329,269,244,334
S01003363,Greenfield,Baillieston,Glasgow Baillieston,3640,4701,4559,4629,212,300,277,335
S01003102,Kingspark North,Langside,Glasgow Rutherglen,4177,5257,4653,4641,282,385,286,336
S01003544,North Kelvin,Canal,Glasgow Maryhill,5826,6046,5177,4645,528,543,384,337
S01003555,North Kelvin,Canal,Glasgow Maryhill,5691,5770,5403,4646,500,481,426,338
S01003207,Pollokshields East,Pollokshields,Glasgow Govan,5861,6154,5930,4656,536,570,523,339
S01003639,Knightswood West,Garscadden/Scotstounhill,Glasgow Anniesland,5631,4490,4528,4657,491,267,270,340
S01003397,North Barlanark and Easterhouse South,Baillieston,Glasgow Baillieston,2373,4848,4945,4662,84,323,343,341
S01003378,Carntyne West and Haghill,East Centre,Glasgow Springburn,6231,4067,4794,4666,606,209,312,342
S01003614,Kelvinside and Jordanhill,Partick West,Glasgow Anniesland,3119,4223,4546,4668,159,230,275,343
S01003151,Shettleston South,Shettleston,Glasgow Baillieston,3586,4908,5379,4669,204,330,418,344
S01003510,Cowlairs and Port Dundas,Springburn,Glasgow Springburn,2647,4191,4669,4686,111,222,290,345
S01003622,Knightswood East,Garscadden/Scotstounhill,Glasgow Anniesland,4901,5205,5471,4689,376,377,434,346
S01003089,Newlands,Newlands/Auldburn,Glasgow Cathcart,4854,5125,4714,4697,371,367,299,347
S01003361,Greenfield,Baillieston,Glasgow Baillieston,3311,4549,5111,4709,176,275,373,348
S01003529,Petershill,Springburn,Glasgow Springburn,1677,2889,3715,4716,38,85,151,349
S01003288,Garrowhill West,Baillieston,Glasgow Baillieston,5340,4684,4710,4721,448,297,298,350
S01003627,Springburn East and Cowlairs,Springburn,Glasgow Springburn,3288,3718,4345,4729,172,170,240,351
S01003057,Castlemilk,Linn,Glasgow Cathcart,4697,5639,5507,4732,349,454,440,352
S01003070,Carnwadric East,Newlands/Auldburn,Glasgow Cathcart,4756,4028,4275,4749,357,204,230,353
S01003598,Barmulloch,North East,Glasgow Springburn,4605,3507,5068,4753,332,151,366,354
S01003121,Crookston South,Greater Pollok,Glasgow Pollok,4416,4562,5647,4791,305,277,462,355
S01003610,Yoker South,Garscadden/Scotstounhill,Glasgow Anniesland,5078,5199,5740,4795,410,375,482,356
S01003671,Anniesland West,Drumchapel/Anniesland,Glasgow Anniesland,5465,5083,5235,4798,462,360,390,357
S01003445,"Roystonhill, Blochairn, and Provanmill",Springburn,Glasgow Springburn,2613,5030,5527,4800,107,351,444,358
S01003416,City Centre East,Anderston/City,Glasgow Springburn,1642,5549,4504,4817,36,435,266,359
S01003213,Braidfauld,Shettleston,Glasgow Shettleston,4228,4638,4989,4822,287,289,349,360
S01003579,Keppochhill,Canal,Glasgow Maryhill,4404,4792,4846,4825,304,317,324,361
S01003135,Toryglen and Oatlands,Southside Central,Glasgow Rutherglen,4983,4491,5045,4845,390,268,359,362
S01003568,Kelvindale,Maryhill/Kelvin,Glasgow Anniesland,3753,5801,4845,4847,223,488,323,363
S01003312,Penilee,Craigton,Glasgow Pollok,5700,4945,5511,4848,504,337,441,364
S01003059,Muirend and Old Cathcart,Newlands/Auldburn,Glasgow Cathcart,3818,5326,5066,4859,238,403,364,365
S01003091,Kingspark South,Linn,Glasgow Cathcart,3516,5952,6305,4864,194,520,617,366
S01003393,Carntyne,East Centre,Glasgow Springburn,5757,4503,4660,4896,519,270,289,367
S01003455,Craigend and Ruchazie,North East,Glasgow Baillieston,2969,5019,3639,4900,135,349,140,368
S01003377,"Cranhill, Lightburn and Queenslie South",Baillieston,Glasgow Baillieston,3325,4771,4430,4901,177,311,254,369
S01003306,Craigton,Govan,Glasgow Pollok,5131,5499,5396,4909,415,431,423,370
S01003658,Knightswood West,Garscadden/Scotstounhill,Glasgow Anniesland,5865,3163,4529,4918,538,115,271,371
S01003561,Keppochhill,Canal,Glasgow Maryhill,4284,4893,4518,4924,289,327,268,372
S01003547,North Kelvin,Canal,Glasgow Maryhill,5390,5715,5498,4929,454,470,439,373
S01003685,Yoker North,Garscadden/Scotstounhill,Glasgow Anniesland,2805,2490,4139,4941,128,54,206,374
S01003161,Crookston North,Greater Pollok,Glasgow Pollok,2534,4409,4951,4947,100,259,345,375
S01003426,Dennistoun North and Alexandra Parade,East Centre,Glasgow Springburn,6104,5891,5718,4961,581,509,478,376
S01003115,Pollokshaws,Newlands/Auldburn,Glasgow Cathcart,5397,4845,5176,4964,455,322,383,377
S01003150,Toryglen and Oatlands,Southside Central,Glasgow Rutherglen,5307,5095,5263,4975,443,362,395,378
S01003574,Ruchill,Canal,Glasgow Maryhill,4910,4973,4689,4977,377,342,292,379
S01003605,Knightswood East,Garscadden/Scotstounhill,Glasgow Anniesland,4938,5580,6319,4985,381,445,618,380
S01003375,Drumoyne and Shieldhall,Govan,Glasgow Govan,4161,3364,4542,4989,277,130,274,381
S01003056,Darnley East,Greater Pollok,Glasgow Pollok,4475,5337,5165,4991,314,406,382,382
S01003078,Muirend and Old Cathcart,Newlands/Auldburn,Glasgow Cathcart,2757,4979,4887,4992,122,343,329,383
S01003264,Mosspark,Govan,Glasgow Pollok,6143,5802,5319,5000,591,489,406,384
S01003276,Garrowhill West,Baillieston,Glasgow Baillieston,5057,3994,4398,5002,404,201,247,385
S01003125,Langside,Langside,Glasgow Cathcart,6164,5236,4672,5005,599,381,291,386
S01003140,Crookston South,Greater Pollok,Glasgow Pollok,3483,3873,5058,5009,190,185,362,387
S01003595,Possil Park,Canal,Glasgow Maryhill,4956,5309,5633,5016,385,400,460,388
S01003707,Drumry West,Drumchapel/Anniesland,Glasgow Anniesland,4439,5559,5205,5028,310,438,387,389
S01003642,Knightswood East,Garscadden/Scotstounhill,Glasgow Anniesland,6151,4563,4820,5031,593,278,318,390
S01003546,Cowlairs and Port Dundas,Canal,Glasgow Maryhill,2074,4590,4415,5033,64,283,250,391
S01003075,Kingspark South,Linn,Glasgow Cathcart,4454,6207,6022,5038,311,580,549,392
S01003240,Cardonald West and Central,Craigton,Glasgow Pollok,5589,5504,5564,5056,481,432,450,393
S01003101,Crookston South,Greater Pollok,Glasgow Pollok,4107,3473,4306,5058,273,147,233,394
S01003508,Partick,Partick West,Glasgow Kelvin,6132,5914,5283,5059,587,514,398,395
S01003389,Carntyne West and Haghill,East Centre,Glasgow Springburn,6503,5025,5467,5069,692,350,433,396
S01003307,Cardonald North,Craigton,Glasgow Pollok,5320,5060,4994,5072,444,356,350,397
S01003283,Garrowhill West,Baillieston,Glasgow Baillieston,6050,4791,5402,5079,568,316,425,398
S01003263,Parkhead West and Barrowfield,Calton,Glasgow Shettleston,4418,5228,4963,5080,306,379,346,399
S01003676,Anniesland West,Drumchapel/Anniesland,Glasgow Anniesland,5719,5594,5382,5114,510,448,420,400
S01003383,"Cranhill, Lightburn and Queenslie South",East Centre,Glasgow Baillieston,4646,4708,4797,5121,337,301,313,401
S01003326,Cardonald North,Craigton,Glasgow Pollok,4310,4298,4950,5130,292,238,344,402
S01003682,Summerston North,Maryhill/Kelvin,Glasgow Maryhill,2905,2590,3738,5133,134,63,154,403
S01003349,Drumoyne and Shieldhall,Govan,Glasgow Govan,6049,4808,5070,5148,567,318,367,404
S01003163,Maxwell Park,Pollokshields,Glasgow Govan,6222,6353,6287,5150,603,628,614,405
S01003524,Broomhill,Partick West,Glasgow Kelvin,6388,6201,4186,5151,653,579,216,406
S01003262,Tollcross,Shettleston,Glasgow Shettleston,5476,5287,4776,5159,463,393,309,407
S01003440,Riddrie and Hogganfield,East Centre,Glasgow Springburn,3908,4386,5356,5164,249,253,414,408
S01003333,"Calton, Gallowgate and Bridgeton",Calton,Glasgow Shettleston,4129,5671,5215,5168,274,460,388,409
S01003609,Kelvinside and Jordanhill,Partick West,Glasgow Anniesland,6131,5369,5380,5172,586,410,419,410
S01003678,Yoker North,Garscadden/Scotstounhill,Glasgow Anniesland,3627,2958,5326,5173,211,91,408,411
S01003310,Cardonald North,Craigton,Glasgow Pollok,5408,5034,5129,5181,456,352,376,412
S01003160,Crookston North,Greater Pollok,Glasgow Pollok,2611,4081,4816,5189,106,210,316,413
S01003134,Toryglen and Oatlands,Southside Central,Glasgow Rutherglen,6154,5842,5900,5191,594,504,518,414
S01003702,Drumchapel South,Drumchapel/Anniesland,Glasgow Anniesland,5800,5560,5839,5213,522,439,503,415
S01003147,Crookston North,Greater Pollok,Glasgow Pollok,3987,4839,5252,5230,262,320,393,416
S01003315,Kinning Park and Festival Park,Govan,Glasgow Govan,4665,5745,5863,5239,342,475,509,417
S01003028,Glenwood South,Linn,Glasgow Cathcart,3469,3750,4360,5241,189,173,241,418
S01003566,Ruchill,Canal,Glasgow Maryhill,6288,5825,5563,5244,626,499,449,419
S01003688,Summerston North,Maryhill/Kelvin,Glasgow Maryhill,2709,2468,3696,5257,116,53,150,420
S01003064,Carnwadric West,Newlands/Auldburn,Glasgow Cathcart,5270,5241,4628,5279,437,383,283,421
S01003067,Carmunnock North,Linn,Glasgow Cathcart,4662,5794,5614,5280,341,485,458,422
S01003590,Yoker South,Garscadden/Scotstounhill,Glasgow Anniesland,5200,6005,5910,5282,421,534,520,423
S01003336,Greenfield,Baillieston,Glasgow Baillieston,3520,5177,5377,5286,196,372,417,424
S01003530,Firhill,Canal,Glasgow Maryhill,4912,5664,4898,5291,379,458,331,425
S01003600,Wyndford,Maryhill/Kelvin,Glasgow Maryhill,5542,5273,5606,5292,471,389,457,426
S01003152,Battlefield,Southside Central,Glasgow Cathcart,5322,5329,5679,5300,445,404,468,427
S01003434,Central Easterhouse,North East,Glasgow Baillieston,4023,4999,4694,5309,267,345,295,428
S01003153,Maxwell Park,Pollokshields,Glasgow Govan,5743,5996,5952,5329,516,529,529,429
S01003439,City Centre East,Anderston/City,Glasgow Kelvin,1928,5463,5243,5333,52,428,391,430
S01003030,Glenwood South,Linn,Glasgow Cathcart,3465,4575,4693,5359,188,281,294,431
S01003232,Laurieston and Tradeston,Southside Central,Glasgow Shettleston,5663,5829,5637,5365,495,501,461,432
S01003047,Carmunnock South,Linn,Glasgow Cathcart,4843,5352,5337,5368,367,409,410,433
S01003284,Craigton,Govan,Glasgow Pollok,5825,5817,5982,5369,527,496,535,434
S01003241,Shettleston South,Shettleston,Glasgow Shettleston,4622,4591,4936,5384,333,284,341,435
S01003346,Craigton,Govan,Glasgow Govan,6075,4716,4888,5394,572,302,330,436
S01003187,Strathbungo,Pollokshields,Glasgow Govan,6327,6418,6127,5397,634,656,572,437
S01003111,Nitshill,Greater Pollok,Glasgow Pollok,5554,4647,5770,5399,473,291,485,438
S01003348,Kinning Park and Festival Park,Govan,Glasgow Govan,2879,5138,5878,5400,132,370,514,439
S01003044,Glenwood North,Linn,Glasgow Cathcart,3020,4947,5188,5410,146,338,386,440
S01003647,Anniesland West,Drumchapel/Anniesland,Glasgow Anniesland,5242,5161,5784,5411,432,371,490,441
S01003223,Braidfauld,Shettleston,Glasgow Shettleston,5621,5728,5788,5416,487,472,492,442
S01003149,Shawlands East,Langside,Glasgow Govan,6078,5910,5778,5426,574,513,486,443
S01003079,Muirend and Old Cathcart,Linn,Glasgow Cathcart,4135,5395,5233,5430,275,417,389,444
S01003239,Cardonald South and East,Craigton,Glasgow Pollok,4463,5735,5593,5432,312,474,453,445
S01003418,Govan and Linthouse,Govan,Glasgow Govan,4626,5447,4997,5437,335,424,351,446
S01003114,Mount Florida,Langside,Glasgow Cathcart,5938,4883,5295,5439,548,325,401,447
S01003340,Greenfield,Baillieston,Glasgow Baillieston,4686,5632,5939,5456,347,452,526,448
S01003253,Parkhead West and Barrowfield,Calton,Glasgow Shettleston,5515,5004,5357,5460,468,346,415,449
S01003108,Cathcart,Langside,Glasgow Cathcart,5845,4438,4523,5464,532,265,269,450
S01003498,Broomhill,Partick West,Glasgow Kelvin,6042,6108,5781,5466,564,559,488,451
S01003526,North Kelvin,Hillhead,Glasgow Kelvin,5801,6356,6065,5472,523,630,556,452
S01003039,Darnley East,Greater Pollok,Glasgow Pollok,4852,5082,5186,5478,370,359,385,453
S01003438,Finnieston and Kelvinhaugh,Anderston/City,Glasgow Kelvin,4170,5300,4490,5484,281,396,262,454
S01003106,Newlands,Newlands/Auldburn,Glasgow Cathcart,5969,5062,5398,5496,555,357,424,455
S01003410,City Centre West,Anderston/City,Glasgow Kelvin,5066,6238,5543,5502,406,592,448,456
S01003431,Riddrie and Hogganfield,East Centre,Glasgow Springburn,6341,5795,5359,5512,636,486,416,457
S01003205,Dalmarnock,Calton,Glasgow Shettleston,4351,5308,5586,5513,298,399,452,458
S01003228,Braidfauld,Shettleston,Glasgow Shettleston,5337,5399,5487,5514,447,418,436,459
S01003604,Ruchill,Maryhill/Kelvin,Glasgow Maryhill,5023,5132,5343,5520,398,369,411,460
S01003648,Anniesland West,Drumchapel/Anniesland,Glasgow Anniesland,6272,6287,6256,5524,622,605,606,461
S01003493,Whiteinch,Partick West,Glasgow Kelvin,6414,4668,4919,5528,660,295,337,462
S01003382,Anderston,Anderston/City,Glasgow Kelvin,2052,6073,5605,5530,62,552,456,463
S01003446,City Centre West,Anderston/City,Glasgow Kelvin,5610,5796,5347,5543,485,487,413,464
S01003142,Toryglen and Oatlands,Southside Central,Glasgow Rutherglen,6058,5470,5951,5560,569,429,528,465
S01003118,Pollokshaws,Newlands/Auldburn,Glasgow Govan,3106,6223,5598,5564,157,587,454,466
S01003103,Kingspark North,Langside,Glasgow Cathcart,5268,4369,4755,5575,436,249,306,467
S01003271,"Calton, Gallowgate and Bridgeton",Calton,Glasgow Shettleston,4577,5754,5689,5585,328,478,472,468
S01003173,Strathbungo,Southside Central,Glasgow Govan,6229,6347,6384,5587,605,624,641,469
S01003198,Govanhill East and Aikenhead,Southside Central,Glasgow Shettleston,5971,5569,5130,5588,556,441,377,470
S01003386,Drumoyne and Shieldhall,Govan,Glasgow Govan,4576,4769,5410,5594,327,309,427,471
S01003238,Cardonald West and Central,Craigton,Glasgow Pollok,5675,5710,5603,5598,497,468,455,472
S01003052,Castlemilk,Linn,Glasgow Cathcart,4340,4645,5061,5601,296,290,363,473
S01003338,Kinning Park and Festival Park,Govan,Glasgow Govan,4169,5506,5693,5619,280,433,473,474
S01003273,Parkhead West and Barrowfield,Calton,Glasgow Shettleston,5511,6037,6202,5627,466,540,589,475
S01003261,Cardonald West and Central,Craigton,Glasgow Pollok,4494,5575,5850,5631,316,444,504,476
S01003463,Sighthill,Springburn,Glasgow Springburn,1302,4243,5835,5632,21,231,501,477
S01003471,Riddrie and Hogganfield,North East,Glasgow Springburn,5712,5240,5001,5633,508,382,352,478
S01003342,Gallowgate North and Bellgrove,Calton,Glasgow Shettleston,4570,5988,6185,5635,325,526,587,479
S01003329,Greenfield,Baillieston,Glasgow Baillieston,5862,5454,5287,5641,537,425,399,480
S01003448,Riddrie and Hogganfield,East Centre,Glasgow Springburn,6158,5430,5308,5645,596,422,404,481
S01003295,Greenfield,Shettleston,Glasgow Baillieston,5016,5485,5446,5650,396,430,431,482
S01003582,Possil Park,Canal,Glasgow Maryhill,4655,5748,5919,5655,339,476,521,483
S01003172,Strathbungo,Southside Central,Glasgow Shettleston,5739,6349,6208,5658,515,626,592,484
S01003668,Anniesland West,Garscadden/Scotstounhill,Glasgow Anniesland,5723,5445,5838,5663,512,423,502,485
S01003673,Maryhill West,Maryhill/Kelvin,Glasgow Maryhill,4826,3293,4082,5676,366,123,192,486
S01003586,Scotstoun North and East,Garscadden/Scotstounhill,Glasgow Kelvin,5089,5059,5537,5687,412,355,446,487
S01003129,Langside,Langside,Glasgow Govan,4723,5552,5723,5691,352,436,479,488
S01003593,Scotstoun South and West,Garscadden/Scotstounhill,Glasgow Anniesland,5573,6059,6134,5699,478,549,575,489
S01003570,Scotstoun North and East,Garscadden/Scotstounhill,Glasgow Kelvin,5037,5297,4837,5710,400,394,322,490
S01003384,Drumoyne and Shieldhall,Govan,Glasgow Govan,6159,5691,5798,5713,597,465,494,491
S01003040,Castlemilk,Linn,Glasgow Cathcart,3764,5764,6007,5719,225,480,542,492
S01003709,Drumry East,Drumchapel/Anniesland,Glasgow Anniesland,4986,5828,6162,5727,391,500,583,493
S01003543,Keppochhill,Canal,Glasgow Maryhill,4942,5281,5670,5728,383,391,464,494
S01003049,Castlemilk,Linn,Glasgow Cathcart,3882,5606,5828,5732,247,450,499,495
S01003266,Tollcross,Shettleston,Glasgow Shettleston,5245,5668,5680,5737,433,459,469,496
S01003287,Cardonald North,Craigton,Glasgow Pollok,6107,6050,6057,5738,583,545,555,497
S01003105,Kingspark North,Langside,Glasgow Rutherglen,5325,5809,5490,5742,446,492,438,498
S01003217,Dalmarnock,Calton,Glasgow Shettleston,5849,5783,5254,5748,533,483,394,499
S01003211,Pollokshields East,Pollokshields,Glasgow Govan,6443,6399,6343,5750,673,650,628,500
S01003298,Hillington,Craigton,Glasgow Pollok,6034,6102,6217,5751,562,558,597,501
S01003472,Sighthill,Springburn,Glasgow Springburn,2531,4387,6036,5758,99,254,551,502
S01003251,Dalmarnock,Calton,Glasgow Shettleston,5299,5758,5859,5759,441,479,507,503
S01003185,Govanhill East and Aikenhead,Southside Central,Glasgow Shettleston,6277,5686,5512,5760,624,463,442,504
S01003565,Springburn,Springburn,Glasgow Springburn,5965,5837,5797,5770,553,502,493,505
S01003141,Langside,Langside,Glasgow Govan,6325,5920,5997,5775,633,516,540,506
S01003048,Castlemilk,Linn,Glasgow Cathcart,5011,6019,6247,5781,393,536,604,507
S01003176,Strathbungo,Southside Central,Glasgow Govan,6459,6449,6396,5786,677,667,647,508
S01003495,Sighthill,Springburn,Glasgow Springburn,2151,4009,5282,5788,69,202,397,509
S01003584,Scotstoun South and West,Garscadden/Scotstounhill,Glasgow Kelvin,5654,6023,6282,5793,493,537,612,510
S01003537,Firhill,Canal,Glasgow Maryhill,4798,5618,5344,5802,362,451,412,511
S01003319,Craigton,Govan,Glasgow Govan,6289,5562,6009,5823,627,440,544,512
S01003611,Springburn East and Cowlairs,Springburn,Glasgow Springburn,5239,5942,5996,5825,431,518,539,513
S01003412,Govan and Linthouse,Govan,Glasgow Govan,5708,5803,5708,5827,507,490,476,514
S01003480,Whiteinch,Partick West,Glasgow Kelvin,6043,5410,5131,5830,565,421,378,515
S01003299,Parkhead East and Braidfauld North,Shettleston,Glasgow Shettleston,5720,5687,5152,5834,511,464,381,516
S01003235,Shettleston South,Shettleston,Glasgow Shettleston,4754,5203,5450,5840,356,376,432,517
S01003633,Yoker South,Garscadden/Scotstounhill,Glasgow Anniesland,5833,4785,5442,5858,529,314,430,518
S01003165,Govanhill East and Aikenhead,Southside Central,Glasgow Shettleston,6044,5733,5687,5862,566,473,471,519
S01003331,"Calton, Gallowgate and Bridgeton",Calton,Glasgow Shettleston,4560,6064,5853,5882,324,551,505,520
S01003126,Pollokshaws,Newlands/Auldburn,Glasgow Govan,5586,6337,5923,5887,480,621,522,521
S01003294,Craigton,Govan,Glasgow Pollok,6139,5810,6089,5894,590,493,562,522
S01003033,Glenwood South,Linn,Glasgow Cathcart,2235,4281,5104,5899,76,236,371,523
S01003457,"Roystonhill, Blochairn, and Provanmill",Springburn,Glasgow Springburn,5369,4888,5941,5902,450,326,527,524
S01003601,Springburn East and Cowlairs,Springburn,Glasgow Springburn,4704,5386,5742,5906,351,414,483,525
S01003391,Dennistoun,East Centre,Glasgow Springburn,4734,5698,5541,5911,354,466,447,526
S01003098,Cathcart,Langside,Glasgow Cathcart,5696,4765,5028,5913,503,307,356,527
S01003351,Ibrox East and Cessnock,Govan,Glasgow Govan,5989,5968,5967,5920,557,522,531,528
S01003545,Dowanhill,Hillhead,Glasgow Kelvin,5877,6226,6084,5921,541,588,560,529
S01003519,Firhill,Hillhead,Glasgow Maryhill,5260,5975,5810,5924,435,524,496,530
S01003532,Victoria Park,Partick West,Glasgow Kelvin,5966,5727,5310,5925,554,471,405,531
S01003449,City Centre West,Anderston/City,Glasgow Kelvin,5409,6295,6008,5943,457,607,543,532
S01003499,Partick,Partick West,Glasgow Kelvin,6416,6213,6207,5950,662,582,591,533
S01003473,Woodside,Hillhead,Glasgow Maryhill,3381,5876,5897,5951,182,506,517,534
S01003552,Kelvinside and Jordanhill,Hillhead,Glasgow Kelvin,5717,6127,5909,5957,509,563,519,535
S01003243,Cardonald West and Central,Craigton,Glasgow Pollok,5379,6056,6156,5960,452,547,582,536
S01003112,Cathcart,Langside,Glasgow Cathcart,6099,5376,5321,5961,580,411,407,537
S01003433,City Centre West,Anderston/City,Glasgow Kelvin,5526,6405,6304,5964,469,652,616,538
S01003572,Springburn,Springburn,Glasgow Springburn,5070,6163,6215,5967,408,571,595,539
S01003580,Springburn East and Cowlairs,Springburn,Glasgow Springburn,4998,6194,6181,5968,392,575,586,540
S01003296,Parkhead West and Barrowfield,Shettleston,Glasgow Shettleston,6357,6346,6148,5971,641,623,579,541
S01003509,Kelvingrove and University,Hillhead,Glasgow Kelvin,6135,6233,5993,5976,588,590,538,542
S01003400,Carntyne,East Centre,Glasgow Springburn,6091,5262,5733,5977,577,387,480,543
S01003138,Pollokshaws,Newlands/Auldburn,Glasgow Govan,6183,6197,6086,5978,601,576,561,544
S01003290,Tollcross,Shettleston,Glasgow Shettleston,6217,5908,5779,5980,602,512,487,545
S01003556,Scotstoun North and East,Garscadden/Scotstounhill,Glasgow Kelvin,5992,5700,5436,5986,558,467,429,546
S01003453,Woodlands,Anderston/City,Glasgow Kelvin,5168,6240,5873,5991,419,594,513,547
S01003116,Cathcart,Langside,Glasgow Cathcart,5726,5822,5834,5992,513,497,500,548
S01003327,Kinning Park and Festival Park,Govan,Glasgow Govan,5450,6485,6466,5994,459,681,672,549
S01003484,Kelvingrove and University,Hillhead,Glasgow Kelvin,6029,6389,6141,5996,561,647,577,550
S01003485,Woodlands,Hillhead,Glasgow Maryhill,5377,6308,5856,5999,451,613,506,551
S01003411,Drumoyne and Shieldhall,Govan,Glasgow Govan,5478,5685,5710,6002,465,462,477,552
S01003144,Crookston North,Greater Pollok,Glasgow Pollok,3798,5304,5880,6003,234,397,515,553
S01003256,Pollokshields West,Pollokshields,Glasgow Govan,5223,5997,6012,6008,429,530,545,554
S01003497,Kelvingrove and University,Partick West,Glasgow Kelvin,6105,6357,6103,6010,582,631,570,555
S01003525,Partickhill and Hyndland,Partick West,Glasgow Kelvin,5859,5888,5616,6011,535,508,459,556
S01003406,Dennistoun North and Alexandra Parade,East Centre,Glasgow Springburn,6415,6328,6457,6012,661,618,666,557
S01003285,Gorbals and Hutchesontown,Southside Central,Glasgow Shettleston,5286,6042,6325,6016,440,541,621,558
S01003487,Woodlands,Hillhead,Glasgow Maryhill,5839,6307,5860,6017,531,612,508,559
S01003409,Dennistoun North and Alexandra Parade,East Centre,Glasgow Springburn,5950,6149,6043,6026,551,569,553,560
S01003408,Anderston,Anderston/City,Glasgow Kelvin,3233,6274,5971,6032,169,602,532,561
S01003045,Darnley East,Greater Pollok,Glasgow Pollok,5561,6074,6129,6033,475,553,573,562
S01003124,Battlefield,Langside,Glasgow Cathcart,6079,5965,5986,6034,575,521,537,563
S01003522,Dowanhill,Hillhead,Glasgow Kelvin,6137,6366,6252,6046,589,636,605,564
S01003442,"Roystonhill, Blochairn, and Provanmill",Springburn,Glasgow Springburn,3538,5806,6097,6048,197,491,566,565
S01003513,Kelvingrove and University,Hillhead,Glasgow Kelvin,6090,6460,6464,6052,576,670,670,566
S01003482,Firhill,Hillhead,Glasgow Maryhill,3871,6184,6102,6056,245,574,569,567
S01003420,North Barlanark and Easterhouse South,North East,Glasgow Baillieston,5681,5906,6204,6060,498,510,590,568
S01003367,Govan and Linthouse,Govan,Glasgow Govan,5754,6331,6152,6070,517,619,580,569
S01003564,Keppochhill,Canal,Glasgow Maryhill,5701,6031,6234,6077,505,539,601,570
S01003619,Wyndford,Maryhill/Kelvin,Glasgow Maryhill,6251,5570,6017,6083,613,442,546,571
S01003301,Tollcross,Shettleston,Glasgow Shettleston,5111,5589,5673,6085,413,447,466,572
S01003491,Sighthill,Springburn,Glasgow Springburn,4812,4318,5896,6087,364,244,516,573
S01003320,Kinning Park and Festival Park,Govan,Glasgow Govan,5694,6200,6116,6090,502,578,571,574
S01003392,Dennistoun North and Alexandra Parade,East Centre,Glasgow Springburn,6349,6470,6460,6092,639,674,668,575
S01003571,Scotstoun South and West,Garscadden/Scotstounhill,Glasgow Kelvin,6035,6058,6101,6098,563,548,568,576
S01003659,Anniesland West,Drumchapel/Anniesland,Glasgow Anniesland,6484,6441,6329,6110,688,664,622,577
S01003470,Hillhead,Partick West,Glasgow Kelvin,6440,6491,5976,6121,671,685,534,578
S01003441,Govan and Linthouse,Govan,Glasgow Govan,6093,6060,5695,6137,578,550,474,579
S01003424,Drumoyne and Shieldhall,Govan,Glasgow Govan,5813,6116,6170,6138,525,562,585,580
S01003575,Scotstoun North and East,Garscadden/Scotstounhill,Glasgow Kelvin,6127,5661,5786,6139,585,456,491,581
S01003190,Govanhill East and Aikenhead,Southside Central,Glasgow Shettleston,6270,6212,5865,6140,621,581,510,582
S01003309,Old Shettleston and Parkhead North,Shettleston,Glasgow Shettleston,6161,6098,6090,6142,598,557,563,583
S01003468,Woodlands,Hillhead,Glasgow Maryhill,5565,6312,6269,6152,477,614,609,584
S01003396,Govan and Linthouse,Govan,Glasgow Govan,5958,6013,6047,6158,552,535,554,585
S01003422,Dennistoun North and Alexandra Parade,East Centre,Glasgow Springburn,6067,5992,6445,6163,571,528,662,586
S01003130,Mount Florida,Langside,Glasgow Cathcart,6464,5917,5811,6164,680,515,497,587
S01003255,Cardonald South and East,Craigton,Glasgow Pollok,4915,6239,6331,6174,380,593,623,588
S01003166,Shawlands West,Pollokshields,Glasgow Govan,6461,6378,6365,6177,678,642,634,589
S01003514,Dowanhill,Hillhead,Glasgow Kelvin,6435,6422,6397,6178,668,659,648,590
S01003132,Pollokshaws,Newlands/Auldburn,Glasgow Govan,6233,6129,6209,6180,607,564,593,591
S01003474,Woodlands,Hillhead,Glasgow Maryhill,5304,6374,6388,6198,442,641,643,592
S01003168,Shawlands West,Pollokshields,Glasgow Govan,6437,6461,6387,6200,669,671,642,593
S01003206,Govanhill West,Southside Central,Glasgow Shettleston,6260,6026,5867,6201,616,538,511,594
S01003521,Kelvingrove and University,Hillhead,Glasgow Kelvin,6446,6498,6496,6204,674,689,690,595
S01003534,Petershill,Springburn,Glasgow Springburn,2775,5537,5674,6205,125,434,467,596
S01003517,Firhill,Hillhead,Glasgow Maryhill,5576,6095,5931,6206,479,556,524,597
S01003254,Dalmarnock,Calton,Glasgow Shettleston,5625,6136,6140,6208,490,567,576,598
S01003278,Cardonald North,Craigton,Glasgow Pollok,5875,6109,6223,6209,540,560,599,599
S01003054,Castlemilk,Linn,Glasgow Cathcart,5902,6286,6216,6210,543,604,596,600
S01003507,Firhill,Hillhead,Glasgow Maryhill,4358,6379,6383,6215,299,643,640,601
S01003478,Hillhead,Partick West,Glasgow Kelvin,6291,6489,6377,6216,628,683,638,602
S01003500,Firhill,Hillhead,Glasgow Maryhill,5285,6258,6240,6217,439,600,603,603
S01003395,Dennistoun North and Alexandra Parade,East Centre,Glasgow Springburn,6002,6428,6405,6222,559,660,650,604
S01003267,Shettleston North,Shettleston,Glasgow Shettleston,6241,5907,6073,6225,610,511,557,605
S01003143,Mount Florida,Langside,Glasgow Cathcart,6372,6053,6041,6228,647,546,552,606
S01003465,Glasgow Harbour and  Partick South,Partick West,Glasgow Kelvin,6382,6269,6092,6231,651,601,564,607
S01003304,Kingston West and Dumbreck,Govan,Glasgow Govan,5683,6478,6484,6236,499,679,683,608
S01003036,Glenwood South,Linn,Glasgow Cathcart,3613,5005,5736,6238,208,347,481,609
S01003179,Govanhill West,Southside Central,Glasgow Shettleston,6276,6291,6186,6243,623,606,588,610
S01003281,Tollcross,Shettleston,Glasgow Shettleston,6019,6001,5983,6245,560,532,536,611
S01003200,Govanhill West,Southside Central,Glasgow Shettleston,6359,6134,6099,6246,642,565,567,612
S01003364,Govan and Linthouse,Govan,Glasgow Govan,6280,5887,5932,6252,625,507,525,613
S01003444,"Garthamlock, Auchinlea and Gartloch",North East,Glasgow Baillieston,6400,5838,6020,6259,658,503,548,614
S01003065,Muirend and Old Cathcart,Linn,Glasgow Cathcart,5208,6111,5999,6260,426,561,541,615
S01003504,Kelvingrove and University,Hillhead,Glasgow Kelvin,5781,6492,6392,6263,520,686,646,616
S01003450,Finnieston and Kelvinhaugh,Anderston/City,Glasgow Kelvin,4979,5648,5139,6272,389,455,380,617
S01003511,Partickhill and Hyndland,Partick West,Glasgow Kelvin,5616,6256,6264,6274,486,599,608,618
S01003222,Pollokshields East,Pollokshields,Glasgow Govan,6431,6232,6370,6279,667,589,635,619
S01003637,Anniesland West,Drumchapel/Anniesland,Glasgow Anniesland,5915,6219,6353,6282,545,584,632,620
S01003220,Pollokshields East,Pollokshields,Glasgow Govan,6386,6421,6478,6284,652,658,680,621
S01003423,Anderston,Anderston/City,Glasgow Kelvin,4293,6368,6083,6286,291,638,559,622
S01003506,Firhill,Hillhead,Glasgow Maryhill,5477,6244,5966,6292,464,595,530,623
S01003542,Dowanhill,Hillhead,Glasgow Kelvin,5856,6391,6398,6294,534,648,649,624
S01003156,Battlefield,Langside,Glasgow Cathcart,6268,5812,5782,6296,619,494,489,625
S01003154,Shawlands East,Langside,Glasgow Govan,6465,6496,6470,6303,681,687,674,626
S01003585,Ruchill,Maryhill/Kelvin,Glasgow Maryhill,5623,5990,5662,6305,489,527,463,627
S01003183,Strathbungo,Southside Central,Glasgow Govan,6394,6412,6491,6307,656,654,687,628
S01003324,Ibrox East and Cessnock,Govan,Glasgow Govan,5253,6326,6438,6310,434,616,659,629
S01003227,Pollokshields East,Pollokshields,Glasgow Govan,6329,6324,6442,6311,635,615,661,630
S01003496,Partick,Partick West,Glasgow Kelvin,6428,6451,6476,6315,665,668,678,631
S01003385,Dennistoun,East Centre,Glasgow Springburn,6367,6355,6335,6320,644,629,625,632
S01003282,Cardonald West and Central,Craigton,Glasgow Pollok,6227,6091,6283,6326,604,555,613,633
S01003055,Carnwadric West,Newlands/Auldburn,Glasgow Cathcart,6417,6087,6214,6328,663,554,594,634
S01003275,Shettleston North,Shettleston,Glasgow Shettleston,5816,6173,6233,6336,526,572,600,635
S01003314,Parkhead West and Barrowfield,Calton,Glasgow Shettleston,6236,6360,6375,6337,608,633,637,636
S01003503,Hillhead,Partick West,Glasgow Kelvin,5870,6198,6144,6339,539,577,578,637
S01003157,Shawlands West,Pollokshields,Glasgow Govan,6483,6473,6481,6342,687,676,681,638
S01003146,Shawlands East,Langside,Glasgow Govan,6482,6446,6440,6348,686,665,660,639
S01003248,"Calton, Gallowgate and Bridgeton",Calton,Glasgow Shettleston,5385,6296,6352,6352,453,608,631,640
S01003635,Anniesland East,Drumchapel/Anniesland,Glasgow Anniesland,6463,6365,6333,6356,679,635,624,641
S01003175,Govanhill East and Aikenhead,Southside Central,Glasgow Shettleston,6262,6222,5868,6362,617,586,512,642
S01003268,Gorbals and Hutchesontown,Southside Central,Glasgow Shettleston,5899,6251,6342,6365,542,596,627,643
S01003131,Battlefield,Langside,Glasgow Cathcart,6156,6215,6320,6366,595,583,619,644
S01003313,Parkhead West and Barrowfield,Calton,Glasgow Shettleston,5557,6235,6155,6367,474,591,581,645
S01003437,Finnieston and Kelvinhaugh,Anderston/City,Glasgow Kelvin,5534,6333,6236,6368,470,620,602,646
S01003192,Strathbungo,Southside Central,Glasgow Govan,6473,6410,6420,6371,682,653,653,647
S01003558,Dowanhill,Hillhead,Glasgow Kelvin,5703,6182,6166,6380,506,573,584,648
S01003189,Govanhill West,Southside Central,Glasgow Shettleston,6304,6327,6262,6384,629,617,607,649
S01003353,Carntyne West and Haghill,Calton,Glasgow Springburn,6097,6367,6429,6385,579,637,654,650
S01003305,Shettleston North,Baillieston,Glasgow Baillieston,5062,6252,6418,6386,405,597,652,651
S01003430,Anderston,Anderston/City,Glasgow Kelvin,3734,6302,6348,6387,220,610,629,652
S01003355,Gallowgate North and Bellgrove,Calton,Glasgow Springburn,5451,6135,6076,6390,460,566,558,653
S01003464,Woodlands,Hillhead,Glasgow Maryhill,5837,6499,6483,6392,530,690,682,654
S01003477,Glasgow Harbour and  Partick South,Partick West,Glasgow Kelvin,6475,6490,6494,6395,683,684,688,655
S01003454,Woodlands,Hillhead,Glasgow Maryhill,6250,6501,6453,6396,612,692,665,656
S01003322,Ibrox East and Cessnock,Govan,Glasgow Govan,6255,6500,6504,6405,614,691,694,657
S01003490,Woodside,Hillhead,Glasgow Maryhill,4365,6471,6458,6407,300,675,667,658
S01003451,Hillhead,Partick West,Glasgow Kelvin,6249,6284,6322,6411,611,603,620,659
S01003479,Hillhead,Partick West,Glasgow Kelvin,6346,6469,6463,6414,637,673,669,660
S01003380,Dennistoun,East Centre,Glasgow Springburn,6259,6254,6273,6415,615,598,610,661
S01003371,Dennistoun,East Centre,Glasgow Springburn,6391,6385,6378,6417,655,645,639,662
S01003469,Glasgow Harbour and  Partick South,Partick West,Glasgow Kelvin,6368,6486,6490,6420,645,682,686,663
S01003128,Mount Florida,Langside,Glasgow Cathcart,6486,6306,6356,6426,689,611,633,664
S01003265,Cardonald West and Central,Craigton,Glasgow Pollok,6348,6147,6373,6427,638,568,636,665
S01003174,Govanhill West,Southside Central,Glasgow Shettleston,6477,6414,6035,6428,684,655,550,666
S01003236,Pollokshields West,Pollokshields,Glasgow Govan,6441,6477,6501,6435,672,678,692,667
S01003466,Hillhead,Partick West,Glasgow Kelvin,6374,6502,6468,6437,648,693,673,668
S01003562,Scotstoun South and West,Garscadden/Scotstounhill,Glasgow Kelvin,6378,5791,6132,6438,649,484,574,669
S01003417,Dennistoun North and Alexandra Parade,East Centre,Glasgow Springburn,6323,6432,6477,6439,632,662,679,670
S01003494,Woodside,Hillhead,Glasgow Maryhill,5512,6438,6434,6440,467,663,657,671
S01003481,Partick,Partick West,Glasgow Kelvin,6369,6468,6498,6449,646,672,691,672
S01003429,Finnieston and Kelvinhaugh,Anderston/City,Glasgow Kelvin,4766,5998,6018,6455,360,531,547,673
S01003316,Ibrox East and Cessnock,Govan,Glasgow Govan,6504,6220,6391,6458,693,585,645,674
S01003535,Whiteinch,Partick West,Glasgow Kelvin,6264,6373,6339,6460,618,640,626,675
S01003559,Scotstoun North and East,Garscadden/Scotstounhill,Glasgow Kelvin,6438,6301,6220,6461,670,609,598,676
S01003475,Woodside,Hillhead,Glasgow Maryhill,5157,6484,6495,6464,418,680,689,677
S01003270,"Calton, Gallowgate and Bridgeton",Calton,Glasgow Shettleston,6176,6398,6390,6465,600,649,644,678
S01003139,Shawlands West,Pollokshields,Glasgow Govan,6493,6362,6471,6469,690,634,675,679
S01003356,Gallowgate North and Bellgrove,Calton,Glasgow Springburn,6355,6447,6447,6470,640,666,664,680
S01003403,Finnieston and Kelvinhaugh,Anderston/City,Glasgow Kelvin,5053,6348,6472,6471,402,625,676,681
S01003520,Partickhill and Hyndland,Hillhead,Glasgow Kelvin,6145,6388,6430,6473,592,646,655,682
S01003188,Govanhill West,Southside Central,Glasgow Shettleston,6405,6369,6295,6474,659,639,615,683
S01003531,Scotstoun South and West,Garscadden/Scotstounhill,Glasgow Kelvin,6451,6341,6436,6485,675,622,658,684
S01003191,Govanhill West,Southside Central,Glasgow Shettleston,6430,6430,6351,6486,666,661,630,685
S01003432,Finnieston and Kelvinhaugh,Anderston/City,Glasgow Kelvin,5598,6400,6274,6487,483,651,611,686
S01003137,Shawlands East,Langside,Glasgow Govan,6505,6475,6502,6488,694,677,693,687
S01003370,Dennistoun,East Centre,Glasgow Springburn,6452,6454,6473,6490,676,669,677,688
S01003425,Finnieston and Kelvinhaugh,Anderston/City,Glasgow Kelvin,4085,6380,6489,6491,271,644,685,689
S01003136,Mount Florida,Langside,Glasgow Cathcart,6498,6351,6410,6492,691,627,651,690
S01003501,Kelvingrove and University,Hillhead,Glasgow Kelvin,6396,6503,6446,6493,657,694,663,691
S01003536,Partickhill and Hyndland,Hillhead,Glasgow Kelvin,6322,6497,6485,6500,631,688,684,692
S01003293,Shettleston North,Shettleston,Glasgow Shettleston,6390,6420,6465,6501,654,657,671,693
S01003518,Whiteinch,Partick West,Glasgow Kelvin,6423,6359,6433,6502,664,632,656,694
